record_date,record_type,record_fiscal_year,record_calendar_month,gdp_deflator,current_gross_receipts,current_gross_outlays,current_month_deficit,financing_borrowing,financing_reduce_operating_cash,financing_other,individual_income_tax,corp_income_tax,emp_retire_off,emp_retire_on,ui,other_retire,excise,estate_gift,customs,misc,total_receipts,total_receipts_on,total_receipts_off,leg,jud,usda,doc,dod_mil,ed,doe,hhs,dhs,hud,doi,doj,dol,state,dot,debt_interest_gross,treasury_other,va,corps_engineers,civil_defense,epa,eop,gsa,intl,nasa,nsf,opm,sba,ssa,ind_agencies,undistributed_offsets_interest,undistributed_offsets_other,total_outlays,total_outlays_on,total_outlays_off,deficit,deficit_on,deficit_off,receipts_income_tax_withheld,outlays_oasi,outlays_di,outlays_medicaid,outlays_chip,outlays_medicaid_chip,outlays_hosp_insurance_trust,outlays_supp_med_trust,outlays_fema,outlays_ptc,outlays_eitc,outlays_ctc,outlays_refundable_credits,outlays_snap,outlays_medicaidchip
2016-03-31,deseasonalized,2016,3,97.535,50357495155.69971,-19301410373.110596,-69880710830.7127,73674579883.57683,-94096580568.57635,-49150003157.604744,7829852485.317642,30534028300.007748,6322823637.217468,2703838263.021843,278661618.75823003,38871876.76948029,-93646060.8262024,182270696.82450104,1942314030.525751,532621756.54652596,50357495155.69971,44547513315.01878,6322823637.217468,9316503.882034183,18591088.95649314,11322992.042625427,-255445868.80000067,4370262837.228302,-2074662063.5796995,643666412.372941,15238406887.722717,-11422117.68442583,-357551520.81433487,455044921.7389598,-12022349.278033257,-5249417560.997402,-902285534.8225145,1061706362.0934982,7657481916.509308,-39216256089.292175,4747902292.825735,109673120.57160127,603947830.6746216,533499147.0181799,-45081824.74965362,-8366189.02647166,1462197422.2667522,-103959334.00411439,53271316.961904466,380379417.2902527,-10731696554.045172,5834369882.644287,-3355023671.3068695,1215090546.6305356,-1322308672.6642656,-19301410373.110596,-24291741865.892822,5275407142.357986,69880710830.7127,68472384858.599976,1131433806.8140595,0.0,5348795925.62854,59147237.47639656,1334774865.6865501,-113004570.07424378,1107208169.942604,2977796011.0893784,8863374408.80648,-176678996.1300906,582582145.9404683,-2367959146.2831917,-2821310705.6735744,-4620043301.816036,467220966.5692568,
2016-03-31,raw,2016,3,97.535,228000000000.0,336000000000.0,108000000000.0,139000000000.0,-41475845571.0,10820490487.0,77143908928.0,33270732492.0,73213394713.0,20724182134.0,467426079.8,332814672.2,6599505301.0,1600978379.0,2873248638.0,11621635625.0,228000000000.0,155000000000.0,73213394713.0,343813735.6,644448584.5,10916307743.0,694793990.0,51038888006.0,5640485089.0,2485488037.0,96298239114.0,3545413838.0,3577795938.0,1364196853.0,2629951967.0,5047358692.0,1426530853.0,6101428559.0,25134528015.0,15699480965.0,14227882723.0,611359494.9,5283259080.0,626005696.2,33171880.62,112658006.2,3550992978.0,1477987525.0,551737534.1,7757641309.0,-1302878166.0,80412045009.0,-3034649853.0,-823700992.5,-6185326291.0,336000000000.0,263000000000.0,73344575401.0,-108000000000.0,-108000000000.0,-131180687.8,,63347325293.0,11857673665.0,32548452985.0,1426324360.0,33974777344.0,26638457439.0,32804630448.0,808548116.9,2931000845.0,10721627609.0,3513572410.0,17166200863.0,6178511869.0,
2016-03-31,real,2016,3,97.535,303063392628.28723,446619736504.84436,143556343876.55713,184762331470.75406,-55130747679.27273,14382870863.562843,102541643685.64604,44224302913.39346,97317104331.3846,27547109416.56394,621314620.8207392,442385717.865804,8772230114.865904,2128061136.246824,3819195088.144235,15447773335.097656,303063392628.28723,206029937970.98474,97317104331.3846,457005952.38219714,856617431.5485414,14510233594.596584,923537823.6278259,67842186645.05947,7497476083.954415,3303773845.746675,128002066008.85469,4712654149.191039,4755697259.2192335,1813325116.1535652,3495798971.7914796,6709077407.93594,1896181052.6276515,8110173855.130096,33409453212.002766,20868148963.842617,18912063192.762165,812634572.9820617,7022642197.013174,832102675.8552847,44092906.49367427,149747884.0601343,4720070083.824144,1964578568.3718662,733383547.9154006,10311653920.609154,-1731818759.5143895,106885733195.64067,-4033733683.7241807,-1094884286.3962166,-8221692852.032459,446619736504.84436,349586281847.5419,97491473034.68544,-143556343876.55713,-143556343876.55713,-174368703.03500074,,84202874198.35216,15761521094.710512,43264230642.26492,1895906576.8858356,45160137217.82153,35408514411.612175,43604748234.596886,1074742699.1707325,3895960788.9564767,14251459814.388823,4670329714.121699,22817750316.137775,8212634949.181052,
2016-03-31,zscore,2016,3,97.535,-0.891796363007873,-0.9661509661429692,-0.15984330788839962,-0.0370207991256055,-0.2410059277579223,0.15222548406346775,-1.0353263509175528,0.1370524964816141,-0.7561862689672406,-1.1336248745665625,-0.8749832845396696,-1.2153948243488362,-0.3335551486906916,-0.5732273381768661,-0.609585354475167,0.9212924743071903,-0.891796363007873,-0.8616312532678423,-0.7561862689672406,-1.2219795483866231,-0.7140047035886777,-0.9615232396359724,-0.5864027166588959,-0.7528110665811778,-0.15605192474211102,-0.43223798725275464,-0.7001097868518659,-1.0327603802791716,-0.021214747165487317,0.11009430215682296,-0.6951887228322482,-0.28805456936711266,-1.2380770512714867,-1.0146785474716173,-1.1245974731838737,-0.20283092008752782,-0.7164590795507494,-0.24328811412877757,0.008106902703121676,-0.2853156160861623,0.1365059736702283,0.6364683849960233,0.46400249814279476,-1.0659748532281965,-0.8968620214417798,-1.2428646806476806,-0.19452907856612192,-1.2359855528552552,-0.7076506270891868,0.6361963020053579,0.4786537780287775,-0.9661509661429692,-0.9075450025803871,-0.7156377381144194,0.15984330788839962,0.14953987251403567,0.12691152636198338,0.0,-1.264438236343463,-0.36694130482116527,-1.0740611734810022,-0.28836517385274085,-1.0448720180808515,-0.3406305624677029,-0.569309214193946,-0.7766318384330069,-0.9325826305021054,0.6130249773046949,0.028468407854020966,0.1986886924094403,-0.7899142035817199,
2016-04-30,deseasonalized,2016,4,98.154,-56369777571.572754,-29301410373.110474,26664743714.74167,-97428364239.51411,142121746414.15076,-18577351399.422955,-34071213517.864014,-17013583525.901283,-452965440.6007385,-184218105.70541382,-2753331291.5508614,21247764.31493503,-215740055.73528576,666392233.3845034,975679983.1621192,-2984444055.54438,-56369777571.572754,-55725213957.70819,-452965440.6007385,39403368.87294352,21813774.147402287,-209950464.50282478,173814285.59999973,6284839140.501053,-2114360047.0342245,608286944.1911249,15803514025.177261,-178744880.95714378,-9096735768.177969,308759378.57805157,-3169941291.278031,-8711416517.451948,-748962668.0043316,375395676.184412,6253999387.963871,-44227316375.20128,8810810156.82576,106562513.98978347,4980195992.138264,622585638.1818173,-54299467.77419913,98552949.11261915,4699216.2122068405,312395937.1777048,37438791.498268425,52535681.38116455,-10674703305.537004,11439901897.55339,-1054080788.0941396,1949139975.175971,-7965093562.846095,-29301410373.110474,-38291741865.8927,9218776663.267128,-26664743714.74167,-16868997817.76352,-9608319094.18592,0.0,6617158920.355843,437128259.3854923,3489433199.2320366,424654776.49848425,3799525851.215294,717869834.6348267,17537625838.533752,-436570310.4482697,1971130269.3041105,-1841272323.5559177,-1881121549.2190275,-1764619198.270567,335502097.1147146,
2016-04-30,raw,2016,4,98.154,438000000000.0,332000000000.0,-106000000000.0,-83706358848.0,-25256302384.0,2510789396.0,266000000000.0,35667010224.0,84012000000.0,25517055343.0,5425653989.0,305512903.8,5987340116.0,3148284226.0,2797897378.0,9399914104.0,438000000000.0,354000000000.0,84012000000.0,343442688.3,588742290.3,9337263682.0,652002766.5,47001473253.0,4882480948.0,2343814029.0,109000000000.0,3531477543.0,-6688631163.0,956616105.9,-632277962.0,4013896240.0,1215256726.0,5135448370.0,28210717071.0,11007251901.0,20074299815.0,491552203.7,8321274221.0,685853870.1,29824716.31,-38392575.83,1762942091.0,1711293524.0,511878485.9,8105035073.0,66996376.95,85348942436.0,1046713679.0,-3584717873.0,-13951760115.0,332000000000.0,267000000000.0,65384607219.0,106000000000.0,87824479056.0,18627392781.0,,63731486048.0,12164620072.0,30890508773.0,1460319237.0,32350828010.0,30442931589.0,45683381378.0,804639298.6,1453629448.0,5226179574.0,1570679483.0,8250488505.0,5870931952.0,
2016-04-30,real,2016,4,98.154,578529127697.292,438519795423.5181,-140009332273.77386,-110562937824.31493,-33359604080.078896,3316357988.8116226,351344173441.73444,47110512128.906654,110966641726.26689,33704017737.418526,7166435774.985166,403534506.24584633,7908334827.708865,4158388417.83316,3695582487.3992705,12415808463.508202,578529127697.292,467578336084.11273,110966641726.26689,453633787.3886118,777635990.0588238,12333057107.367727,861193131.8709273,62081555528.64313,6448989597.819834,3095809784.6622043,143971860545.67313,4664526535.238278,-8834630027.897976,1263539454.994309,-835139766.7079487,5301725777.156713,1605163044.796911,6783119785.001325,37261921321.46286,14538848951.209793,26514993518.50653,649263168.091878,10991094786.312998,905905116.8875909,39393760.52658333,-50710555.719137065,2328569292.436233,2260349656.789372,676110990.7185789,10705476873.83253,88491679.25973165,112732532459.78418,1382544181.873729,-4734848639.515027,-18428081299.481323,438519795423.5181,352665016199.0342,86362784884.10532,140009332273.77386,116002327074.74149,24603856842.16156,,84179271758.45108,16067550317.404406,40801504782.121544,1928852087.536952,42730356869.65849,40210325700.30252,60340563422.09373,1062801989.7945637,1920015928.1884387,6902961438.665811,2074620619.159871,10897597986.01412,7754577947.398904,
2016-04-30,zscore,2016,4,98.154,0.6611118711009413,-0.9920694401747728,-1.356374111465921,-1.1329191243321068,-0.13089080918531926,0.06694975624951705,0.9662225281970871,0.21315990840049076,-0.1985437215935892,-0.3064988939470294,0.2811067935872997,-1.404163614028419,-0.5249052974648752,0.7975897802124845,-0.6196918739286216,0.4120033784439233,0.6611118711009413,0.7605754238296771,-0.1985437215935892,-1.2253915153407267,-1.2594296893219736,-1.2632931712965352,-0.6406527155880368,-1.0821743093297118,-0.1703587854875615,-0.5706870930890962,-0.40014875335932376,-1.0371739969325673,-2.3228442708233854,-0.4521457645029143,-4.245115295353291,-0.34195170562676847,-1.463823484165757,-1.4219690298542793,-1.0364912562353206,-0.2886850807420274,-0.1834753634318473,-0.5787705689576386,0.748457827067026,-0.2466781328559262,0.10713698867684804,0.0831140912712733,-0.09525221955428391,-0.39045738093252,-1.1885310617229756,-0.9741796010136291,-0.16556041695978524,-1.0087579150489228,-0.19085469409717282,0.5020863112884763,-0.308716238610686,-0.9920694401747728,-0.8799573366508204,-1.045983076199325,1.356374111465921,1.283172137424901,1.0456295621840042,0.0,-1.2454762560744137,-0.11516274939582224,-1.2321795087677436,-0.19564590349077352,-1.2024533538532607,-0.06852036488153208,-0.03785053782391134,-0.7780567027867564,-1.3938232098031924,0.021619779196468705,-0.2936100705726431,-0.4077941204815163,-0.9033200702124058,
2016-05-31,deseasonalized,2016,5,98.154,31401842135.025085,-70588741765.0343,-101537337122.5073,-23089955323.8014,-79231531920.00629,694891366.7724724,16341584786.8031,3190188862.546869,4205489104.853821,1616125760.0800285,3384275395.8300476,16235461.470389426,3657119.49289608,-147199965.7373166,2471614212.0012097,32130821.46562004,31401842135.025085,26650446027.16252,4205489104.853821,5778128.719307005,-42578402.07350683,309687950.175354,346443878.02181756,-3233770517.937134,-123425398.35693169,570511727.4993057,-26761114646.731857,-713832726.7235112,1556831178.5538495,-219099827.9046756,2478481701.9192405,-12070755296.59014,885374424.1893058,342965301.5380478,11153448720.252018,-23472640819.43495,-4650233377.380615,54731182.76887411,-4434355729.543554,584835015.2618173,-51211511.46056278,-105296171.02647185,-3383626703.242339,-158132675.72047687,20622731.04190451,-172645305.28247166,-10608358241.199745,2470944021.2070465,-538779534.0695906,577503977.566896,-1118798064.0533676,-70588741765.0343,-77464117236.33826,7085353936.788895,101537337122.5073,104370923018.00735,-2817582506.8895874,0.0,6549018874.381264,298159150.1682186,1011490283.928379,-35457141.96697068,1024864500.7665176,-4612764771.139725,-18173481532.04898,-436618297.59190583,890218511.0886562,-562417745.3686657,-38176624.268120944,276268547.2339716,269362705.7110777,
2016-05-31,raw,2016,5,98.154,225000000000.0,277000000000.0,52507412845.0,45220639837.0,40674632430.0,-33387859423.0,96956137895.0,4541861918.0,64340000000.0,18519753927.0,17786057400.0,303760130.3,6805262454.0,1492406313.0,2427390775.0,11430800583.0,225000000000.0,160000000000.0,64340000000.0,333593068.8,575614173.7,10171712633.0,828597115.6,39797035886.0,5122218289.0,2209106495.0,65761922883.0,2778885963.0,3324991377.0,775562971.1,5536486067.0,4172760522.0,3159278506.0,6198604212.0,32817872593.0,7173210229.0,7098331657.0,522785879.7,186115753.0,674458486.4,31126651.67,-116077127.4,-439252948.2,1319490641.0,493120001.6,7419690954.0,73512895.8,76970015067.0,1744535085.0,-3503477386.0,-6103826372.0,277000000000.0,202000000000.0,75001327648.0,-52507412845.0,-41846085197.0,-10661327648.0,,63884389099.0,11978195794.0,29930316956.0,1224746860.0,31155063817.0,17294064116.0,16536868619.0,845087571.2,2986138426.0,1251348050.0,407343181.4,4644829658.0,6180677572.0,
2016-05-31,real,2016,5,98.154,297189620392.4445,365873443772.0317,69354035960.86629,59729354609.162155,53724793650.99517,-44100112300.61188,128063812514.36691,5999085419.045867,84983023004.66614,24461682841.45162,23492585097.707684,401219368.0631844,8988681623.889847,1971234069.474479,3206201524.2949853,15098290160.19335,297189620392.4445,211334841167.96054,84983023004.66614,440623988.80987835,760295812.3307272,13435232960.632454,1094446498.8597267,52565626612.02148,6765644928.333985,2917882314.024594,86861159546.11546,3670471397.5905004,4391790778.394584,1024396733.2073131,7312827522.487947,5511560513.430038,4172910132.9428854,8187381478.787946,43347249324.45013,9474682777.563156,9375779958.060007,690517942.8203251,245829644.36943984,890853606.8607942,41113412.41731178,-153319633.01445076,-580184075.2525338,1742839656.489659,651333982.5930028,9800245057.993399,97098975.98556146,101665286930.49985,2304256531.8775597,-4627542730.661572,-8062194855.27143,365873443772.0317,266810236974.5502,99064960411.72655,-69354035960.86629,-55272098553.80588,-14081937407.060415,,84381232645.93347,15821313160.02327,39533242375.0186,1617698019.556615,41150940395.89606,22842739331.896164,21842603143.823727,1116227797.7035596,3944219312.2765856,1652834008.7036698,538036290.8876296,6135089612.660391,8163703206.181225,
2016-05-31,zscore,2016,5,98.154,-0.9139807663522846,-1.3484484581120713,-0.4701170924732958,-0.49849232725432263,0.31671690830360927,-0.30144898301358786,-0.8253508904673881,-0.7753959887424319,-1.21441048404862,-1.5140521804665785,3.163132389584856,-1.4162825701095734,-0.26923972729360174,-0.6694154621604099,-0.669386227956051,0.8775470250775933,-0.9139807663522846,-0.8208722915317237,-1.21441048404862,-1.3159637314557369,-1.387968176975672,-1.1038222552297425,-0.4167693473182012,-1.6698961557440948,-0.16583389100789983,-0.7023283016283406,-1.4212464117588706,-1.2755193197528212,-0.0778909827817026,-0.7019007573557314,2.46767314162603,-0.3336666152132985,0.6133640471961389,-0.9737059488231992,-0.9045360881531358,-0.3588369052105727,-1.3664186294117808,-0.49131053048370904,-1.2340445016238513,-0.2540348977815618,0.11856054500957888,-0.20147322768922996,-0.7840402031155723,-1.5248889613322967,-1.3257964847571075,-1.504245935739902,-0.16542261249412196,-1.3944098151666153,-0.10249420825756717,0.5060323795049921,0.48691633379547233,-1.3484484581120713,-1.3282569080062792,-0.6468811339868099,0.4701170924732958,0.532506356747088,-0.38881190795367704,0.0,-1.2379290389305402,-0.2680807648559366,-1.3237531157450524,-0.8381573887617542,-1.3184853721291194,-1.0089764660518883,-1.2406199038823376,-0.7633122717656255,-0.9153684825543768,-0.40614079827172356,-0.4864593937190188,-0.6530656178163929,-0.7891157007796671,
2016-06-30,deseasonalized,2016,6,98.154,36651905922.18146,-68489297387.20795,-105079750221.56467,-91221361128.00319,10505103690.601715,-24289447944.32747,10382802011.163116,11803072348.096008,6389542501.112961,2228101401.991848,-642135813.0717849,11287636.283116698,380986274.16016865,647471719.0772294,4297991149.783028,946181119.1128922,36651905922.18146,29837561683.968903,6389542501.112961,12819332.779307067,12198731.819220543,-800142506.1400928,10910679.538181186,432225091.4310684,-18121784291.444183,524816082.6002157,3131218310.8490295,-401454991.59987164,965404732.1938524,342248360.1289611,207892707.37651157,-14550622647.852875,290708714.48566985,430576017.9789562,23455844448.740234,-13864222398.112263,3598123827.14756,159938277.82705587,484529475.9928107,470569592.07909,28098402.956709888,131555742.61898264,-810874953.2468864,-40654405.8232038,110651443.18008626,346155519.3475275,-51822234294.541534,5926434939.96434,2031277611.1594954,-10052754332.95224,-1251995368.2979326,-68489297387.20795,-66249317367.05359,-2861884637.0329285,105079750221.56467,95872911525.62009,9198761633.191345,0.0,5959722349.871277,279974678.27822113,1512419315.243824,-44950813.95697069,2188258419.8665276,-932531467.7160759,2190444640.193741,-549842732.6991771,477951987.41320515,157398403.51225615,436699819.75097394,1058694615.3948927,-161425593.29164696,
2016-06-30,raw,2016,6,98.154,330000000000.0,323000000000.0,-6251987440.0,46080327762.0,-65245252453.0,12912937251.0,134000000000.0,61272148427.0,85393525566.0,25095707781.0,279134946.6,306450579.6,6909822081.0,1678465191.0,2780686339.0,12028490379.0,330000000000.0,244000000000.0,85393525566.0,347317701.3,606426046.5,10277937246.0,685582086.9,46272694844.0,12095779004.0,2185437713.0,87030010150.0,3700228472.0,3294319546.0,1488713007.0,2749727370.0,4032432013.0,2327158231.0,7467469922.0,95661619826.0,5249544834.0,13581513379.0,539937498.5,4584918638.0,720432088.8,30788549.7,142391064.0,760876978.4,1594772607.0,669931330.5,7285846280.0,69801161.22,85286374223.0,-4528881824.0,-66775043380.0,-6117146061.0,323000000000.0,289000000000.0,33916184321.0,6251987440.0,-45225353805.0,51477341245.0,,63835524408.0,11885665842.0,29639313281.0,1207830897.0,30847144178.0,24616747341.0,31360123714.0,949544211.1,3325678464.0,629109014.0,229550564.4,4184338042.0,5935572169.0,
2016-06-30,real,2016,6,98.154,435878109908.91864,426632210607.8204,-8257892328.853026,60864867178.436455,-86178719150.73901,17055959643.449537,176992929478.16696,80930873473.99843,112791419764.14243,33147483861.844917,368693372.52586347,404773028.5349716,9126788449.91876,2216988590.9120975,3672849411.190517,15887744398.351915,435878109908.91864,322285632781.13983,112791419764.14243,458752070.24410415,800993451.3574485,13575538971.360474,905546134.0163151,61118953845.43904,15976622091.331825,2886619574.745787,114952958574.35153,4887419977.595533,4351278112.565112,1966355792.9938872,3631957481.2133994,5326208618.674715,3073810094.5068564,9863353561.827456,126353957698.7346,6933823273.109237,17939043579.82185,713172534.2882714,6055956575.81095,951577506.6178128,40666832.879008494,188076205.58860564,1004998846.1157609,2106443847.495996,884873945.7791123,9623457289.73735,92196358.24854942,112649889688.80594,-5981940755.896896,-88199332416.84985,-8079788070.016565,426632210607.8204,381723556859.6287,44797946415.63631,8257892328.853026,-59735581019.65309,67993473348.50612,,84316690072.73843,15699095643.090775,39148872278.54724,1595354692.3453145,40744226970.892555,32514852433.637814,41421792275.66114,1254198593.967343,4392698312.282168,830954084.6938891,303200200.4218106,5526852596.869532,7839957509.853638,
2016-06-30,zscore,2016,6,98.154,-0.13752664929787753,-1.0503860067463306,-0.7986564964020074,-0.4942619560961701,-0.4023773688050231,0.17369856940769318,-0.43274983506339393,1.0263965271913407,-0.127201412525814,-0.37921258784289047,-0.918886371464717,-1.3976803737018386,-0.23655655505109152,-0.5045788233761478,-0.622000311776478,1.014556498557659,-0.13752664929787753,-0.13612173436493158,-0.127201412525814,-1.1897588175614393,-1.0862865533153407,-1.0835217487414188,-0.5980814136540952,-1.141626417849155,-0.034212232691063646,-0.7254583150330245,-0.9189855446022115,-0.9837306742624906,-0.08476729827878232,0.2818589677434377,-0.5648503055231853,-0.3409850279490979,-0.2757565776887489,-0.43870850996297117,0.8953938663375219,-0.39403439357168896,-0.7753847992743496,-0.44328284267206064,-0.16207559072092856,-0.22435472249782532,0.11559394081464996,0.7453916011669379,-0.40867151077001784,-0.7278336835513581,-0.03197756684562142,-1.6077655455285327,-0.16550110434111182,-1.0116377049274807,-0.8968552885962766,-2.567237178543227,0.48556596836556887,-1.0503860067463306,-0.7282251740382036,-2.3519489498753003,0.7986564964020074,0.5129436956114813,2.6544853837579097,0.0,-1.2403409753257484,-0.3439801958863716,-1.3515061705947193,-0.8842948037266631,-1.3483646220590795,-0.48523081799282897,-0.6289186934852146,-0.7252351519603992,-0.8093628808884383,-0.47310447402891803,-0.5159325441757833,-0.6843901199279697,-0.8794869802643368,
2016-07-31,deseasonalized,2016,7,98.492,15356597377.900635,-10057569480.135132,-25435638856.938232,-35557113718.06683,-12633855312.783646,22641005980.793377,6169975252.03952,1844930094.443224,6494125468.490166,2340202834.7527676,-1604397631.5635986,91739122.3994804,-1223951448.229828,404998337.82813835,2534417547.523035,-1835811563.1098366,15356597377.900635,9141615537.219696,6494125468.490166,5055150.522943556,78198893.1974026,-734333158.2228088,141210394.21090865,1260166790.5765305,-9494144316.68873,137273073.520216,702269266.0163269,-112136231.04805279,2465641097.771126,-362458848.9364929,94296375.83378744,-14711946391.209244,-506679208.71160126,-340059067.84558773,13114627074.214718,-6310358433.872257,2614947043.85211,95084551.36069226,-614112875.2580967,610406616.2654551,-40171700.3705628,-33202425.636471957,-192824287.4377923,85599997.07043338,-455405.58173167706,-570918979.0170145,-5340495603.302496,7004496946.516174,3386746682.9167786,-1041552710.445818,-1648706537.1497583,-10057569480.135132,-21219851108.495483,10736472495.118011,25435638856.938232,29476867964.04007,-4273017443.673233,0.0,6442945542.3349,304775391.8436775,5949570343.768375,169436231.20393848,5789402187.666534,-64410363.27064133,-2363700733.6935196,-56309235.61735761,905367808.2350235,-310071326.63865983,-1098440705.1944788,-516499818.9069166,-333516529.02983093,
2016-07-31,raw,2016,7,98.492,210000000000.0,323000000000.0,113000000000.0,66778007289.0,29913760457.0,16123470759.0,99866724536.0,8553722002.0,61394000000.0,18774762581.0,1865062133.0,375693493.0,6077243291.0,1570666288.0,3059154606.0,8460635305.0,210000000000.0,149000000000.0,61394000000.0,351914665.5,694991251.6,8993858393.0,689335414.2,44687673338.0,3979957108.0,1573401360.0,95261258777.0,3362581129.0,3239667783.0,1074827981.0,2477286352.0,2888479945.0,2024384997.0,6690027235.0,32457887143.0,5888051162.0,14629588129.0,589540888.3,4641008983.0,676090872.5,40443486.63,-168350193.7,1275296196.0,1519707566.0,650931163.8,7361554032.0,76036338.0,81433789654.0,4446254488.0,-3817847391.0,-6879211106.0,323000000000.0,255000000000.0,67597685887.0,-113000000000.0,-107000000000.0,-6203685887.0,,64186829865.0,11914217947.0,34402363455.0,1289188359.0,35691551815.0,25233803930.0,32903088459.0,786592746.9,2875405848.0,285927989.6,126719675.1,3288053512.0,5819535278.0,
2016-07-31,real,2016,7,98.492,276425090362.669,425168115176.8671,148743024814.1981,87900555710.00378,39375780654.34981,21223485054.840126,131455563590.89322,11259349415.904762,80813533322.50334,24713406871.383724,2454999850.697701,494529084.52948457,7999535837.479043,2067483669.4761806,4026795659.0329766,11136818470.048632,276425090362.669,196130183162.0842,80813533322.50334,463228777.19421875,914823902.4990212,11838705328.543211,907379067.4305851,58822829240.73374,5238857158.183081,2071083871.9749825,125393343169.0182,4426199011.598241,4264406950.7657266,1414806770.344048,3260876684.313365,3802134903.8446774,2664718122.497888,8806149442.683771,42724639935.64327,7750500354.837468,19257072478.702168,776018539.6229317,6109006321.427303,889945145.3532773,53236164.0299007,-221601035.74331108,1678685077.2308004,2000406196.458961,856827170.349011,9690086850.025097,100087388.5833164,107192107922.29301,5852649041.051537,-5025470524.038358,-9055174055.237743,425168115176.8671,335659038297.5267,88979506807.72043,-148743024814.1981,-140845165089.5504,-8165973485.2170925,,84489763073.9328,15682803679.047657,45284173460.65599,1696971469.6717904,46981144931.64409,33215507293.06725,43310662859.476036,1035399862.5735835,3784925339.8226047,376369858.86855376,166802369.71545503,4328097567.485196,7660312214.713762,
2016-07-31,zscore,2016,7,98.492,-1.024902783074343,-1.0503860067463306,-0.13188698070200894,-0.39241236164978366,0.2436609239525072,0.20664567286756372,-0.7945036914398566,-0.6479765815942261,-1.3665426252743482,-1.4700442808605245,-0.5491021020835445,-0.9189238050831485,-0.4968034283402508,-0.6000819728423652,-0.5846506382925138,0.196690862548172,-1.024902783074343,-0.9105420073511845,-1.3665426252743482,-1.1474874145904552,-0.21913722267230748,-1.3289210997077143,-0.5933230079495768,-1.2709289183302903,-0.1873933664349619,-1.3235629851019726,-0.7245988082080158,-1.0906633946189102,-0.0970196729368074,-0.2890775798325287,-0.8613179458465489,-0.400644418925705,-0.599269818623178,-0.7665050948400374,-0.9148465585366643,-0.382351582669807,-0.6798379427577722,-0.3043842263085778,-0.14840662040928906,-0.25298104289420287,0.20030914196627875,-0.3929688531580458,-0.24777487387422456,-0.9451780594844061,-0.17101150360108414,-1.5492108289993234,-0.1653692494007269,-1.1889583205585328,0.23960655993149202,0.490762585701855,0.40830693535767965,-1.0503860067463306,-0.9627203344395204,-0.9541384602318699,0.13188698070200894,0.15532889475668737,-0.17049488667934481,0.0,-1.2230007159230323,-0.32055979549298075,-0.8972535130269478,-0.6623965301973461,-0.8782833144211158,-0.44109662658174037,-0.5652462142579664,-0.7846351329546227,-0.9499395853440585,-0.5100366841835111,-0.532979091569491,-0.7453590185507811,-0.9222702162874659,
2016-08-31,deseasonalized,2016,8,98.492,63354519170.115906,40714072525.180176,-22839018065.56552,-67262770757.03052,16215149507.247276,28701520067.771576,46813473828.58479,9478906848.478676,5833034559.399231,2102942650.1436691,2327887633.6772985,50421879.90129864,6032722.954717636,360536815.15722966,302151272.7603073,-3520731856.0689354,63354519170.115906,57521537329.43515,5833034559.399231,93729074.6856708,-5132914.746234059,2701471682.051735,-190638108.7254547,513506227.62016296,25890616529.124004,383886332.80385303,12350587597.985428,920982375.0083132,-703907622.4761443,572705546.9444163,516100736.6428757,-8925011189.490168,-542915317.2261457,805949676.3462315,8159302082.054665,-6661116614.700466,-54040420.202438354,-23177370.4402166,-186494935.6762724,272351694.24454635,-50178474.340562835,50987927.126255125,34041346.28493321,30020516.56043291,-10586923.71809566,330480288.02116966,-1140421311.6389022,4036036965.810669,1210182867.1504211,2155013449.7660313,-1182428708.2115765,40714072525.180176,36223565212.17438,4509533136.308899,22839018065.56552,21277055541.221924,1324916391.5903854,0.0,4462684075.477615,-279571400.9763222,3469025348.549286,-122741207.92697048,2929179678.1665306,2608340256.2902718,4024936054.8146515,-120332838.23462844,-5091168.570428848,-5423288.86138317,-1071088576.2453792,-1094958628.1496234,-145905059.45800972,
2016-08-31,raw,2016,8,98.492,231000000000.0,338000000000.0,107000000000.0,106000000000.0,44801829917.0,-43451531636.0,115000000000.0,1137375453.0,62830000000.0,19264925899.0,6730529812.0,358483983.4,7448446835.0,1761594684.0,2953148247.0,13885665579.0,231000000000.0,168000000000.0,62830000000.0,417634029.1,594844078.0,12126047038.0,973459090.9,45810322583.0,7391473747.0,1926803890.0,102000000000.0,4796480032.0,2986843624.0,1337121484.0,3236685699.0,3954542819.0,1916139563.0,8695990037.0,32614780297.0,4577358014.0,14255294528.0,429642573.7,4039505195.0,693609367.3,35195579.92,42259939.06,824535686.4,1682370208.0,744985633.4,7559301366.0,91215407.92,81456840207.0,2221106108.0,-4050690691.0,-6592771686.0,338000000000.0,263000000000.0,75189012041.0,-107000000000.0,-94752563639.0,-12359012041.0,,64287517449.0,11899440839.0,31247361076.0,1155145672.0,32402506749.0,26758350257.0,35681581585.0,1330435723.0,1995461184.0,204337711.7,94096899.04,2293895795.0,6188483017.0,
2016-08-31,real,2016,8,98.492,304067599398.9359,444912764488.4863,140845165089.5504,139528855135.44244,58973094681.99835,-57195683613.7032,151375644722.414,1497138630.3419363,82703754416.60236,25358613726.005703,8859463387.955894,471876035.73768824,9804464711.554338,2318804617.6528444,3887258433.4825363,18277839821.0518,304067599398.9359,221140072290.13522,82703754416.60236,549735829.6785383,782999181.0135645,15961636420.100595,1281373891.2685435,60300583616.89901,9729470468.70367,2536271140.020915,134263615319.01067,6313654410.801607,3931611993.635056,1760066319.2407908,4260481603.9125404,5205404076.595804,2522233580.236953,11446618246.52664,42931159955.98487,6025221917.3439865,18764386085.946957,565542796.4698675,5317240897.849266,913004914.4395056,46328292.18929781,55627178.44467327,1085344531.5255492,2214520651.2850585,980632004.9118344,9950383634.167606,120067749.41311294,107222449594.6546,2923664079.0903625,-5331964477.575701,-8678130995.442837,444912764488.4863,346189517930.39026,98972044989.11064,-140845165089.5504,-124723742695.26248,-16268290572.508284,,84622299143.00708,15663352424.694328,41131212423.94403,1520529746.4983144,42651742171.75866,35222282798.79606,46968021018.650345,1751265785.4857042,2626645419.535231,268971763.91035,123860684.8570426,3019477868.644864,8145961796.105083,
2016-08-31,zscore,2016,8,98.492,-0.8696119596634614,-0.9531917291270675,-0.16543457332567776,-0.19940792142819494,0.3447366148646307,-0.40472429497084766,-0.6341170691690692,-0.8835247963108842,-1.2923872434684605,-1.3854547669332276,0.5853594459026438,-1.0379131046250483,-0.06819362076994968,-0.4309312427970591,-0.5988687857982542,1.4402800059943417,-0.8696119596634614,-0.755657952753934,-1.2923872434684605,-0.5431647396972634,-1.1996865756035937,-0.7303308661007749,-0.2331157529100339,-1.1793457101578717,-0.123003093552587,-0.9782048988198305,-0.5654586858397984,-0.6365484323878116,-0.1537003022271764,0.07274499805031165,-0.034947034003189124,-0.34504710538021177,-0.7149300792976531,0.07927783794871814,-0.9103529263143193,-0.40633345963325096,-0.7139601053132769,-0.752128921708264,-0.29499044727843565,-0.2416712483767468,0.15426249497252856,0.37857416043682623,-0.38876076156800105,-0.4742023570517543,0.5172331515331764,-1.3962669258865106,-0.16504825844409193,-1.1878973864828775,-0.04214918764443068,0.4794527624906933,0.43734649405380205,-0.9531917291270675,-0.9075450025803871,-0.6390920746788785,0.16543457332567776,0.22622957626597753,-0.4719575305980004,0.0,-1.2180308277803817,-0.332680995874402,-1.198146462489586,-1.0279910324512465,-1.1974386624757931,-0.3320553804296957,-0.45058802364046996,-0.5863904433301527,-1.224661424009966,-0.5188172083842382,-0.5383870550910229,-0.8129856471871793,-0.7862378039933722,
2016-09-30,deseasonalized,2016,9,98.492,22603563821.947937,9546912482.382446,-12949352673.459454,-30811969880.999023,33300588152.99948,-15411552378.644188,8020565374.176758,1902298076.7161102,4924295742.723022,1276721705.7287674,-276947572.97397643,-1641517.8920129538,8758647497.601881,-14255070.39340353,90016636.95499754,-1901923438.5535774,22603563821.947937,17529125619.880646,4924295742.723022,-31273892.70980519,71274200.60993516,-1508114742.434349,212589132.9809091,6867729649.687347,-48769756315.65805,1019023895.7720127,28644142716.786835,-2421996247.3705215,-1955787384.5308964,-368783952.5933883,-585130655.6956825,-4288627030.222208,2805557945.787013,-357011381.22493744,8780649404.294788,-3776972046.890278,9550971006.188637,748420196.6571691,4808716263.214445,399440766.7872726,-37899949.60050658,29739400.82590273,-887814020.7571971,-88962267.0582459,-49657563.85337639,537405214.7066908,-2004841204.2551935,14212061883.198135,-3720164409.8492756,181852803.51378262,2153628300.3748713,9546912482.382446,-98931315.66693115,9333784471.494919,12949352673.459454,17321384769.23979,-4442780309.358223,0.0,8581267380.020271,930443876.4833145,1736920590.7815628,78660926.76954556,1712475606.2665482,5967549513.671356,18754600086.56221,-2766407310.707988,-1169937491.7444773,118450886.32348406,-1108758829.314942,-2172265469.661683,-312278340.1876612,
2016-09-30,raw,2016,9,98.492,357000000000.0,323000000000.0,-33359494055.0,68479824862.0,-64365437016.0,-37473881900.0,160000000000.0,66491864754.0,69515047817.0,22966385205.0,486676502.2,317259352.3,22565728493.0,1478998924.0,3145416008.0,9941868611.0,357000000000.0,287000000000.0,69515047817.0,357375689.0,723067439.9,6548318251.0,822555331.5,57595689108.0,6153043702.0,3287972175.0,114000000000.0,4954857947.0,-2976125.52,1137457591.0,2330495737.0,2655171939.0,7020576722.0,9626424494.0,19109444393.0,-34983017962.0,21225445469.0,826449046.6,10139894387.0,691683147.9,31541668.15,-192669463.0,753663258.3,1700882103.0,647020761.7,8093136789.0,123625256.3,85796772283.0,-1768972135.0,475207516.6,-6271095357.0,323000000000.0,248000000000.0,74775647080.0,33359494055.0,38620093317.0,-5260599262.0,,64413502046.0,11883763407.0,30772577119.0,1497314157.0,32269891277.0,32132041787.0,48519708194.0,1688880898.0,3299335117.0,48053175.48,40914816.91,3388303110.0,5959354291.0,
2016-09-30,real,2016,9,98.492,469922653616.53735,425168115176.8671,-43911434088.6014,90140675121.41951,-84724865444.66896,-49327243764.03565,210609592657.27164,87523903442.8896,91503349401.80707,30230881455.218998,640617124.2762985,417611643.46633023,29703493037.033237,1946821005.776144,4140342401.140884,13086580615.092655,469922653616.53735,377780956828.981,91503349401.80707,470417176.7868862,951780868.6317202,8619616496.458046,1082737770.6580126,75813778886.56711,8099312673.003817,4327990502.782459,150059334768.30603,6522128836.82697,-3917503.646650692,1497246749.4089468,3067654736.619238,3495029253.1738005,9241255022.747147,12671358383.920763,25153951871.97821,-46048494768.11773,27939265151.22014,1087863106.6026032,13347243915.211407,910469412.6694897,41518611.75501461,-253612731.99953294,992054448.9457192,2238888042.94296,851679869.1402165,10653076515.317934,162729155.44683626,112935145386.44577,-2328515629.8400884,625520384.3674978,-8254705241.579234,425168115176.8671,326444868618.77106,98427928576.26689,43911434088.6014,50836013261.74493,-6924579173.143523,,84788133922.10246,15642716064.897879,40506249575.294174,1970929529.2858505,42477179105.89633,42295726450.04063,63866974866.175156,2223090737.3401694,4342947656.44501,63252873.21081995,53856580.76913718,4460057111.227917,7844357373.2992115,
2016-09-30,zscore,2016,9,98.492,0.062132980801827165,-1.0503860067463306,-0.9502217612292454,-0.384038020487255,-0.3964042670936931,-0.34338052023430937,-0.15719467260299613,1.1921782708071407,-0.94716978298082,-0.7466786039315523,-0.8704947409019118,-1.3229467919569757,4.6571552968094405,-0.6812935781707252,-0.5730807914525902,0.5362365545013886,0.062132980801827165,0.2144053365656882,-0.94716978298082,-1.0972705508170728,0.05575908523849207,-1.796286450524548,-0.42442902035734914,-0.2179219345178411,-0.1463776969860489,0.35197933618138805,-0.2820702301589847,-0.586390237317022,-0.8239877681792217,-0.20268273328538827,-1.0210540515553646,-0.4128118986106376,4.739161706286734,0.47158101676368264,-1.2971640206454829,-1.130173414646136,-0.07853213430394439,0.35900219800170186,1.1916475606513517,-0.24291479959836987,0.12220201929774295,-0.4820593545420841,-0.41092777038063777,-0.4206027557924529,-0.19962591561357526,-0.983382101793259,-0.16436288916318606,-0.9881459173767699,-0.5473862713138303,0.6992877699814372,0.4699584112164212,-1.0503860067463306,-1.0109987498162623,-0.6562470663411302,0.9502217612292454,0.9983268539458161,-0.12430636956363234,0.0,-1.2118122918903267,-0.345540703926756,-1.2434266645363914,-0.09474417087090396,-1.2103071201205737,0.05229110382633025,0.07919423643854075,-0.4557279992275416,-0.817587367064144,-0.5356361258802784,-0.5472031889365667,-0.7385396354499263,-0.8707184228694576,
2016-10-31,deseasonalized,2017,10,98.943,22903563821.948547,-33053087517.617798,-55759017590.960205,-2182553237.5992126,-51049369066.00081,-2442034860.8644266,20520565374.17723,-1795108435.2838569,6155294739.823036,1412371673.7287788,158051681.08606195,29902826.9479869,-1214804713.698121,-495237532.9934008,-311757083.5449991,-1316354794.9535656,22903563821.948547,16329125619.881226,6155294739.823036,-13291882.949805558,-41024904.25006497,2838674038.465645,206659927.60090888,-10134576303.512665,-8099067756.258112,64222478.83201218,-17163735493.913193,-609547010.2705221,-767704376.2328959,-71424601.92339063,102508414.10431767,-5253261412.122215,-557199412.5129881,322985828.27506065,12623221799.894714,-3035486708.9902477,-3619657400.9113655,-96766973.90283132,-4162985187.01556,490918993.6772727,-42723884.52350643,-325374816.6820976,484689213.8768039,-215021052.95824695,60787099.92662287,39989368.30668926,-2068302262.6322522,3680940481.898117,-3727105098.8092604,-1756140494.3061543,7616754057.974869,-33053087517.617798,-40598931315.667145,7620510099.494942,55759017590.960205,57426820507.94054,-1462927876.3582306,0.0,6665218251.020256,368383986.9833164,3226028806.0815544,18819766.069544077,3141742659.766548,-4684521019.528641,-10917788204.037807,-929188535.9079876,-152653787.54448843,53076749.28433126,-1189259518.894947,-1212709667.1617098,-604321722.88766,
2016-10-31,raw,2017,10,98.943,222000000000.0,266000000000.0,44192200977.0,113000000000.0,-68255634433.0,-208254053.8,122000000000.0,2277224542.0,56370000000.0,19941558930.0,2722637201.0,326332162.5,5707065501.0,1325571973.0,3069258551.0,8376357463.0,222000000000.0,165000000000.0,56370000000.0,371779573.4,569076778.7,21441407982.0,641129666.5,49556265891.0,1444891439.0,2243449043.0,63696849108.0,4422045544.0,2971343959.0,1062287724.0,2285057455.0,-3005336162.0,1862832426.0,6130898177.0,23043294710.0,5783522640.0,7339581210.0,470051990.1,156081614.5,726671763.8,31259783.38,-198695999.6,2191376670.0,1276095438.0,623366779.3,8385602436.0,75208273.83,77890206952.0,440938773.7,1520657153.0,-19567494381.0,266000000000.0,200000000000.0,65974485496.0,-44192200977.0,-34587715481.0,-9604485496.0,,65151455838.0,11976028410.0,30179031043.0,1043497252.0,31222528295.0,15507139339.0,15653441273.0,1679805132.0,2506250730.0,145764852.1,67978934.41,2719994516.0,6127132110.0,
2016-10-31,real,2017,10,98.943,290888814772.14154,348542453735.9894,57905481821.49461,148065027338.97293,-89436038746.5583,-272877364.33052164,159857817127.0327,2983870036.0018597,73862173372.54782,26129623611.96628,3567498686.727166,427596288.1606076,7478024862.220126,1736910180.7258523,4021680099.68311,10975624750.089424,290888814772.14154,216201146114.4295,73862173372.54782,487146484.0667495,745666980.4972581,28094890787.972588,840078598.2137089,64934069592.64006,1893255667.4104686,2939613662.7025456,83462616854.71198,5794250392.624278,3893381632.9453726,1391926202.6187198,2994133580.050433,-3937921955.657823,2440887912.244383,8033377045.928888,30193858948.81558,7578207414.2227335,9617126482.435947,615913812.0787181,204515296.61994278,952165261.7124485,40960006.02451391,-260353350.55680138,2871382712.8631635,1672080583.3151207,816803709.9049735,10987738530.443346,98546151.51111427,102060315237.04549,577766474.1832186,1992532238.3376083,-25639483101.574905,348542453735.9894,262061995290.2176,86447026536.6364,-57905481821.49461,-45320628657.40604,-12584853164.088575,,85368602564.84387,15692309503.88466,39543885455.26998,1367304859.694895,40911190314.964874,20319159382.10883,20510860265.80312,2201065422.9533367,3283965335.006822,190997139.9225473,89073475.94593714,3564035950.2070484,8028442330.766805,
2016-10-31,zscore,2017,10,98.943,-0.9361651696966963,-1.419724261699531,-0.5166096491944892,-0.16496216821249415,-0.4228149708296114,0.039046416935593894,-0.5599291408143467,-0.8473224133469218,-1.6259831811189027,-1.2686854023202607,-0.34914476943970746,-1.2602159323527833,-0.6125133329951497,-0.8172203513170068,-0.5832954424178977,0.17737170596271112,-0.9361651696966963,-0.7801133297956051,-1.6259831811189027,-0.9648195733176453,-1.4519763582021286,1.049920809513712,-0.6544374502861798,-0.8737600543472336,-0.2352411677136032,-0.6687674874051583,-1.4700145840892205,-0.7551316205194094,-0.15717517096386982,-0.3063763236563638,-1.0704995438082512,-0.7080187305841349,-0.7718887622960505,-1.002253142615977,-1.184493224682305,-0.384264150960562,-1.3444253160291433,-0.6389751221666077,-1.2413636890435789,-0.2203264402217871,0.11972868102891071,-0.5041367928351522,0.03875071138708351,-1.650536042701678,-0.3727142018872127,-0.7571801264048368,-0.16538676042818012,-1.352056691276787,-0.2675599434367855,0.750068061120831,-0.8780458540642181,-1.419724261699531,-1.3420507409710625,-1.021502634269274,0.5166096491944892,0.5745252204784015,-0.3370521114172153,0.0,-1.1753872665298524,-0.26985860228985714,-1.3000332238969654,-1.3325063286668053,-1.311938897840884,-1.136783998701596,-1.2770757007624975,-0.4590363483151346,-1.0651911198086053,-0.5251206605167817,-0.5427166988869992,-0.784000688890556,-0.8088581130329693,
2016-11-30,deseasonalized,2017,11,98.943,43503563821.948,16246912482.382324,-27274457929.459717,38686948571.900986,-45940811072.85068,-19966083515.24426,29286869754.776855,8095568677.766114,4529394739.822998,792351617.8287582,-49981820.313967705,3234965.4679868817,19928109.001882553,229977702.4065976,-152278991.64500332,702770117.3464279,43503563821.948,38629125619.8808,4529394739.822998,52059926.150194585,-32049064.33006513,-242090377.63434982,-384941643.07909155,1220281960.9873276,-1949608117.8580494,561739258.6720119,10756327335.086777,-239583122.27052402,-621245760.7328982,-101926281.25338948,-229716095.69568443,-3271923729.2522154,190695800.2870121,887263373.0750599,12902325235.394718,-1623070580.490261,2047952312.0886307,4374305.927168846,-733509769.2355595,-994377542.8727279,-24927674.623506505,18183312.107902534,-1879719855.7271986,-26258098.15824628,51179827.99662334,601114175.1066875,-2122219341.3252015,6518413853.898102,-3841499978.0182705,-1172594190.396185,-626294388.0251293,16246912482.382324,9201068684.332916,6596292094.094925,27274457929.459717,29125146372.74005,-2113794917.858223,0.0,6603126283.820236,240010328.4833145,3912589588.481556,143846733.5695448,3953330409.466545,119785963.47134781,9904820615.56221,-354434618.6079867,-237145572.74448442,193946199.69448677,-1100788446.6659396,-1156007855.0616827,-518850157.88766384,
2016-11-30,raw,2017,11,98.943,200000000000.0,337000000000.0,137000000000.0,157000000000.0,-466987122.5,-19609042558.0,91723600936.0,642825916.2,60422000000.0,21432766304.0,3400721013.0,320686955.6,7230840623.0,1549648433.0,2896726553.0,10255137466.0,200000000000.0,139000000000.0,60422000000.0,429448516.7,570967027.5,14974178854.0,731422334.5,45663433518.0,4717095270.0,2142967343.0,100000000000.0,4103915152.0,3063458947.0,900184676.1,2723415222.0,4232262646.0,2868057865.0,6606977698.0,28653465911.0,5404138976.0,14084603861.0,618423002.2,4864843812.0,801777701.0,30038261.37,17437316.32,2548553971.0,1701641948.0,544100397.0,8363539238.0,96411520.98,81471674444.0,1835734243.0,-2884396672.0,-5674965668.0,337000000000.0,262000000000.0,74538011545.0,-137000000000.0,-123000000000.0,-14116011545.0,,64740832663.0,11622386124.0,30466727705.0,1237893084.0,31704620789.0,23539771065.0,41787219346.0,1615818751.0,2593702699.0,-23252921.56,-2859717.59,2567590060.0,5995361816.0,
2016-11-30,real,2017,11,98.943,262061995290.2176,441574462064.01666,179512466773.79904,205718666302.8208,-611897885.4859363,-25693924092.40136,120186349382.45915,842301211.1181711,79171549397.12764,28083567511.075912,4455998670.46075,420199317.2404071,9474642606.4447,2030519801.7516954,3795609701.446671,13437408931.57713,262061995290.2176,182133086726.70123,79171549397.12764,562710675.8041316,748143792.3578727,19620815941.55912,958389981.8944948,59833252497.6464,6180856992.151238,2807951488.7417803,131030997645.1088,5377400966.174383,4014080820.7024446,1179520961.7422214,3568518135.4053545,5545575968.0150795,3758044833.5485077,8657188791.879244,37544922243.08446,7081097214.380966,18455196953.429813,810325829.4494932,6374453380.739941,1050577320.5163174,39359433.548356324,22848289.53662937,3339395693.7253366,2229678420.812063,712940178.3800976,10958828901.99153,126328977.78491737,106753147822.14835,2405380892.7157855,-3779453735.3639164,-7435964130.797812,441574462064.01666,343301213830.18506,97667900152.23987,-179512466773.79904,-161168127103.48383,-18496350755.112236,,84830558922.07936,15228928488.443892,39920857261.68026,1622023657.7450047,41542880919.42526,30844396869.84415,54754210397.21371,2117223429.5720363,3398554522.447813,-30468535.101702593,-3747116.488009662,3364338871.0546474,7855782399.938712,
2016-11-30,zscore,2017,11,98.943,-1.0988507942223817,-0.9596713476350184,0.0023033897926663547,0.0515539948576251,0.03740483008654098,-0.1600481523807482,-0.8808067586142065,-0.8992320262404102,-1.4167369366359936,-1.0113415695623371,-0.19103869171441024,-1.2992477949922683,-0.1362128124206257,-0.6187024902285606,-0.6064363692468635,0.6080477200399299,-1.0988507942223817,-0.9920599308234217,-1.4167369366359936,-0.43452457098868486,-1.4334687741027299,-0.1860265210210754,-0.5399659128619396,-1.1913285907219135,-0.17348033817633224,-0.7669619389796173,-0.6126900951199341,-0.8558833336599868,-0.13652391869602468,-0.5299904887157383,-0.5934829265824676,-0.33056346030064476,0.3021947534239164,-0.8015216369716138,-1.0238103303752293,-0.3912057698786679,-0.7295209769672958,-0.22350899430250773,-0.09385905732491322,-0.1718386719248806,0.1090106946206565,0.28763968875130447,0.15046626271219493,-0.4184026898878616,-0.9527468593655545,-0.7742444860046016,-0.16493837652703752,-1.1872146198906988,-0.09094626513092287,0.5361027892130651,0.5303947264911019,-0.9596713476350184,-0.9144419190627787,-0.6661091398263081,-0.0023033897926663547,0.06270453887426021,-0.5580081642423936,0.0,-1.1956554184454855,-0.5599403295094105,-1.2725955592676368,-0.8023017421213801,-1.2651586334694265,-0.5622601828152916,-0.1986308128447207,-0.48236102252993157,-1.0378883055504646,-0.5433098944570502,-0.5544598088303688,-0.794367856365296,-0.8574423136303387,
2016-12-31,deseasonalized,2017,12,98.943,18103563821.947998,25946912482.38257,7285664728.640427,-53651584163.19908,43913563584.399475,17108241924.655743,7020565374.176971,11042630522.11612,1788146867.2230682,-1224093891.871235,-100014589.29396182,84292134.347987,298785114.60188293,799321410.2065978,228074133.2549963,-1158348564.8535728,18103563821.947998,16529125619.880768,1788146867.2230682,23757145.29019481,88276649.67993522,-1383274531.3343449,-47502875.48909044,-1001184346.7126465,-1164529703.1580486,38131989.07201362,18548614602.78688,-260837493.87052345,872201355.967104,9677301.626611233,-263299739.49568176,-4132331457.3522034,-557862116.1129866,382143894.27506256,18074932162.39476,-6272174915.670256,2739412719.1886444,-29177665.522830963,485945643.8544426,75056880.71727276,67025527.675493546,-2026339.7450974882,2446317878.8628054,59620071.041754246,35196791.986623526,-343971250.79330635,-1923128094.7022183,5490987612.298111,2680083248.0107327,-7896686097.996185,-1059308677.7251272,25946912482.38257,27401068684.333008,-1373365685.70504,-7285664728.640427,-10402308112.860077,3172151171.941765,0.0,4720516550.320267,-233288457.11668205,4911537232.381569,149074233.86954522,4957505554.966553,2040667936.971367,10731818389.862232,-269151537.1079869,-584875940.944479,359414714.22949535,-1038322347.1399391,-1275803608.9616776,-733308928.7876596,
2016-12-31,raw,2017,12,98.943,319000000000.0,347000000000.0,27515798559.0,-10115138803.0,22844472294.0,14787210903.0,140000000000.0,72810751026.0,64217649340.0,22203770865.0,374657012.2,398832364.2,6438283218.0,1931006560.0,2846293876.0,8445580569.0,319000000000.0,255000000000.0,64217649340.0,370648851.5,721456810.1,12903776483.0,836878712.1,54172108199.0,5320205940.0,2084940562.0,93940166036.0,4589859585.0,4922817364.0,1181709191.0,2363585887.0,4600804819.0,1871993317.0,6612214484.0,87429396244.0,630878394.4,22276885546.0,638946412.8,9642169456.0,877812646.3,42044172.62,40389922.84,665398326.0,2212305837.0,533843804.3,6917479369.0,93613523.4,86046408105.0,494791814.2,-62195002365.0,-6122758127.0,347000000000.0,314000000000.0,33060101555.0,-27515798559.0,-58673346343.0,31157547784.0,,64865341768.0,11778890541.0,35765641312.0,1580785597.0,37346426910.0,23116433668.0,30857072299.0,1450611779.0,3935425963.0,27100595.81,16208221.82,3978734781.0,5907718571.0,
2016-12-31,real,2017,12,98.943,417988882487.89703,454677561828.5275,36054225361.87617,-13253967286.758415,29933339953.58867,19375829970.0872,183443396703.1523,95404653462.26408,84145026594.43962,29093822479.243504,490916820.83301693,522594025.74283373,8436146731.763015,2530217160.160496,3729527261.6344357,11066328476.482157,417988882487.89703,334129043995.0274,84145026594.43962,485664887.8805878,945332055.8526081,16907947059.569832,1096570525.5441678,70982253818.53748,6971118919.956338,2731918418.696138,123090736746.44244,6014138804.73515,6450416704.295847,1548405342.231244,3097030167.935094,6028480454.039942,2452891519.114864,8664050604.819582,114559610133.60847,826646254.1097641,29189625375.182842,837217859.109475,12634230832.82876,1150206667.9018202,55090898.83561767,52923318.84534166,871878064.8716533,2898806409.1820745,699500862.6408923,9064042229.095276,122662733.64175738,112747466977.76324,648330650.412593,-81494732084.25851,-8022711057.205077,454677561828.5275,411437332605.6416,43318980890.002625,-36054225361.87617,-76880271065.00285,40826045703.126686,,84993704444.51985,15433997787.397652,46864076625.284775,2071319138.379289,48935395764.97437,30289693655.150215,40432329677.45221,1900751085.9811609,5156627900.90353,35510181.05761155,21237794.75127821,5213375877.197234,7740942581.646665,
2016-12-31,zscore,2017,12,98.943,-0.21886946156072018,-0.8948751625555096,-0.6098518416523941,-0.7707898379731922,0.195667247723909,0.19293272091886107,-0.3691601821879175,1.3928704000830967,-1.2207287012537054,-0.8782861191528084,-0.8966138752614976,-0.7589379518965922,-0.383949830263009,-0.28084281643357106,-0.613200673270317,0.19323983918028872,-0.21886946156072018,-0.04645201854547071,-1.2207287012537054,-0.9752171311413534,0.03998927415515861,-0.5816995724816304,-0.4062700775028248,-0.4972099886278008,-0.16209699618244552,-0.8236678658989095,-0.7557973441816094,-0.7019850097429291,0.28032550569741044,-0.14163955911480922,-0.9850456752819865,-0.31134324801603763,-0.7621003490400193,-0.7993136278215682,0.659611843945239,-0.47854257190365884,0.01732151942914862,-0.16603966918393234,1.0703541846665574,-0.1227511437264527,0.21435402248767266,0.37172359759380186,-0.4385346915006563,1.0601807197481674,-1.0277995935491095,-1.8926719056109909,-0.16499754562795083,-0.9766560780629782,-0.2607408909090103,-2.344772309768736,0.48499701064315237,-0.8948751625555096,-0.5558022619784118,-2.387477100779526,0.6098518416523941,0.43509296768998534,1.6593051922658069,0.0,-1.1895097120931357,-0.4315646419909523,-0.7672375428140028,0.13291986841544898,-0.7177010705377654,-0.5925388542430592,-0.6496777749066279,-0.5425831938684399,-0.618997553498694,-0.5378909856208662,-0.5512988662861044,-0.6983760852736267,-0.8897567060994366,
2017-01-31,deseasonalized,2017,1,99.52,11603563821.948242,-15853087517.61731,-27806316130.959587,-72205373900.50897,78080063230.20944,-33680167279.8443,-1779434625.823059,2143521732.8161383,1953494739.8230743,1026508674.0287857,1077439406.7860413,58150391.01798719,-833086734.6981115,736758015.6065991,56371509.15500116,7048866035.846437,11603563821.948242,10229125619.88089,1953494739.8230743,23780649.000194967,9776997.989935517,-40993410.83434105,279756611.9309095,261965337.68738556,-2721556966.5580406,83900638.2720139,-14243407590.913101,317379371.9294834,-1836080366.0328932,211428754.88661146,-2372155529.4906807,-7794008820.152206,259052162.28701472,239318848.27506828,14080307638.894772,-14785396325.490253,1490086571.2886486,287709616.4951694,-1618842093.8335528,617265145.6972734,-39960960.18650645,48098578.27790263,1210758836.2528067,29226075.2917552,65402191.93662387,-113848365.99330425,-2151533230.7082224,5739690783.298172,2389061191.260733,-2692327920.06619,6561082600.674862,-15853087517.61731,-24698931315.66678,9001604750.79499,27806316130.959587,34972244438.93993,-7152588879.958244,0.0,5861798513.620308,815543624.0833225,2900650131.281578,-3261526.130453825,2794282693.0665665,-4101399432.128628,-9562591165.437775,-264233145.10798502,125591746.95552158,234284787.9864888,447377924.2120627,795234423.7383246,-656715945.8876572,
2017-01-31,raw,2017,1,99.52,344000000000.0,293000000000.0,-51257177643.0,-59633663275.0,26462213054.0,-18085727422.0,197000000000.0,9146102410.0,80456000000.0,24239431831.0,4688932094.0,369930138.7,5116441539.0,2426731546.0,2967107186.0,17428031406.0,344000000000.0,264000000000.0,80456000000.0,430500708.9,631172216.3,11518360265.0,957269337.5,37625852782.0,8343962889.0,1942599684.0,86476987108.0,4685412757.0,1306875847.0,1391269772.0,47806266.45,5131308314.0,2396514942.0,4838588061.0,23338913013.0,5963511831.0,7349769304.0,551325037.7,1260294337.0,843860677.5,33558790.36,-186569105.0,2026789903.0,1214630862.0,529276284.6,8003627285.0,84083677.7,78568651954.0,3638405864.0,-1498766260.0,-6637217953.0,293000000000.0,226000000000.0,67221822125.0,51257177643.0,38022999768.0,13234177875.0,,65335608926.0,12019461547.0,29475669085.0,1104574962.0,30580244047.0,24771674692.0,31402486786.0,1117681014.0,2885152141.0,45900460.72,6894001.57,2937946603.0,5983948978.0,
2017-01-31,real,2017,1,99.52,448133279742.76526,381694915594.8553,-66773392812.54399,-77685549728.20187,34472669549.82801,-23560512634.170135,256634465434.0836,11914746714.699156,104811078938.90675,31577023504.439568,6108332900.509686,481912809.1026949,6665255021.756371,3161334787.105265,3865289170.3793807,22703723469.27528,448133279742.76526,343916237942.1222,104811078938.90675,560818879.6829722,822236265.6192704,15005117915.154642,1247047232.0088925,49015688402.08171,10869789114.824095,2530649905.866801,112654697252.85136,6103748214.369192,1702484184.688123,1812425249.8061898,62277845.861904144,6684622163.151567,3121971223.578497,6303291677.61662,30403905913.217422,7768744522.124457,9574640184.750643,718218306.2465254,1641801845.0030346,1099308293.761706,43717473.22158923,-243046002.6811696,2640325600.525904,1582315441.4675643,689495108.4530909,10426429491.470156,109536901.92015876,102352406061.37746,4739798700.202412,-1952462324.5976686,-8646390260.597246,381694915594.8553,294413143086.8167,87570743078.95648,66773392812.54399,49533056952.59373,17240335859.95026,,85113548581.39264,15657909080.811516,38398337964.1671,1438944187.3337219,39837282151.500824,32270383210.601204,40908428475.258804,1456017611.9477894,3758525265.9976487,59795127.9190627,8980905.622429863,3827301299.1613545,7795368259.6642685,
2017-01-31,zscore,2017,1,99.52,-0.03399943369062324,-1.2447745619848571,-1.05029246088217,-1.0144616770543569,0.22022823246678583,-0.14441560368978504,0.23494152012910838,-0.6291621766017383,-0.3821764080154116,-0.5269836750259882,0.10932830967210148,-0.9587725577267914,-0.7971301419342234,0.1583388089313599,-0.5969965372313014,2.252302697496084,-0.03399943369062324,0.026914112579542734,-0.3821764080154116,-0.4248491333402633,-0.8439947350575994,-0.8464654316195505,-0.25364085204895087,-1.847016405082587,-0.10502544834055696,-0.9627686618830238,-0.9320455734212353,-0.6717233748375276,-0.530332152460691,0.14744022659397277,-3.505054316614375,-0.2836764284804996,-0.20164892272951773,-1.5471355496542791,-1.1760263164839029,-0.3809708716450346,-1.3434965269751227,-0.41139563808700363,-0.9722719064634016,-0.14467025235849565,0.13990083131552047,-0.459711481086769,-0.012727647861234608,-1.8285014409049427,-1.0612224711020275,-1.052611520114782,-0.16519907275075535,-1.3208303072034902,0.13731405888789847,0.6034065724687101,0.4328404802538508,-1.2447745619848571,-1.162730912428879,-0.9697371207657813,1.05029246088217,0.9948702661097113,0.7814920032460895,0.0,-1.1662975633894561,-0.23423175590213896,-1.3671129368921473,-1.165920030779043,-1.3742635083606707,-0.4741498353313718,-0.6271705253364197,-0.6639449822419395,-0.9468967581724438,-0.5358677951984121,-0.5528429091122229,-0.7691747064573512,-0.86165026971775,
2017-02-28,deseasonalized,2017,2,99.52,29703563821.94821,12746912482.382568,-17074457929.459625,-83034936931.19894,69837322159.49937,-4329400495.544273,12678692516.776978,10003318906.776127,5150594739.823059,2008117027.0287933,156203845.68603897,29738469.847987294,-73444924.29811382,-740748581.4934006,105085033.85500336,214716720.64643478,29703563821.94821,24172307096.98105,5150594739.823059,5145009.560195029,-5486897.3900642395,130052538.16565704,178417864.38090968,2359966416.6873856,-174824658.35804367,429005235.372015,5998451350.986908,-60018400.07051754,-679170742.4328923,-26421200.15338826,1628052427.534319,-5124952961.05221,22336607.487015247,74003084.57506943,13183658897.894753,-1437261523.8902512,2105275497.288643,96416027.30716926,-383132753.1455536,383652428.4572729,15582839.025493558,254058452.93990254,11099757.612805367,29289816.841754913,7806157.4666237235,839577567.1066952,-10893382397.504215,3951341991.09816,-155045524.69926643,161397748.10382223,-437630713.5251417,12746912482.382568,9001068684.333313,3748069332.7950134,17074457929.459625,15125146372.73999,1496777666.4417648,0.0,3792152266.220314,108644122.48332405,2227848153.381584,318920333.66954637,2443662574.6665726,327868866.3713875,3508963052.36224,-320972744.1879854,-469275832.34447765,4761222294.681488,-3427082117.078932,852844309.6383362,115634614.21234322,
2017-02-28,raw,2017,2,99.52,172000000000.0,364000000000.0,192000000000.0,34804523333.0,183000000000.0,-26200892307.0,61250807488.0,2477733020.0,67447000000.0,18956750191.0,2832972385.0,322582291.8,5361815125.0,1081643657.0,2489856577.0,9491491757.0,172000000000.0,104000000000.0,67447000000.0,319770797.9,582446951.4,9830595295.0,690104244.3,43502468127.0,8010617842.0,2220948628.0,89273222335.0,3479310556.0,3089857691.0,877357240.2,4142431185.0,4711503149.0,1813642096.0,4991155546.0,25711352044.0,53964621293.0,14270175525.0,519636311.3,4596384997.0,573221612.1,31653211.65,40290974.42,2284286896.0,1400071775.0,540237150.7,8078978225.0,73186783.27,82500509595.0,713411783.7,-2999744510.0,-6078659997.0,364000000000.0,288000000000.0,75906513051.0,-192000000000.0,-184000000000.0,-8459513051.0,,65598043996.0,11819713854.0,30989539719.0,1490509799.0,32480049518.0,23501683922.0,30515536604.0,958955829.8,2921025311.0,36892071453.0,12239409237.0,52052506001.0,5630430118.0,
2017-02-28,real,2017,2,99.52,224066639871.38263,474187540192.926,250120900321.5434,45340305788.083984,238396483118.97107,-34132243609.659584,79792224553.75047,3227775071.4521704,87864085229.09967,24695205338.247448,3690550018.3451567,420232152.3583481,6984906387.618067,1409071277.687118,3243568587.0351887,12364689914.871603,224066639871.38263,135482154340.83601,87864085229.09967,416569582.6421161,758761228.5088866,12806444509.802753,899007785.9376788,56671231740.28378,10435536181.10864,2893258700.0169616,116297389297.05998,4532543170.650884,4025197851.762319,1142944702.2002532,5396399049.542906,6137736507.789931,2362655176.627974,6502043327.13742,33494513134.007477,70300414913.10568,18589943489.892986,676936989.698551,5987770592.052472,746743258.8657215,41235051.02065816,52487577.06647227,2975770286.5636654,1823891733.7384446,703773971.4595277,10524590142.266378,95341375.64130245,107474488212.95589,929370821.0366781,-3907806237.3739953,-7918749537.490575,474187540192.926,375181350482.3151,98884403044.71408,-250120900321.5434,-239699196141.4791,-11020317815.614408,,85455426164.64445,15397695159.924477,40370476953.471405,1941706525.333139,42312183478.80454,30615949696.057194,39752986922.851524,1249244247.490462,3805257711.7152934,48059781909.120155,15944437800.845076,67809477421.68053,7334834637.040072,
2017-02-28,zscore,2017,2,99.52,-1.3059052254368901,-0.7847216479203446,0.3098229888429639,-0.5497481813347186,1.2829694436044274,-0.22769496408075085,-1.203765818198275,-0.8409541275991607,-1.0539642645006444,-1.4386379252533705,-0.323418357942158,-1.2861431376210666,-0.72043144469231,-1.0333257269161509,-0.6610079759787297,0.43299588342567163,-1.3059052254368901,-1.2773726629762518,-1.0539642645006444,-1.4430664796537784,-1.3210678790279897,-1.1690129350333842,-0.5923482979812655,-1.3676153019443,-0.11131713054868178,-0.6907557291558725,-0.8660105081962504,-1.0536952518701723,-0.13060558625377042,-0.5614799522721166,0.950676309130693,-0.3055701084460609,-0.8244486364655554,-1.482807848869973,-1.1080764524939761,0.4973099853069162,-0.7126034916889313,-0.5001299013909397,-0.1592812894779321,-0.31939258170327234,0.12318073413639666,0.37136111283983114,0.06781055671395858,-1.2915732121114667,-0.9810162082731599,-0.9943327730201721,-0.1654295087778552,-1.139861037096917,-0.2330584974582428,0.5305000355346483,0.4894677299126029,-0.7847216479203446,-0.7351220905205953,-0.6093151825726141,-0.3098229888429639,-0.2904258179274933,-0.2809760543817318,0.0,-1.1533439012715063,-0.39807855275708603,-1.2227349157530596,-0.11330270570665629,-1.1899142324565304,-0.5649843175047657,-0.6637716966995405,-0.7218043759643105,-0.935697027525319,3.4294170944837314,1.4749733640375946,2.5717962604751157,-0.9919939965761981,
2017-03-31,deseasonalized,2017,3,99.52,18467814306.378357,5977053519.693848,-12686386846.388184,-120640211358.15659,45243458302.3571,62505412513.11621,3131436573.9452057,8020553355.315315,2665937853.7013397,1388021510.526596,116937876.0502286,4701958.201039255,838841235.4845028,407182389.1341486,548488783.6024199,980238006.6917858,18467814306.378357,15474374288.378937,2665937853.7013397,19608038.52199143,30150672.414286494,-1494233399.8386097,754930872.3109096,5441836543.764526,-1449996644.10011,150356336.9347186,31878923881.01468,7491235.197918892,-709484559.4514642,-972898739.0702851,964520310.0321231,-4991728656.652445,-391908996.1307354,932351336.3657169,9158373237.84385,-40132007531.56097,8905618466.606058,114427759.570009,4274033829.506977,351477293.08545315,-41630181.121540956,-64837751.69645007,86281492.80613184,-55315020.257834435,53716475.280433536,298978840.5776682,-9003486642.334658,6254282268.733734,-2762168125.5425863,-515126323.55922365,-724648981.8586941,5977053519.693848,4530242870.922546,1568659333.1592102,12686386846.388184,11577907886.879822,1178296336.160347,0.0,1663973769.5574646,61326596.03568077,-487391493.48708344,-327536930.4230294,-906578122.6276703,10005288716.962452,22778975780.88159,-197549483.69497943,729393639.8614678,671274978.4098206,-2072818334.8115835,-682834191.3800888,-303293399.5445852,
2017-03-31,raw,2017,3,99.52,217000000000.0,393000000000.0,176000000000.0,-43261872055.0,97081389588.0,122000000000.0,84072285322.0,12879258749.0,74397152205.0,20919132106.0,387561307.0,342447871.1,7633123260.0,1975813175.0,2667178598.0,11309601835.0,217000000000.0,142000000000.0,74397152205.0,381077421.4,678463187.7,10359377746.0,1798851182.0,55099528192.0,6743677116.0,2230880970.0,121000000000.0,4094628989.0,3384822015.0,-17151194.47,3741544574.0,5102360939.0,1969408778.0,6448225633.0,34785052637.0,15918966248.0,20558648088.0,670010651.3,9037375421.0,591195128.1,28360295.04,54663081.55,2263103531.0,1584054084.0,577120354.9,8044180081.0,82810958.87,87486189388.0,-2104879386.0,-3152416643.0,-6227477470.0,393000000000.0,317000000000.0,76183641616.0,-176000000000.0,-174000000000.0,-1786489411.0,,66068949373.0,12001727685.0,33962915230.0,1275477899.0,35238393130.0,35123183399.0,50214773263.0,1047425827.0,3779798822.0,13859459378.0,4406479350.0,22045737551.0,5861549095.0,
2017-03-31,real,2017,3,99.52,282688725884.2444,511966217845.6592,229277491961.4148,-56357804104.1251,126469190459.4639,158930988745.9807,109522060920.98082,16777978092.57289,96918139014.96614,27251625814.05221,504881161.6491358,446111301.2121242,9943769073.211012,2573917553.115454,3474568292.9693327,14733165589.83531,282688725884.2444,184985249196.14148,96918139014.96614,496434519.4415635,883842829.9091058,13495296294.794172,2343386860.345378,71778872909.7672,8785075998.602652,2906197691.2843647,157628275723.47266,5334126506.309224,4409451717.8124,-22343084.387636855,4874158840.844091,6646912040.771644,2565574461.742243,8400187504.17924,45314941058.84749,20737844636.13553,26782018589.397587,872831600.6676024,11773106650.230768,770157592.2191781,36945325.67077813,71210308.18560389,2948174441.1176248,2063567883.5838423,751822201.8826909,10479258146.918468,107878914.52632657,113969398205.35217,-2742053786.9509244,-4106694213.2071743,-8112615997.544413,511966217845.6592,412960028135.0482,99245422035.24855,-229277491961.4148,-226672065916.3987,-2327283020.2824154,,86068880731.63141,15634806947.844755,44243931952.457596,1661581668.9484928,45905513622.7088,45755428405.81545,65415439051.99857,1364495264.9441519,4923993147.879944,18054898216.64176,5740378032.657757,28719269398.482174,7635916338.126708,
2017-03-31,zscore,2017,3,99.52,-0.9731391752707157,-0.596812711189769,0.2203627418465137,-0.9338990084739144,0.6996646079482894,1.2931706862907342,-0.9618975092700353,-0.5105945901088724,-0.6950567503148449,-1.099981550462044,-0.8936050326958253,-1.148789347719868,-0.010467598015430634,-0.24114693150030544,-0.6372245852993651,0.8497644248708413,-0.9731391752707157,-0.9676045537817506,-0.6950567503148449,-0.8793211742718227,-0.38096487870864243,-1.067957715585917,0.8133025636472481,-0.42155314508520164,-0.1352298555051829,-0.6810494754246958,-0.11676029767851002,-0.858824256169373,-0.06447755652490146,-1.7954157687084227,0.5144354358845059,-0.2851860920504871,-0.6580119159613163,-0.8684569694653672,-0.8481933899059418,-0.19881497702699943,-0.13932015890623212,-0.07905408687932869,0.9229685390786819,-0.3077890292841336,0.09428773410810032,0.42401147064300787,0.06118496406495632,-0.7588682458632473,-0.7111229404376944,-1.0212467336627045,-0.16522598686584422,-0.9103881223820224,-0.589919973547961,0.5230843408013192,0.4743804428967581,-0.596812711189769,-0.5351115125312368,-0.5978141153064247,-0.2203627418465137,-0.23253559550097633,0.045841290323685877,0.0,-1.1301002504012785,-0.24877828928596965,-0.9391637421400811,-0.6997911013713186,-0.922255961476106,0.2662287212102038,0.14914333653592274,-0.6895547967534782,-0.667584897761331,0.9507099134840123,0.17648794336999366,0.530614512502487,-0.9067795647071546,
2017-04-30,deseasonalized,2017,4,99.72,-59259458420.89404,-120022946480.30603,-60140932300.93381,-102019350696.24751,-11839147489.915802,53584007622.298004,-62698005823.23645,4918276819.4062805,948391283.8831482,57302146.799339294,-3152169114.4588623,-5408417.153506041,-1946580468.4245806,1566618143.694151,-687757.7612118721,420248132.60087967,-59259458420.89404,-60798352984.34802,948391283.8831482,14456252.01290083,-17433813.39480436,-1646616339.38406,109572872.01091003,-5894738885.962723,-2414396165.554635,-5992175.247097254,-39077609418.53078,-1307823814.0747986,689963488.1849022,-261812520.06119323,-1420131932.9678745,-8664312286.10699,562477121.6874475,-30352367.543369293,4320868770.298412,-43038651144.47008,-6305688377.393917,89256776.98819113,-4237126126.329382,359922693.8490905,-26353215.11608646,-131069511.37735927,65470250.75158644,-128285185.07601523,48528321.51679754,-138937930.33141994,-10333828081.786491,-1702935069.3571777,-1413547650.3298569,1280151721.4862118,712452920.9594774,-120022946480.30603,-124469757129.0774,4545585032.068352,60140932300.93381,63412046154.51633,-3536770234.639633,0.0,2566896342.284775,194914986.94477654,-1773795099.9415932,-62603190.850301266,-1928047991.3549805,-15627859443.4921,-16325962809.391129,-785798683.2131586,1656393387.22511,-1191487165.8629055,-1870400777.357036,-1416179031.8346214,-439481335.9991274,
2017-04-30,raw,2017,4,99.72,456000000000.0,273000000000.0,-182000000000.0,-76244426118.0,-180000000000.0,74196242260.0,249000000000.0,59720871771.0,90254000000.0,27269342320.0,5108675136.0,322659839.8,4357630366.0,4198433240.0,3009284844.0,12044956252.0,456000000000.0,365000000000.0,90254000000.0,345467722.6,571949722.5,8849224202.0,681441803.8,37810961706.0,5060971437.0,1968237918.0,62180120449.0,2932700408.0,3257027209.0,432639820.6,1252581344.0,3858313814.0,2559197902.0,5205852426.0,34427219754.0,13331153857.0,7130850472.0,528142984.1,-812017555.3,570402211.6,49507739.76,-269538398.3,1911739608.0,1328034647.0,547905678.4,8281500810.0,65350813.86,78860337462.0,1024161738.0,-4852204907.0,-5914024501.0,273000000000.0,206000000000.0,67257229612.0,182000000000.0,159000000000.0,22996770388.0,,66087669706.0,12064281461.0,28863909078.0,1036747169.0,29900656246.0,15554435565.0,15314334173.0,715159123.5,1840879049.0,5974562376.0,1725814824.0,9541256249.0,5549500111.0,
2017-04-30,real,2017,4,99.72,592845728038.5078,354927376654.63293,-236618251103.08862,-99125399804.39458,-234018050541.5162,96462555395.507,323724969915.7641,77643122158.27382,117339250742.0778,35452879607.087036,6641789978.759085,419490148.3224107,5665356462.399076,5458384234.18612,3912372070.6500597,15659651005.28271,592845728038.5078,474536602486.96344,117339250742.0778,449142683.1548295,743591994.8178399,11504878869.760248,885942680.4598354,49158041930.7669,6579770386.294644,2558906669.845848,80840392055.06471,3812804623.902607,4234461988.9491973,562475152.2413517,1628481357.0419574,5016194872.942678,3327213910.977657,6768130200.774127,44758838068.863655,17331836872.68975,9270820700.891615,686638841.9236722,-1055704251.6488546,741580075.4622302,64365026.363066174,-350426947.31249297,2485453201.1509023,1726578217.4585037,712332326.332194,10766781528.412153,84962611.44899277,102526346877.24078,1331512963.1442838,-6308352962.022883,-7688824914.326573,354927376654.63293,267820657841.95746,87441143103.46321,236618251103.08862,206715944645.00598,29898107638.614597,,85920597941.27632,15684775714.929861,37525976296.89518,1347875285.5211992,38873851581.11628,20222326045.527374,19910170158.371017,929778577.2691636,2393327368.498335,7767530222.612273,2243732337.2673883,12404589928.377996,7214906652.534155,
2017-04-30,zscore,2017,4,99.72,0.794218291167411,-1.3743669321438747,-1.7813102846990594,-1.0962002824278583,-1.1814518770830984,0.8025994625032239,0.7860518450499039,0.9771269246399743,0.12379464416710127,-0.004099472769693089,0.20719810813752287,-1.2856069583565002,-1.0343187870955173,1.7279567455037996,-0.5913394411047316,1.01833099931912,0.794218291167411,0.850245139649138,0.12379464416710127,-1.2067703042107019,-1.4238471251660612,-1.356562031972904,-0.6033303954632118,-1.8319156341189329,-0.16698988757212074,-0.9377140267905876,-1.5058332001192904,-1.2268063730202212,-0.0931278645206679,-1.1749484573958473,-2.1940299085289308,-0.3500656406783051,-0.027822158259293503,-1.3922842575820646,-0.8584422078579567,-0.2461644260266655,-1.3634540788862632,-0.47630965268332265,-1.4772851976511485,-0.3212127632132393,0.2798415131008078,-0.7636587686632228,-0.04871231737986594,-1.500150526139299,-0.9249016692754941,-0.8376955431175105,-0.1655952155919311,-1.3074050720339891,-0.19371029647086402,0.44052106858241746,0.5061586663401282,-1.3743669321438747,-1.3006692420767125,-0.9682676804368361,1.7813102846990594,1.6952088113020387,1.25962376699624,0.0,-1.1291762242472378,-0.1974673796336521,-1.4254565610030925,-1.3509168312446707,-1.4402079015840952,-1.133401196008104,-1.2910694033733516,-0.8106745177072546,-1.272922513700603,0.10215870458685307,-0.26789287644160403,-0.3199908782125339,-1.0218331930678939,
2017-05-31,deseasonalized,2017,5,99.72,25512161285.703735,-50310277872.2298,-76424431617.18277,-75229790792.5348,-36368955687.072845,35096522808.49342,11758654586.430664,2461727519.8544364,4029845829.3376923,1249829542.5847855,2947828927.9220467,-5862709.798051655,1220542933.8036013,225407354.5723312,1277748724.0778785,876699649.610878,25512161285.703735,21577307000.522644,4029845829.3376923,-6480509.3407357335,-61195333.51571357,-890745244.7058811,162822962.4327278,414385340.5990906,-850829557.8773422,-189798730.93891644,-7083118731.439896,-962715137.8411665,1131319892.9167202,-87438248.4439205,718514936.2293968,-12058980442.245184,-212407754.11891508,-106449094.1897335,-2000674644.4134407,-23702858219.703747,876518381.3997078,-35733920.73271817,484037341.2888012,332553736.3290905,-41439320.802450106,144474281.15354973,-2127289077.9029593,153913974.0258031,19942992.560433626,400272189.0049448,-10262739785.519232,2484433188.2964783,775027718.6946926,2690135991.877136,-592187918.247797,-50310277872.2298,-51642132499.52289,1268451607.5901184,76424431617.18277,73621776220.2872,2820677050.6567,0.0,2526988321.3101883,85429996.72750282,-2399470572.2452507,419366058.6842437,-1908360730.8037567,1969898988.7333488,-3737624277.9738617,-932991964.2567947,992109216.009656,-571776608.6756544,-176977933.20612955,232670198.66991806,-334274234.4027643,
2017-05-31,raw,2017,5,99.72,240000000000.0,329000000000.0,88425994366.0,5133723555.0,82754404951.0,537865861.0,104000000000.0,5935401777.0,69005000000.0,19664224434.0,17431469902.0,325465076.5,8123278931.0,2014936737.0,2421280494.0,11515719371.0,240000000000.0,171000000000.0,69005000000.0,348306581.9,579452262.0,9919905833.0,738656650.9,46434258224.0,4873340737.0,1687499045.0,93501162691.0,3060305350.0,3058439207.0,953820163.9,3911569249.0,3981848719.0,2093997714.0,6225341916.0,27813382529.0,8078229554.0,14798132607.0,486217293.6,5188539166.0,569388493.3,32635613.12,132169962.8,905111159.6,1688959536.0,517377925.6,8360547797.0,76610564.64,83637736227.0,3395257259.0,-1989344152.0,-6217027096.0,329000000000.0,253000000000.0,75730239343.0,-88425994366.0,-81700755023.0,-6725239343.0,,66268804782.0,11907341302.0,29755984704.0,1743255960.0,31499240664.0,25333961130.0,34467267316.0,608462102.2,3790015614.0,1340586831.0,412956441.6,5543558887.0,6030592224.0,
2017-05-31,real,2017,5,99.72,312024067388.6883,427732992378.6602,114962660104.03564,6674355435.334235,107589025113.0901,699279556.9114119,135210429201.76492,7716617516.856618,89713419875.65181,25565463708.086277,22662658914.106415,423137237.34375244,10561077219.097733,2619619817.540132,3147907450.111552,14971589987.692196,312024067388.6883,222317148014.4404,89713419875.65181,452833484.92787194,753346048.5283995,12896872358.855976,960327719.2396849,60369192155.121376,6335831660.540533,2193917982.2309465,121560887868.40538,3978703844.826514,3976277671.7882266,1240061862.9059305,5085432278.93957,5176802637.620075,2722407015.9370637,8093568772.981708,36160186435.566925,10502508511.41079,19239056357.47214,632131239.9324669,6745621226.5868025,740262140.015762,42429569.78094184,171834205.74778175,1176735272.7386842,2195816766.9901323,672643186.3451424,10869550538.406157,99601416.59965342,108737444353.04494,4414174915.767288,-2586346890.5955873,-8082758673.165021,427732992378.6602,328925371038.90894,98456905433.84052,-114962660104.03564,-106219174545.84694,-8743485558.188707,,86156091704.44415,15480737770.147331,38685764068.74031,2266407563.078219,40952171631.81853,32936689978.539707,44810903915.46465,791061749.9179823,4927400363.945487,1742897315.4013836,536884785.6766305,7207182465.543541,7840374643.729482,
2017-05-31,zscore,2017,5,99.72,-0.8030587496302265,-1.0115082956986254,-0.26928676905887133,-0.6957529023154984,0.602398144034831,0.04670324093856126,-0.7506980994407759,-0.7311362142355067,-0.9735087736555377,-1.3165461649485892,3.080454647501836,-1.266211103521553,0.14274490551555633,-0.20648587943619656,-0.6702057719662317,0.897013106831556,-0.8030587496302265,-0.7312025757122628,-0.9735087736555377,-1.1806655619879487,-1.3503891334163427,-1.1519448647910884,-0.5307943672772927,-1.1284464395705613,-0.17053130133396374,-1.2120624869566348,-0.7661647175131312,-1.1863939608929825,-0.13764929383105692,-0.4560026459371865,0.6994546175188837,-0.34362304801833626,-0.5248886212187824,-0.9624324129018896,-1.047871455150704,-0.3422776807003908,-0.6644727266258814,-0.5937092986352133,-0.014975923626205537,-0.32186721131522955,0.1318006079632375,0.707947917338617,-0.36355889855314005,-0.45512352404374784,-1.1482888489301644,-0.7765581589791849,-0.1653571062615576,-1.0875185841574324,0.10652576737907886,0.5795778892735124,0.47543991386332213,-1.0115082956986254,-0.9765141674043039,-0.616630688907981,0.26928676905887133,0.3017867866508346,-0.1960384370708213,0.0,-1.1202354886503787,-0.3262004927117395,-1.3403792032053636,0.5760493879840586,-1.2850878724924737,-0.43393300963833764,-0.5006983066646317,-0.8495683138966617,-0.6643951791365844,-0.3965371629320544,-0.4855288687893612,-0.5919304208803725,-0.8444527303377708,
2017-06-30,deseasonalized,2017,6,99.72,24762225072.860107,5789166505.596558,-19400247726.240158,-81902436769.73657,85247134450.53517,-22659433869.60652,15756009705.79068,5780055006.403572,2354818279.5968323,-327991423.5033989,-669090058.1797868,72637893.51467562,787864377.4708738,278036323.38687706,3200993875.859697,-2323353964.741848,24762225072.860107,21764422657.32907,2354818279.5968323,12544869.719264328,180867180.47701383,-2036238880.0213299,13414916.949091434,6240173908.9673,14994824397.035408,377121308.1619935,22039964268.14099,-695764009.7175274,21955606142.556725,420431176.78971624,222085961.68666792,-15742671881.50792,-342983830.8225508,1198888298.251175,10074719456.074768,-19223771970.381054,11005060639.927883,89426278.52546358,5190392469.825166,333746384.6463633,45970206.72482256,45061724.35900421,-1543733693.0075068,58450504.92307615,76136049.69861531,-460476105.36505604,-52012772393.42102,6478199461.053787,3411823978.9237785,-5648650914.641998,-1440861297.492362,5789166505.596558,7572667369.76178,-2735645628.2317047,19400247726.240158,14203788358.899933,5034798906.73764,0.0,2188488811.800209,254647321.83750534,-2661782394.9298058,-316261866.3057561,-2234341917.703747,6527215329.156998,17475276928.26886,-1082621833.664066,784763014.3342047,143452154.9052676,296509379.91296524,1214040072.8308392,-886418253.405489,
2017-06-30,raw,2017,6,99.72,339000000000.0,429000000000.0,90233191071.0,67452171307.0,8713974595.0,14067045168.0,151000000000.0,57371132287.0,86199444620.0,24050381680.0,334039671.4,411603954.3,7417830847.0,1458952899.0,2871444272.0,7999305255.0,339000000000.0,252000000000.0,86199444620.0,374015389.4,797549514.9,9990467267.0,781766775.2,55069710141.0,45690914300.0,2276445947.0,114000000000.0,3936221252.0,24443480072.0,1613491437.0,2898970572.0,2637696122.0,1725967072.0,8711934302.0,90430128134.0,1025231987.0,23161499383.0,523322016.6,9374811974.0,730820167.2,40397124.26,54373683.76,116044721.1,1751299763.0,660353599.5,6847154004.0,-463257724.5,92492370737.0,-2811420535.0,-62969438742.0,-6945822860.0,429000000000.0,388000000000.0,40588237354.0,-90233191071.0,-136000000000.0,45611207266.0,,66470737106.0,12002213147.0,28701740175.0,1000205744.0,29701945919.0,33533727392.0,50139497445.0,676513307.8,4334475974.0,713760409.7,233774693.7,5282011077.0,5664131101.0,
2017-06-30,real,2017,6,99.72,440733995186.5222,557743020457.2803,117312197047.64204,87694586855.86964,11329040817.723324,18288569372.748974,196315142398.71637,74588225195.351,112067922154.0766,31267907975.18331,434285070.58087033,535126416.55814075,9643923967.009245,1896785073.6437423,3733165504.2891293,10399899008.120035,440733995186.5222,327625270758.1227,112067922154.0766,486257512.77730036,1036894348.2623886,12988609299.012053,1016375203.9468431,71596145617.12881,59402770510.80826,2959608014.88931,148211432009.62695,5117482354.961812,31778975304.999115,2097700670.2898314,3768952454.648134,3429269468.840874,2243930274.9349375,11326388232.221138,117568234978.54555,1332904394.169695,30112271851.267727,680371100.7232611,12188195679.71524,950139504.5809386,52520312.593381055,70691241.5237561,150869774.4858664,2276865313.617108,858525900.1281286,8901986843.186762,-602281497.6988267,120249357165.75513,-3655128626.961592,-81866584989.42369,-9030266250.577215,557743020457.2803,504438908945.0461,52768778780.55238,-117312197047.64204,-176813638186.92337,59299143373.52422,,86418623975.57637,15604080682.470535,37315140460.57009,1300367768.6183712,38615508229.18846,43597208398.147125,65186374706.72352,879535141.4263817,5635253430.858443,927960109.065044,303930544.92007816,6867144084.323525,7363938434.819955,
2017-06-30,zscore,2017,6,99.72,-0.07097343926464264,-0.36354644490353727,-0.2591822525838419,-0.3890949205939361,0.0997347413841249,0.18554224362897298,-0.2525791519162108,0.9024975991562466,-0.08558356074725557,-0.5596088425848794,-0.9060844574046968,-0.670633136979887,-0.07776354405571873,-0.6990531143858435,-0.6098273658241498,0.09093937126617538,-0.07097343926464264,-0.07090739558714185,-0.08558356074725557,-0.9442601182092122,0.7850193111729115,-1.1384599218170675,-0.4761400712366539,-0.4239856348269364,0.5998752299055814,-0.6365216865087256,-0.2820702301589847,-0.908991895850501,4.656661417703662,0.45398543176330153,-0.40244531872621514,-0.41372329746047004,-0.9181294113098861,0.08600048863766202,0.7455568655586252,-0.4713270467807448,0.09796659875809718,-0.4898092485372197,1.0052003425204146,-0.21764826549472566,0.19990234516077993,0.42295129922533564,-0.6103578747545131,-0.27462275361401406,-0.10206272278874434,-1.9470637175933116,-0.17677367127517538,-0.6799715947583893,-0.6793845824787355,-2.3823887604553673,0.4015537589263956,-0.36354644490353727,-0.045430442281428014,-2.0750531678179134,0.2591822525838419,-0.012552750280211843,2.3671861871521855,0.0,-1.1102682114271465,-0.24838007996249678,-1.4409226284328915,-1.4505816796859976,-1.4594899309583147,0.1525448923637662,0.14603698042930988,-0.8247619070372996,-0.49441272762654054,-0.46399452064108726,-0.5152322991346311,-0.609721960708588,-0.9795683180055748,
2017-07-31,deseasonalized,2017,7,100.073,16466916528.579346,-89779105587.33069,-106301937271.61371,-119624256773.80023,-49671101973.85019,63075325476.51433,7676458410.667084,201865376.75079155,4894482192.974037,1549127207.2575226,373668426.52839947,28468608.031039357,398082791.08087826,129109541.13778591,1475728077.5997038,-826632600.9645786,16466916528.579346,11068476510.579834,4894482192.974037,-2137070.0370990634,-69530453.34480417,-1698289991.104044,323419764.52181876,-5819109060.887245,-9824080774.20914,54579289.08199358,-37036775814.69171,84108817.83429193,2134694639.1339965,-468701773.27573776,259853320.1439438,-13749594287.864288,-582546413.0198221,-794531207.57337,1178708626.549263,-6427666369.141052,-6993359953.367567,-119203723.54090005,-4496529134.025742,303441377.53272843,-44602705.29245013,-159852001.55645043,-802436217.0984128,-143671479.18328667,-16952995.56320262,-248746536.72959805,-4996756077.031983,-1641631371.394394,1706230537.6810613,771760226.8644218,-493375405.3441858,-89779105587.33069,-94397866371.68018,4936586352.919235,106301937271.61371,106351627160.31992,-75774073.1269455,0.0,2583541984.2638245,189613404.40296364,-143342504.40525818,-1446478.144847393,-451480944.9037361,-10653625893.397568,-22751448242.61841,-494219009.18224645,839267222.156023,-318905124.24564856,-1230018229.8324873,-720340607.4709702,-850444798.143673,
2017-07-31,raw,2017,7,100.073,232000000000.0,275000000000.0,42939377601.0,-5236216580.0,-7906289916.0,56081884097.0,113000000000.0,9032658486.0,64635000000.0,19494453678.0,3924987161.0,356226096.1,7800408193.0,1444700595.0,3188220343.0,8710164227.0,232000000000.0,167000000000.0,64635000000.0,371694596.1,569716924.8,8978527955.0,965225235.4,40597463966.0,4128547258.0,1729410584.0,65583457589.0,4089127976.0,3067680440.0,1015180670.0,2777893244.0,3648145391.0,1981019179.0,6711707195.0,28671601996.0,6905979952.0,7194330323.0,429149130.8,842623066.4,516336919.6,27749252.5,-296523131.6,753710748.8,1347858335.0,659371236.3,8051665823.0,77255077.43,79441893329.0,3102653264.0,-2603033234.0,-6363690844.0,275000000000.0,207000000000.0,68343613769.0,-42939377601.0,-39230763832.0,-3708613769.0,,66733872543.0,11940930621.0,31546079211.0,1181991549.0,32728070761.0,16101821654.0,16009882393.0,608431171.0,3511291745.0,375691836.3,139556719.6,4026540301.0,5756158601.0,
2017-07-31,real,2017,7,100.073,300559311702.4572,356266425509.3782,55628576623.65719,-6783593324.180148,-10242711445.142406,72654881392.97975,146393113027.48993,11701938006.01517,83735565137.44966,25255343014.978947,5084876894.616989,461495992.47529906,10105540161.578827,1871630243.3160794,4130384964.861431,11284142090.010712,300559311702.4572,216350883854.786,83735565137.44966,481535655.03163296,738076408.5479679,11631811130.414097,1250463070.645113,52594594079.68219,5348591906.015289,2240476098.180968,84964305482.83247,5297523663.490612,3974223799.868496,1315181049.2622385,3598800350.860112,4726224429.782119,2566438624.6103745,8695112477.920818,37144469660.881714,8946795607.776243,9320357629.487055,555968824.8748094,1091630210.6111977,668921849.834237,35949552.72266246,-384149949.7308325,976443033.9744465,1746169713.1035345,854224848.8738201,10431048007.840857,100085055.59431396,102918106807.34598,4019531592.5828547,-3372266711.851988,-8244252327.413228,356266425509.3782,268171454837.9683,88540127214.09145,-55628576623.65719,-50824014547.015396,-4804562076.641791,,86454684477.42926,15469646071.269632,40868395924.867905,1531286924.1619017,42399682850.325325,20860139799.49121,20741031174.471416,788231267.1296554,4548928577.860862,486714136.7696562,180797722.3552966,5216440437.115366,7457185634.339393,
2017-07-31,zscore,2017,7,100.073,-0.8622171585486575,-1.361407695127973,-0.5236145172357322,-0.7467815307086128,-0.013100890065942953,0.6167064852088371,-0.6553136201275613,-0.6327652328494612,-1.1991766138308368,-1.3458442074616557,-0.06879766062424439,-1.0535244982391665,0.041822204805076604,-0.7116797727401495,-0.5673396420097051,0.2538908121709833,-0.8622171585486575,-0.7638097451011576,-1.1991766138308368,-0.9656009824249174,-1.445708634195823,-1.3318508882689384,-0.24355449748245073,-1.6045990277193132,-0.1845888189803912,-1.1711049734318184,-1.4254609954304773,-0.8605664238392842,-0.13557750249619907,-0.3713584734991915,-0.534200478034928,-0.36102634477547535,-0.6456062009433952,-0.7573640778016053,-1.023290888360932,-0.3637264429591297,-1.3576669914526707,-0.7535106526008648,-1.074056557598212,-0.3561168659930205,0.08892627063468722,-0.8625138530720111,-0.4109129166164838,-1.4427527409698824,-0.10925117672055644,-1.0154570293161695,-0.16534347678504055,-1.2806381464770358,0.06947526859170067,0.5497693655838031,0.4605709739714619,-1.361407695127973,-1.2937723255943208,-0.9231818291584609,0.5236145172357322,0.5476465103007552,-0.04829648181152053,0.0,-1.0972799795488495,-0.29864822292562987,-1.1696576786787105,-0.9547702901709576,-1.165847275468651,-1.0942500989153006,-1.2623666869094707,-0.8495795891110401,-0.7514137575818257,-0.5003765426986923,-0.5308510608877182,-0.6951241604607653,-0.9456374343082642,
2017-08-31,deseasonalized,2017,8,100.073,37464838320.794556,4992536417.98468,-32644694081.240997,-161518227261.76392,106196123302.18073,22898250838.492523,29186681523.212357,7556518714.786243,3403391283.8831024,979776863.6484222,-267321356.23070335,10800827.732857585,-127069118.73457527,213531308.46687746,-891522145.163024,-2579859183.9236755,37464838320.794556,34448398302.79532,3403391283.8831024,12358322.52562815,2928120.011559248,-8016069084.8295,-502582348.0145445,978978144.1563873,25124188924.603592,209782050.3656311,7289343705.277405,-1061881677.1093416,-631017941.1132731,752783223.6051714,-394735682.046968,-8871272763.145212,-1081226742.5343666,262674421.61845016,-2280878351.610794,-7015521871.969257,-1084770671.4221153,106402662.25819099,136038924.1560831,70567465.81181967,-47532858.89245017,101374606.56627668,-232033100.97568715,-112054543.69328713,14732078.300433517,478464908.30858517,-807318818.2383902,-167131871.09988403,634077675.9147038,3520151373.076272,-2116605404.406004,4992536417.98468,5045549948.989746,-41239750.88987732,32644694081.240997,29389418606.50177,3443046507.136673,0.0,551603198.4065475,-433418819.41703796,2365234991.375656,113267586.72424388,2084310539.5962563,1803174007.1633453,1825651288.8897629,-995779720.5995173,-55459094.64942932,8663492.631628275,-1195281254.1233878,-1252761332.7136765,-978247236.5718517,
2017-08-31,raw,2017,8,100.073,226000000000.0,334000000000.0,108000000000.0,23797462682.0,134000000000.0,-49730707023.0,109000000000.0,1336988521.0,65241000000.0,19652526837.0,4217179792.0,362666048.7,7416475656.0,1764512281.0,2947230036.0,14066888211.0,226000000000.0,161000000000.0,65241000000.0,363235428.1,625360132.5,2357132666.0,755195302.5,49264860979.0,7103572750.0,1991402616.0,105000000000.0,3343917778.0,3218692421.0,1563794774.0,2460899228.0,3805594588.0,1410329524.0,8628866882.0,30324233164.0,5358189482.0,15397613468.0,613119123.8,4446069397.0,639036424.7,29577966.16,91123256.52,646487721.6,1597717393.0,795242297.9,8075225335.0,81797114.48,83907903363.0,1981915838.0,-3284051548.0,-8166759252.0,334000000000.0,257000000000.0,77184053178.0,-108000000000.0,-95745723602.0,-11943053178.0,,66782882808.0,11887468082.0,33380199323.0,1454840366.0,34835039689.0,27410417262.0,36976838262.0,714737038.3,2647079741.0,317022137.5,114318790.3,3078420668.0,5809692432.0,
2017-08-31,real,2017,8,100.073,292786226054.97986,432701767709.572,139915541654.59213,30829952603.305305,173598912793.6606,-64426840833.23032,141211055929.1717,1732087713.9045098,84520646787.84488,25460129048.89133,5463416619.004447,469839042.99621475,9608150079.419783,2285950847.7064342,3818178582.1076217,18223854476.265385,292786226054.97986,208577798207.30865,84520646787.84488,470576682.13656634,810162978.4067131,3053699015.880767,978366294.4841765,63823330633.47191,9202779898.139359,2579890515.463072,136028998830.85347,4332093214.4193535,4169861976.886533,2025918452.2299123,3188130078.175812,4930202112.016707,1827102030.2029917,11178820219.077793,39285476929.6408,6941610959.833042,19947828042.252438,794304576.9006104,5759946369.584823,827880810.1751342,38318677.37331108,118051479.56783468,837534071.6732146,2069865689.375536,1030247748.6788983,10461569691.938984,105969329.42825818,108703886556.8085,2567600259.1443048,-4254535658.889091,-10580153188.020664,432701767709.572,332947168566.9461,99993042662.00662,-139915541654.59213,-124039951656.3398,-15472395874.161741,,86518177975.33768,15400384588.839867,43244524711.25736,1884766461.387547,45129291172.64491,35510586835.1029,47904021797.24053,925952035.6883655,3429329590.4158564,410706704.488973,148101624.686317,3988137918.554735,7526539476.572822,
2017-08-31,zscore,2017,8,100.073,-0.9065859652374808,-0.979110203158871,-0.15984330788839962,-0.6039119663082325,0.950306510508866,-0.4691623830962814,-0.6977067220445456,-0.8771849493942302,-1.1678826295868479,-1.3185648677115474,-0.000668278960661643,-1.0089976368254612,-0.07818714867391902,-0.42834643261236555,-0.5996625683388666,1.4818219857289125,-0.9065859652374808,-0.8127204991845,-1.1678826295868479,-1.0433872961245665,-0.9009013336605215,-2.597260798739512,-0.5098269408238416,-0.8975322136721715,-0.12843704733959585,-0.9150766230046448,-0.49461157191959504,-1.0965740672031061,-0.1017221377742492,0.38543102796308704,-0.8791502532561708,-0.35281505387829776,-1.2553881734700723,0.05097640641801809,-0.9759572955377773,-0.3920465121327355,-0.609821556172246,-0.23836082951156387,-0.1959125398968104,-0.27690308616105946,0.10497193169688034,0.5575786115203475,-0.4444494251372069,-0.7193073087316018,0.884986867801018,-0.99723537419786,-0.16524742657739047,-1.075083762281158,-0.07243626150542723,0.5166904806216702,0.27777381962992626,-0.979110203158871,-0.9489265014747371,-0.5562961986368253,0.15984330788839962,0.22048015114965938,-0.45158557053218157,0.0,-1.0948608576947423,-0.3425018746766049,-0.9947374270041794,-0.21058924102740711,-0.9613957133701005,-0.285417113333053,-0.39713754518495803,-0.8108283785699419,-1.0212238041099657,-0.5066904164030342,-0.5350348189088742,-0.7596190924291595,-0.9258993104481954,
2017-09-30,deseasonalized,2017,9,100.073,-6286117027.373413,-4174623624.8130493,1604382430.8650665,180655286070.26758,-5551171119.067078,-173461764320.92325,1393773068.8043213,-3294635320.9763184,2542038696.206894,254103964.2335205,-460975554.18197787,-31504490.960454047,-2689023876.087414,-47418615.08375597,-1041885796.9683337,-3061287190.4083214,-6286117027.373413,-8544013406.759216,2542038696.206894,-22570757.969847918,-5420063.032271504,-2564690717.315584,21139072.391819358,391548054.22358704,-45137307725.17846,769595787.3337903,29582898824.078796,-142491645.48817635,-2421809826.348026,-386089750.93263316,-679145624.3855267,-5325460865.877251,259369649.4787922,-2131778914.9527168,3848790927.6293297,-4404725406.159073,8640321765.96896,273157439.6555768,4682612743.0468,207988998.85454577,-27367656.8223939,81219971.10592431,862141790.4821827,-252209139.31196594,-34513393.83484733,127739483.9941063,-1690124864.5646815,10272675659.287567,-3835562377.0849924,155098054.524023,3155068656.180443,-4174623624.8130493,-10276946578.851562,5590613240.296158,-1604382430.8650665,1411753243.5196342,-3084865621.8119354,0.0,4754673777.9492035,841301187.0426006,-678287606.392067,591799569.4207602,-166681524.3037262,6444868745.54443,22337442598.63732,-301784033.3728771,-772321390.8234777,52320228.93649548,-1246377393.1129506,-1975727471.2257366,-893070509.3015032,
2017-09-30,raw,2017,9,100.073,349000000000.0,341000000000.0,-8000082935.0,292000000000.0,-104000000000.0,-196000000000.0,165000000000.0,63416932558.0,71973434046.0,23454534188.0,384507490.9,331199496.7,11219187782.0,1595758483.0,3201268781.0,8022854819.0,349000000000.0,277000000000.0,71973434046.0,393050974.9,668828196.0,6440368671.0,724785721.8,54108573992.0,10264018900.0,3277247075.0,123000000000.0,7764664347.0,-310039451.7,1166747406.0,2371530716.0,1415651446.0,4506889812.0,8327809060.0,22327219217.0,-34475534596.0,22487845420.0,405082807.0,10097821209.0,647442665.8,33810731.72,-142712254.7,2591645552.0,1595057476.0,687102594.2,8051410407.0,95820809.15,88511618052.0,-1547455181.0,-150046012.7,-5909465871.0,341000000000.0,263000000000.0,77578289873.0,8000082935.0,13604938763.0,-5604855827.0,,66993354680.0,11936495379.0,31593997526.0,2074138699.0,33668136225.0,34066594273.0,55597092149.0,4413252373.0,4398937701.0,80520162.4,47710822.25,4527168686.0,5832113714.0,
2017-09-30,real,2017,9,100.073,452134481828.2654,441770367631.6289,-10364221640.112818,378290168177.23065,-134733484556.27393,-253920797817.59317,213759855305.6269,82157541378.93805,93242611197.10327,30385683844.168236,498134943.1437191,429073675.70841485,14534617920.769558,2067327893.5079193,4147289402.5513973,10393722940.893887,452134481828.2654,358857454058.5373,93242611197.10327,509203148.6203611,866476475.1592938,8343589546.83547,938970248.6033475,70098429983.78017,13297182999.504362,4245720366.9866,159348255773.2855,10059233498.857454,-401660535.36016905,1511537919.3016698,3072351895.181877,1833996656.1221907,5838740085.403175,10788795513.202961,28925231207.290497,-44663547192.87936,29133324746.14851,524790558.85525566,13081871518.4117,838771215.5157415,43802285.57723981,-184885763.12128344,3357513807.2666154,2066419728.932839,890151218.8867447,10430717112.766901,124137226.05558842,114668064652.49959,-2004750276.257592,-194386751.29659548,-7655797391.0212145,441770367631.6289,340720254214.42346,100503781927.94218,10364221640.112818,17625392372.24724,-7261170730.838907,,86790847289.91116,15463900151.947418,40930474785.9642,2687076292.012371,43617551077.97658,44133759166.98168,72026826504.14452,5717431446.543603,5698886584.631679,104315019.78066412,61810051.276802935,5865011656.142576,7555586567.458196,
2017-09-30,zscore,2017,9,100.073,0.0029745718833961436,-0.9337528736032149,-0.8084305623242626,0.7158649497318547,-0.6654848788124319,-1.9702055949820918,-0.1042032952067658,1.0945163311503112,-0.8202181329544748,-0.6624367121381025,-0.8943170787248276,-1.2265624058691273,1.1104618449069426,-0.5778518426385313,-0.5655895147724938,0.09633767885971026,0.0029745718833961436,0.13288741309345103,-0.8202181329544748,-0.7692183144337713,-0.475301888304821,-1.8169166141684656,-0.5483796996719411,-0.5023929667767333,-0.06878557511690647,0.3414983698702963,-0.0695288883983744,0.3034738420424832,-0.8928282723015997,-0.1622786964038057,-0.976400190385132,-0.4774553743156037,2.053286907497385,-0.07595992927887642,-1.2050025957220154,-1.1208879433190162,0.0365534996021594,-0.82090078642546,1.1813945122702385,-0.27147608683317237,0.1421114374691968,-0.29904757568103757,0.16394416210671914,-0.7270088698404368,0.09367335132643721,-1.0156545759488713,-0.16495086827761293,-0.8631913279367277,-0.5193370519736751,0.6689175300881788,0.5066208255061359,-0.9337528736032149,-0.9075450025803871,-0.5399350460144127,0.8084305623242626,0.8535135678293402,-0.14116664498605058,0.0,-1.0844720727079629,-0.30228631347907886,-1.1650877033184384,1.4785149605304537,-1.0746272057108408,0.19065752148388693,0.371251838090351,0.537375159622164,-0.4742875482947868,-0.5321421168915463,-0.5460765972294949,-0.6610693929944934,-0.9176324998547684,
2017-10-31,deseasonalized,2018,10,100.672,15013882972.627197,-31774623624.813293,-47542876616.6357,-49785140497.33261,456284272.9326515,1538596196.6565285,14893773068.804794,-2465344881.9762897,4977651464.306908,726650439.233532,236485858.17806053,-4778174.9204541445,440125068.61258507,-356212191.68375325,-1329565666.4683304,-1488523416.8083057,15013882972.627197,10255986593.241333,4977651464.306908,-10818397.409848213,-11724685.092271686,2337759297.5844116,142184053.21181917,-5639313103.97644,-5400484883.7785225,44094564.39378977,-19697967244.621216,2732098196.611823,-516503995.87002516,-81356737.26263547,728408322.414474,-4436331912.77726,-421053499.82120895,54523750.54727936,5841863505.229256,-4470895003.259039,-4866860691.1310425,-503654970.7044237,-2104162355.6832056,369284427.04454595,-36103451.35539375,-180304047.03207606,1212702862.4161835,-17142840.21196699,54235374.14515209,-207559199.40589523,-1690259926.3217404,-553992057.0124359,-1832164440.744977,373709179.004086,6509032467.780441,-31774623624.813293,-36776946578.851776,4550782536.296165,47542876616.6357,47323613007.22037,426156915.18805695,0.0,2673177589.9491806,206506948.54260063,1545139741.9079247,241796669.72075844,1706742924.1962738,-5485610684.655571,-12423824371.962696,2599287865.4271235,-820089892.6234889,-26732052.42265734,-1330180605.492956,-2098204540.7257633,-411724056.00150204,
2017-10-31,raw,2018,10,100.672,235000000000.0,299000000000.0,63214017967.0,77450331927.0,-17532784806.0,3296470846.0,128000000000.0,3728989297.0,60033000000.0,20766604420.0,2882930348.0,335454278.1,7463125946.0,1614520418.0,3239205175.0,7444538801.0,235000000000.0,175000000000.0,60033000000.0,401225210.1,620832017.6,21889119636.0,670334243.0,57040595570.0,4622000919.0,2462024137.0,69223861250.0,8293992549.0,3381503455.0,1098951202.0,3046007311.0,-2391093320.0,2031479725.0,6338588199.0,24411569716.0,5483351071.0,8265427111.0,117060510.7,2298934788.0,752248483.0,29616987.34,-55148591.93,3007416801.0,1531395896.0,641752716.0,8505993217.0,110729823.3,80309506406.0,2672794353.0,3052008046.0,-21315026841.0,299000000000.0,229000000000.0,69450571957.0,-63214017967.0,-53796446010.0,-9417571957.0,,67565861413.0,11956026033.0,31734770583.0,1330160055.0,33064930638.0,16163282928.0,17641946548.0,5468029731.0,2540801108.0,164553694.7,71472416.95,2776827220.0,6773281369.0,
2017-10-31,real,2018,10,100.672,302634396853.14685,385053977272.72723,81407388085.56184,99740997824.69646,-22578824489.02054,4245214749.8859262,164839160839.16083,4802214581.997596,77310854239.51048,26743356609.934437,3712654838.453671,432000013.2961757,9611057954.49694,2079188991.1000872,4171467678.381774,9587121318.68291,302634396853.14685,225366040209.7902,77310854239.51048,516700210.471875,799511162.5255245,28188938377.39248,863260422.6396415,73457218027.53714,5952240256.920236,3170609318.0378056,89146899988.25392,10681052904.55791,4354720249.194711,1415235890.1630244,3922666320.7436624,-3079264190.288461,2616151665.0841346,8162871559.59506,31437364584.00087,7061492102.579327,10644266163.70695,150751221.49368444,2960581884.9833913,968750067.8144667,38140932.34148164,-71020684.49376966,3872969232.581512,1972140737.5716782,826452962.2788461,10954068624.95214,142598524.63000435,103423059713.8457,3442040455.032561,3930394102.945367,-27449618263.55179,385053977272.72723,294907561188.81116,89438859384.30965,-81407388085.56184,-69279382940.76266,-12128005144.79917,,87011717942.92154,15397041392.585007,40868226190.039116,1712988025.3747814,42581214215.413895,20815171830.13636,22719403629.23164,7041761189.856424,3272058769.5463285,211913226.15102705,92042603.3842548,3576014599.5323424,8722672007.761581,
2017-10-31,zscore,2018,10,100.672,-0.8400327552042459,-1.205896850937152,-0.41025362130407217,-0.33989575297572777,-0.07845554364832731,0.07501256822613982,-0.49633948793887034,-0.8012133765092452,-1.4368249892282572,-1.1263038849685103,-0.3117698604536565,-1.1971441673337362,-0.06360523491830614,-0.5612299306086801,-0.5605012799645434,-0.03623070972838626,-0.8400327552042459,-0.6985954063233679,-1.4368249892282572,-0.694052101453734,-0.9452364853736148,1.1354826494700054,-0.6174123756502322,-0.26320522070204766,-0.17527518541244513,-0.4551677823527375,-1.3394902978016798,0.4711117807815195,-0.06522154424301288,-0.2558006366020383,-0.2424413832976216,-0.6759847364242849,-0.5916891008083786,-0.9146838837329199,-1.1453039771005338,-0.3897564186562209,-1.2600213501294704,-1.627416199972925,-0.7191597979679578,-0.20381432306303016,0.10531431478408647,0.02173059092292948,0.2939863405349759,-0.9113355043388022,-0.23817490016952086,-0.6640661735009769,-0.16463558817549104,-1.2407050360708118,0.0150450922000584,0.8244498787384501,-1.0552127099583863,-1.205896850937152,-1.142040162981704,-0.877242138383361,0.41025362130407217,0.4633254521929178,-0.32789785244841707,0.0,-1.0562134303720383,-0.2862659277098061,-1.1516621602483164,-0.5506483465338978,-1.1331597843786185,-1.0898541590948032,-1.1950174027838805,0.9218685136765874,-1.0544043695059042,-0.5230986562854057,-0.5421375750839029,-0.780134698512884,-0.5706204627845932,
2017-11-30,deseasonalized,2018,11,100.672,30613882972.626648,-5474623624.813171,-36080133945.13519,35634029385.16759,-50993334726.41722,-21348969087.523304,24639583527.40442,3026293015.873682,3750751464.3068695,193740683.33351135,-502505556.2219696,-22315740.500454128,-72314299.68741226,461513539.7162452,-1136431242.568335,713802928.4916859,30613882972.626648,27555986593.240936,3750751464.3068695,-29926536.909848094,1521397.8277281523,520719832.48441505,-473578145.36818135,-2581412204.4764404,-2866714310.37846,12845331.233789444,1535552665.3787537,3814196934.611821,-263410810.37002707,142168968.30736566,316220283.6144724,-3830702198.90726,-12867888.021208763,-31674600.652721405,14113640585.72926,-3100546855.759056,459496508.8689537,-102728207.97442341,-1292633825.403205,-1239381017.6054544,-15851922.955393836,132977489.66792414,-2615618013.1878185,-128508364.41196656,42727370.31515241,201592016.39410305,-1734429826.8646894,2334979295.9875336,-5972934680.463987,-2419061512.0859447,-228680611.2195568,-5474623624.813171,-7976946578.851685,2350265457.8961487,36080133945.13519,35230669401.0199,1350588946.6880684,0.0,2736501427.7491684,65082302.04260063,1878744194.3079262,110374971.22075915,1908925677.8962708,714672079.3444214,2881900593.637329,3642620587.727124,-835024142.8234849,189670327.6274982,-1208972281.6539483,-1863675013.6257362,-651426185.0015059,
2017-11-30,raw,2018,11,100.672,208000000000.0,347000000000.0,139000000000.0,166000000000.0,-6302314488.0,-21467834288.0,98703107014.0,-2304448544.0,64484000000.0,22344922094.0,3030056247.0,338939367.1,7239728877.0,1931107374.0,3100329509.0,9506520237.0,208000000000.0,144000000000.0,64484000000.0,374434204.8,626992509.4,16685615459.0,736466283.1,44850805832.0,4278515685.0,1832776424.0,98840469223.0,8687997007.0,3580253013.0,1190875539.0,3404401549.0,3470797519.0,2696995563.0,6164191824.0,38014414562.0,5061899426.0,14669197249.0,565217005.7,4389750098.0,703985512.1,30850783.83,130708131.9,1900682296.0,1656813927.0,560585601.8,8331956428.0,141680248.6,83942471879.0,41214461.79,-4729362774.0,-5917162761.0,347000000000.0,270000000000.0,76837798933.0,-139000000000.0,-126000000000.0,-12353798933.0,,67280654043.0,11589332759.0,31669510915.0,1268107221.0,32937618136.0,25591890435.0,38258840767.0,5872622155.0,2697810612.0,71068850.68,33371016.56,2802250479.0,6316337381.0,
2017-11-30,real,2018,11,100.672,267863636363.63635,446868662587.41254,179005026223.7762,213775786713.28668,-8116158058.956293,-27646404602.094402,127110447909.41913,-2967682532.7342653,83042878496.5035,28775923492.12019,3902124445.7104454,436488131.62593967,9323365881.154064,2486891554.847465,3992622770.222246,12242553268.496721,267863636363.63635,185444055944.05594,83042878496.5035,482198594.5993007,807444680.4838723,21487834768.331947,948425656.9729676,57759134346.1486,5509897930.879589,2360260372.952797,127287343778.65799,11188454187.55485,4610671111.3656025,1533616597.755026,4384208550.755463,4469713675.582823,3473206917.123907,7938282871.248251,48955189032.750435,6518744169.0161705,18891079411.7913,727889819.6219624,5653146269.124562,906596727.0116477,39729822.795058995,168326709.19726834,2447709958.550699,2133654823.3852708,721925470.1502184,10729943013.59353,182456666.30240384,108101614244.52512,53076228.87422858,-6090501491.954108,-7620157375.562281,446868662587.41254,347707604895.10486,98952174194.09286,-179005026223.7762,-162263548951.04895,-15909295697.589378,,86644426196.54698,14924811614.682472,40784184401.681595,1633076016.9040647,42417260418.58566,32957388621.821457,49269962552.43247,7562797718.403627,3474256542.070804,91522888.34292832,42975393.48515734,3608754823.589816,8134216823.914554,
2017-11-30,zscore,2018,11,100.672,-1.0396923853039506,-0.8948751625555096,0.01348592066722263,0.09584139184924041,-0.0022114376069289057,-0.17912342547354096,-0.8068360304904902,-0.9928394693113816,-1.2069742897728208,-0.8539270669494149,-0.2774651057743069,-1.1730477050527204,-0.1334345284428416,-0.28075350147541894,-0.5791280371022537,0.4364408880849208,-1.0396923853039506,-0.9513009690873031,-1.2069742897728208,-0.9404088994975556,-0.8849185949021812,0.1410448508855223,-0.5335712790149162,-1.2576209352498868,-0.1817582573973467,-1.0700920330622457,-0.6400732314706344,0.5958927672159268,-0.020663895705071173,-0.12899497728110967,0.14755970693964202,-0.3702753914186755,0.11941466090845954,-0.9882153955676182,-0.7557000947313531,-0.3974677594165307,-0.6762270105171205,-0.3724955721530867,-0.20963730529098562,-0.234972495606539,0.11614000101987665,0.7025926886837954,-0.05217075021643013,-0.5481983726552709,-0.8321161850271005,-0.7986716079028436,-0.16398108123417865,-1.073492697781784,-0.3181743758668931,0.44648784025723914,0.5058405059225652,-0.8948751625555096,-0.8592665872036453,-0.5706660394468069,-0.01348592066722263,0.045337472146305124,-0.47170221393704775,0.0,-1.0702911216826132,-0.5870529729607039,-1.1578859824920562,-0.7198942447429802,-1.1455136637181125,-0.4154849426047336,-0.34423401765238787,1.06935281161766,-1.005385446621792,-0.5331592413997848,-0.5484537445922684,-0.7784053056150366,-0.7390974214438341,
2017-12-31,deseasonalized,2018,12,100.672,4213882972.626709,-3774623624.8129272,-7842250357.035053,-159589364546.9325,-23924689418.667065,175796937179.3767,19393773068.804535,-3262901025.576309,-5468695901.29306,-2765488395.366482,-305005208.50196373,63888310.77954602,-1485875924.0874119,430648322.51624584,-699260495.668335,-2207835156.708313,4213882972.626709,9455986593.240906,-5468695901.29306,37506182.53015208,74979213.43772852,-1897417274.21558,-821929157.8781801,-1497543166.1764145,-2410372725.678459,-362532173.36620855,5721226662.078842,1016215335.0118217,-341904497.6700258,385639323.2873664,-532818371.1855254,-4037496075.007246,-261803495.42120743,-551634774.4527187,6323391591.729294,-5105675313.33905,1925288402.9689674,199735042.37557685,851133160.6867981,1397533.4845460653,71570166.2936062,-25695830.545075893,2554625162.802185,-87576122.21196556,-26729779.194847345,-543679523.5058908,-1523880774.3617063,1812569308.3875427,642990817.575016,-4639100809.685944,-621474475.9195566,-3774623624.8129272,-776946578.8516235,-3303596699.903816,7842250357.035053,10057236488.41977,-2157460078.5119476,0.0,958455776.2492065,-397287966.55739784,-2742089890.792061,-266652553.47924042,-3088935931.6037216,1604341672.8444405,8564270599.937351,856278233.2271242,-1411884636.0234795,271806747.8925067,-1181994345.8379478,-2331421150.525731,-1284903031.9015017,
2017-12-31,raw,2018,12,100.672,326000000000.0,349000000000.0,23193559489.0,-104000000000.0,-45776584421.0,173000000000.0,164000000000.0,60627220680.0,61801449847.0,22173143086.0,251525362.9,422231658.1,4754752842.0,1712256576.0,3106714454.0,6636443937.0,326000000000.0,264000000000.0,61801449847.0,411370039.9,730614393.6,13338260135.0,156132880.6,56664815859.0,4552889525.0,1922979408.0,89174021988.0,6397214212.0,3867670626.0,1604266826.0,2229117203.0,4492953544.0,2200553324.0,6154587915.0,83827488974.0,2932614722.0,23635810421.0,921755638.1,10091387315.0,951364584.9,38325582.03,15197070.06,861732092.4,2122531889.0,496854895.6,7085710445.0,150340056.9,89022221794.0,-1205385695.0,-59535915857.0,-6324734795.0,349000000000.0,311000000000.0,37675684565.0,-23193559489.0,-47319324770.0,24125765281.0,,67509727230.0,11756765693.0,31348642793.0,1228744709.0,32577387502.0,24137340658.0,32184065952.0,2835789747.0,3810403751.0,38090273.78,16950792.26,3865444817.0,5809676060.0,
2017-12-31,real,2018,12,100.672,419824737762.23773,449444274475.5244,29868803773.749344,-133931818181.81818,-58951357515.94252,222790428321.6783,211200174825.1748,78076095163.29544,79588274464.24191,28554705464.553757,323915857.4234484,543752439.0697771,6123198972.444492,2205054196.321678,4000845340.3457165,8546451949.46263,419824737762.23773,339980769230.7692,79588274464.24191,529764782.5897508,940889558.8909091,17177090685.217438,201068851.69925696,72973286682.05573,5863238192.925043,2476424311.91958,114838835571.52185,8238370487.6127615,4980809221.813374,2065984354.3745627,2870670384.02076,5786052280.33042,2833885650.8592653,7925914900.151878,107953538576.0013,3776638670.6175694,30438337152.74322,1187042389.7122595,12995748568.027752,1225172967.3985357,49355912.347637676,19570877.15550262,1109743710.776486,2733409183.102491,639852687.8869755,9125020028.930288,193608818.90552884,114643346379.37979,-1552302862.901005,-76670706325.45912,-8145031063.578452,449444274475.5244,400507648601.39856,48518970529.183784,-29868803773.749344,-60938107707.51966,31069303933.77032,,86939428008.38942,15140432742.3184,40370968526.91193,1582384739.9774911,41953353266.88942,31084210773.07561,41446831436.87412,3651946892.2795014,4907060599.790865,49052880.98460227,21829331.02888549,4977942811.75284,7481735363.107517,
2017-12-31,zscore,2018,12,100.672,-0.16710585375709305,-0.8819159255396078,-0.6340186275761384,-1.2327805178992186,-0.27020381347871886,1.8165423540420367,-0.11480157068601186,1.0059131829431447,-1.3455018181914542,-0.8835716818278242,-0.9253239871534916,-0.5971514945453585,-0.9101865320667178,-0.4746417497834277,-0.578271653667501,-0.2214717036010426,-0.16710585375709305,0.026914112579542734,-1.3455018181914542,-0.6007652778261215,0.12965194013517206,-0.49866572611217713,-1.2693082804159095,-0.29386048694193573,-0.17657962035732225,-0.9819423247645188,-0.8683531942911946,-0.12959683337907116,0.043772237449338884,0.44126047863327145,-1.1313731766821906,-0.3169679079668692,-0.41103393771381636,-0.9922647340260171,0.5564483459995552,-0.4364274837954905,0.14120676716403852,0.6258781865791939,1.1798266006078262,-0.07526662399896179,0.18172603619254069,0.279432835985086,-0.37712671597784553,0.8002479675219226,-1.2984663552701723,-1.762556789175043,-0.1637979527444133,-0.8396900735830926,-0.4760230668852552,-2.215613350465783,0.4645203831397409,-0.8819159255396078,-0.5764930114255868,-2.1959265449185983,0.6340186275761384,0.5008216511196295,1.3149173090278456,0.0,-1.0589841852099842,-0.4497129641130134,-1.188487213178836,-0.8272534621996043,-1.1804689565362945,-0.5195197741249822,-0.5949176281961257,-0.03765035772141033,-0.6580299306013511,-0.5367083063132649,-0.5511757684282059,-0.706082526809662,-0.9259053468658737,
2018-01-31,deseasonalized,2018,1,101.377,7713882972.626892,-28574623624.812866,-36590535211.63507,-37999738340.24237,5539754535.142891,-4118246526.1233444,1593773068.8045044,4357093669.123705,-840148535.6930542,51562209.53353882,1506430110.8780398,33890437.44954622,2229190716.6125937,452371320.91624665,-910413465.7683306,-570286933.0083046,7713882972.626892,9155986593.241058,-840148535.6930542,47894338.140152276,-10700935.652271152,-782286658.7155762,104297400.64181983,-3065254070.77639,-1933837278.0784512,-23041094.166208267,-18383376963.62114,1701379236.8118286,313863500.3299775,164932751.54736662,950671669.3694758,-6828269680.807251,-161920758.0212059,390577634.547287,10406743553.229313,-15643284121.759048,-337481611.93102837,91500372.79357708,-1953130484.0011973,315753726.56454664,-32158390.238393784,2132280.657924205,-440782553.1078136,78805296.03803515,86743639.85515296,-233147397.70588875,-1709668467.2677104,2774807338.387619,499295363.0250163,-2696763357.7559495,7375826074.4804325,-28574623624.812866,-33876946578.85144,5420269964.596214,36590535211.63507,42973789770.21978,-6367896865.411957,0.0,3197442934.54924,788539810.6426086,238813508.1079483,36599738.520760536,195219759.4962921,-5109192874.255554,-11262859925.362656,1496471074.2271261,209989691.8765211,70928837.0795002,304179455.39405406,575749068.1742716,-1238884871.0014992,
2018-01-31,raw,2018,1,101.377,361000000000.0,312000000000.0,-49235720708.0,-13375108528.0,-46860899353.0,11000287174.0,212000000000.0,13481675548.0,82503000000.0,24775252091.0,5199781768.0,389473302.6,8279849653.0,2292267955.0,3188077418.0,9049228397.0,361000000000.0,279000000000.0,82503000000.0,481586549.2,633149302.4,11725693412.0,875490577.1,37287699853.0,9610209185.0,2074360960.0,90398261628.0,6599714420.0,3615778829.0,1391369382.0,3505683413.0,5894360796.0,2008043408.0,5465998947.0,27814982228.0,6240860760.0,7695250312.0,409012311.4,1010036289.0,689560544.2,33098131.1,-234058764.6,463274996.1,1321632328.0,575555395.0,8252267602.0,183427654.3,82258000502.0,2085554957.0,-2101700478.0,-6462285349.0,312000000000.0,242000000000.0,70186301363.0,49235720708.0,36919022071.0,12316698637.0,,69077699583.0,12134332395.0,30050461066.0,1208122126.0,31258583192.0,25221114504.0,33196759469.0,3138133431.0,3671536569.0,-18857845.88,8110101.89,3660788825.0,5855331645.0,
2018-01-31,real,2018,1,101.377,461664933860.7377,399001272477.9782,-62965112864.94341,-17104760648.086725,-59928072023.42778,14067719807.849947,271116249247.857,17241043906.369373,105508980715.54692,31683836891.896446,6649742121.922408,498078023.5051304,10588687652.158163,2931467406.748375,4077073546.603549,11572607837.650177,461664933860.7377,356799214812.0382,105508980715.54692,615877070.3175592,809703132.4555905,14995405743.828995,1119621327.9018574,47685383618.98693,12290018248.700495,2652796995.5725656,115605837882.59357,8440046319.13866,4624039595.416455,1779353057.3874943,4483244047.089557,7538004673.231759,2567986778.791718,6990194023.129132,35571196483.731895,7981126232.68552,9841072649.117176,523065489.4479458,1291685142.8203044,881844662.1359204,42327552.645970985,-299326105.48084474,592459336.3818283,1690169809.6795921,736049150.597966,10553414339.829468,234576498.3120215,105195663050.61594,2667112441.236395,-2687760144.517869,-8264295119.765371,399001272477.9782,309481756216.8934,89757767802.43544,62965112864.94341,47213899951.83193,15751212913.111475,,88340032158.5529,15517993802.165876,38430039115.012634,1545007261.4833345,39975046376.49597,32254028142.335876,42453683558.57812,4013202667.2265506,4695345394.168046,-24116360.584338456,10371605.686013,4681600639.256932,7488092234.40889,
2018-01-31,zscore,2018,1,101.377,0.09171218526104268,-1.1216618103337905,-1.0389899585885582,-0.7868315683500502,-0.2775652703292991,0.15407059174839619,0.3939156523177994,-0.4914614225064352,-0.27646884077540307,-0.4345149535175421,0.22844107543060146,-0.8236479994248196,0.19168566804582232,0.03921239788581034,-0.5673588118854694,0.33161508271826806,0.09171218526104268,0.14919099778789846,-0.27646884077540307,0.04491091861590636,-0.8246369196909112,-0.8068421486811781,-0.35731859952271666,-1.8746021628147096,-0.08112583032209228,-0.8340066461570664,-0.8394419125442917,-0.06546513335802048,-0.012699365674007729,0.14757763429401372,0.2577736367218007,-0.24388171362072592,-0.6167308086504815,-1.2825975339465125,-1.047825637606795,-0.37589619196018975,-1.3120010403215434,-0.8098974512430283,-1.0332586917712983,-0.2442851348904745,0.13585887411205066,-0.6336837140568321,-0.5017534883621227,-1.518687890657348,-0.722574552373364,-0.8603054101715397,-0.16309825114226278,-1.1510228586992006,-0.05931312881260652,0.5741204413516025,0.45057534936412735,-1.1216618103337905,-1.0523802487106122,-0.846708752595001,1.0389899585885582,0.9884793146663868,0.7365576309792006,0.0,-0.9815898641268727,-0.1400067853198179,-1.3122949577864134,-0.8835004916781669,-1.308440279558008,-0.44200422171315035,-0.5531274919446644,0.0725616564601936,-0.7013847563422947,-0.5428369083444209,-0.5526413129587568,-0.7200040550868475,-0.9090719617932848,
2018-02-28,deseasonalized,2018,2,101.377,-7186117027.373138,-11974623624.812988,-4880133945.135101,216107620549.06766,-35975275547.56717,-184652602030.82333,-14810413300.595459,3411249781.0836926,1307951464.3069382,1038296819.5335464,32513593.778037548,-425576.92045378685,341508285.01259136,131874595.81624699,-898094019.0683274,1982852143.7916946,-7186117027.373138,-8723114879.658813,1307951464.3069382,266402.1001523733,-7435735.832270861,-1495053787.71558,116447782.79182005,2319804518.2236176,-817611166.8784542,-39677976.06620717,-1258482300.7211304,926194408.8118277,-518703171.0700216,-75929297.69263315,455066293.84447527,-5128700234.707254,-82891155.82120562,-421010183.1527128,7272325284.229294,-3903719066.1590424,528542968.0689659,134432346.90557694,-423644461.31319904,242481905.5245461,17695641.20360623,162287535.1599241,-1584158001.047815,-49181322.41196513,-35586763.61484718,630830681.3941116,-10472549650.433702,1084251558.1875916,144943519.36501646,495838750.4140625,-332031556.71957016,-11974623624.812988,-13176946578.851318,931500173.5962372,4880133945.135101,4230669401.0198364,467704053.98805237,0.0,1035743836.1492462,-15683930.957391739,-1737405276.7920456,286227850.3207607,-1531370912.9037018,731631407.244461,1817437004.437355,882595277.3471258,270981281.5765219,3160626402.3745003,-4367813206.216942,-945554438.9257202,-666541329.9014988,
2018-02-28,raw,2018,2,101.377,156000000000.0,371000000000.0,215000000000.0,346000000000.0,76404598581.0,-207000000000.0,45388493976.0,-1992334904.0,68445000000.0,19497696708.0,2791141103.0,336221362.5,5877898997.0,2104189938.0,2674432731.0,10499977140.0,156000000000.0,87177717050.0,68445000000.0,341864341.6,602953132.7,9154115364.0,721814613.6,46451372708.0,7846357941.0,1990968425.0,90077532576.0,4995825163.0,3409284378.0,874444756.0,3104494999.0,4505069218.0,1740915719.0,4972294378.0,27949651731.0,52633400476.0,14866492187.0,611549148.3,4639903631.0,579262375.0,25502784.62,-53003305.34,777055619.8,1379022881.0,521781892.1,8238170688.0,151498743.5,86287651155.0,1350315749.0,-3263802288.0,-6612871710.0,371000000000.0,291000000000.0,79635757916.0,-215000000000.0,-204000000000.0,-11190757916.0,,69248081802.0,11837260462.0,30260914893.0,1521503215.0,31782418109.0,25362679717.0,32318551999.0,2422272049.0,4363268908.0,35390073205.0,11443092717.0,51196434830.0,5301805766.0,
2018-02-28,real,2018,2,101.377,199500636238.9891,474453436183.74976,274952799944.7606,442482180376.2195,97710038644.19273,-264721998086.35095,58045086065.00977,-2547897954.8022137,87530904149.85648,24934633964.364384,3569451447.957012,429976767.53775513,7516952497.756513,2690943791.0171733,3420198919.313316,13427898204.64642,199500636238.9891,111487243700.88185,87530904149.85648,437193292.67066103,771086753.8201387,11706742559.763496,923092786.2807698,59404348778.33599,10034316675.566313,2546150432.815629,115195673459.93762,6388912170.238791,4359964118.786194,1118283879.345177,3970184150.6491017,5761308815.972341,2226370471.659982,6358819820.375312,35743418608.92733,67310236425.53534,19012016986.84911,782079770.3670635,5933741836.359589,740789822.832102,32614242.035614785,-67783289.34679109,993737759.8921925,1763563731.715537,667280893.9226512,10535386498.085838,193744203.3183168,110348982724.29771,1726851609.2886355,-4173914314.1940284,-8456872522.511615,474453436183.74976,372145417599.6528,101842207510.35971,-274952799944.7606,-260885447389.4473,-14311303360.503231,,88557925498.90105,15138083291.638657,38699178040.560265,1945774739.9497914,40644952781.78891,32435068847.866695,41330587731.55996,3097723172.5603833,5579967456.588457,45258603339.37116,14634001779.37976,65472572575.33938,6780215535.465007,
2018-02-28,zscore,2018,2,101.377,-1.4242220432737522,-0.7393643183646884,0.438422093900361,0.9815893316815465,0.5592890580831356,-2.0830896801833534,-1.3718789865366183,-0.9829265276486662,-1.002427306950313,-1.3452845443426957,-0.3331719898770269,-1.1918404232081328,-0.559114322930221,-0.1274130729583668,-0.6362516216583796,0.6641727451721491,-1.4242220432737522,-1.4145044203908936,-1.002427306950313,-1.2399052088307962,-1.1202901428023244,-1.298294509619929,-0.5521464210574223,-1.127050278340403,-0.11441743489077703,-0.9155009305862598,-0.8470161551058126,-0.5734159434476074,-0.058993341194160706,-0.5654975986462513,-0.1787956555851774,-0.3163360513075471,-0.9021567799954724,-1.4907603662202231,-1.0439685208198637,0.47295251163492497,-0.6582407827861948,-0.24275704972058207,-0.14867598982878383,-0.3154927154243685,0.06921511356399335,0.0295895712055136,-0.40361126243219786,-1.3525184759728544,-1.1160627737855617,-0.8712083993820322,-0.1637734500626196,-0.9655525278678903,-0.15241158218279002,0.5176740414574634,0.4353087304431179,-0.7393643183646884,-0.7144313410734202,-0.4545484011531073,-0.438422093900361,-0.40620626278052724,-0.4147412323093207,0.0,-0.9731798841046426,-0.3836856179837698,-1.292223951452719,-0.028769765124317222,-1.2576095028725272,-0.43187894905733315,-0.5893678837436287,-0.1883881465628012,-0.4854234717191189,3.267776120761623,1.3429658768809871,2.5135628371685566,-1.1131590251580465,
2018-03-31,deseasonalized,2018,3,101.377,-8421866542.942993,1255517412.498291,9507937137.93634,186568741510.11002,-141312879915.70944,-36220113439.162834,-4407340614.427231,-1914528326.377118,-1108168431.8147736,355761884.0313492,32896886.442226708,-22571945.467401862,953897284.7952089,-257485936.5562036,-222830404.3209114,-1963500294.1629562,-8421866542.942993,-7598764738.260925,-1108168431.8147736,-41455087.13805127,-38265552.62792027,-2851270904.719845,-430655724.47818005,3168453149.3007584,-1764205174.6205215,-15087252.503503323,28817679988.30664,1185066819.080264,-574277576.0885935,-37280248.939529896,-567659519.6577206,-5551580375.307489,-316131216.43895626,-560266354.3620644,4727854296.1783905,-27819939271.829765,9989735866.386381,161368484.9684167,4684439151.339332,200830085.4527263,-31995577.143428285,-64505548.78642853,-1768784859.654488,-76204803.51155448,-13232763.801037252,63772122.865083694,-10200486092.364147,3514781177.823166,-2879418719.778303,5001733.75101614,-87002304.05312347,1255517412.498291,2352227607.737915,-1183548113.039566,-9507937137.93634,-9316569084.840332,153398000.70663452,0.0,-1147350930.5136108,167100142.59496498,-26874177.660713196,235359996.2281847,139748543.80205536,8668251428.835526,20922593390.95671,1124488971.6401315,370720040.78246737,536312868.1028309,-2377442889.9495916,-1478423337.9441414,-940333814.6584272,
2018-03-31,raw,2018,3,101.377,211000000000.0,420000000000.0,209000000000.0,276000000000.0,-90257752342.0,22798567890.0,88160300439.0,5066178269.0,75463689195.0,21397639204.0,385379287.3,358977084.9,7849309972.0,1461067953.0,3083614617.0,7606213494.0,211000000000.0,135000000000.0,75463689195.0,346986446.9,632501982.4,9950966636.0,706945036.1,55815211277.0,6907995193.0,2304140389.0,126000000000.0,5802506371.0,3678988114.0,965062909.0,2344414692.0,4339822563.0,2077687944.0,5431760042.0,38504166996.0,29366271233.0,23815814679.0,770847894.1,9531811085.0,587759206.3,29731669.81,53471922.48,496063661.0,1620586546.0,535108778.3,8176912712.0,-1456709278.0,91400920290.0,-1885215059.0,-3230787366.0,-6229641662.0,420000000000.0,340000000000.0,79977248194.0,-209000000000.0,-204000000000.0,-4513558999.0,,69664070909.0,12249375893.0,37660061150.0,1902060725.0,39562121875.0,35243379365.0,51852932316.0,2629212480.0,4123111706.0,13823094912.0,4246269364.0,22192475982.0,5678060272.0,
2018-03-31,real,2018,3,101.377,269837399015.5558,537117097566.50916,267279698550.95337,352962664115.1346,-115426147549.55199,29155953842.26146,112743820696.15982,6478883256.190003,96506756457.33223,27364375866.73293,492842391.08768064,459077928.415177,10038091881.096422,1868487091.1019068,3943481269.277864,9727207893.734516,269837399015.5558,172644781360.66367,96506756457.33223,443743698.22343725,808875307.1232172,12725795994.070213,904076823.640674,71379295907.5327,8834291257.303707,2946650471.727256,161135129269.95276,7420536620.4826145,4704874804.222299,1234170925.3599336,2998155273.474575,5549983092.838593,2657051709.833828,6946407591.516143,49241062907.39927,37555062788.142456,30456860134.68177,985799008.4386853,12189758820.30352,751655997.5139312,38022352.84322144,68382580.48514041,634391128.1060399,2072487480.8163192,684323985.435373,10457046721.247936,-1862912998.5656312,116888088145.41109,-2410907716.1398935,-4131693173.524922,-7966778686.602011,537117097566.50916,434809078982.4122,102278922431.70862,-267279698550.95337,-260885447389.4473,-5772165974.376377,,89089913265.02278,15665117206.30792,48161577950.15536,2432450800.0172625,50594028750.17262,45071003888.01,66312134537.815636,3362368990.8172464,5272842363.021948,17677668139.332905,5430342562.564921,28380853064.919773,7261388697.867485,
2018-03-31,zscore,2018,3,101.377,-1.017507981959539,-0.4218630114750952,0.4048745012766922,0.6371317995245386,-0.5721882173178219,0.27514678498233636,-0.918571598896747,-0.75874334453159,-0.6399805262873015,-1.0174035986974417,-0.8941138054613463,-1.034503722053911,0.05710788735654716,-0.697179307578263,-0.5813699290249685,0.0008302618846898394,-1.017507981959539,-1.0246671002123167,-0.6399805262873015,-1.19280486874198,-0.830974883952136,-1.1460088579182364,-0.5709978232252472,-0.36316932373498656,-0.13212845312696134,-0.6094576485411091,0.0013182255218290415,-0.31794046638501205,0.0014715192009392155,-0.4404937638336077,-1.0059075814132763,-0.32495399525292357,-0.5423156126403397,-1.2970338342894216,-0.7416729223386411,0.04723163894277959,0.15761670453873336,0.20330874274383132,1.0434603351664358,-0.3100072318169248,0.10632057185081342,0.4196478132705207,-0.4914980668494388,-0.6530916413491994,-1.018543131861681,-0.9185872123182967,-0.19778213662971508,-0.7302071344919305,-0.5621053400493864,0.519277664714608,0.4741610346162439,-0.4218630114750952,-0.3764824334362283,-0.4403762689586952,-0.4048745012766922,-0.40620626278052724,-0.08771939965118994,0.0,-0.952646872503618,-0.045640195332275396,-0.5865664991499964,1.0091811784242386,-0.5026991828933439,0.27482558552516323,0.21674413468187845,-0.11295306085378659,-0.5604014002201999,0.9467964683778337,0.1499295119698071,0.5405962540413145,-0.9744325805227467,
2018-04-30,deseasonalized,2018,4,101.91,-26149139270.215454,-128744482587.50159,-102946608316.60928,-127857121343.98091,38943656222.01767,-14633924801.981045,-9324798128.608887,-14756991334.286148,-2682251991.632965,-959269174.6959038,1282841300.6331358,-27406060.021947086,500060516.88612556,-181599194.99620152,-749741658.6845431,935757800.7461395,-26149139270.215454,-22871492010.987915,-2682251991.632965,14231973.052858114,-12331237.537011027,-1860155558.265295,-92147107.5781796,-5036421904.426498,-1904668200.0750456,-250567244.6853199,-41633808079.2388,-641095428.1924534,885541551.5477729,98224938.19956195,164972902.34228134,-8510047273.762035,-374285049.6207733,-1011511386.2711506,3684851826.63295,-45661078165.73887,-9878125735.613594,-596768708.6134012,-4652477851.197026,229131868.51636374,-34630361.137973785,-2187931.797337711,-218236355.70903373,-41976786.32973528,-1756702.0646733046,-54596477.04400444,-9929470410.80598,-4375500074.267746,1847881350.4344263,620425534.7964516,582345273.765048,-128744482587.50159,-131647772392.26196,2957179343.869583,102946608316.60928,108517569182.79616,-5582007318.093346,0.0,-25163046.78630066,55777253.504060745,-1616848376.115223,-96584775.19908714,-1782170426.9252548,-15609853664.619026,-18301316564.316017,-39246145.37804747,1138080613.1461096,-1422186086.1698942,-2081403757.4950447,-2373522586.398674,-979381571.1129694,
2018-04-30,raw,2018,4,101.91,510000000000.0,296000000000.0,-214000000000.0,-90029277579.0,-130000000000.0,5502403678.0,314000000000.0,42167604819.0,91464000000.0,27763537723.0,9625544521.0,344465314.4,6905402014.0,2600139005.0,3447986150.0,11800815880.0,510000000000.0,419000000000.0,91464000000.0,372215594.8,599507318.1,9584311378.0,573402275.1,41658345167.0,6049226010.0,1962365857.0,67685165681.0,4129730592.0,3611564388.0,839272892.2,2972736127.0,3809892169.0,1654937117.0,4700845507.0,41940836111.0,11843963561.0,5731462305.0,-103985984.1,-1143338938.0,586822672.1,32967364.53,-142180180.7,1716059484.0,1471765291.0,522558317.3,8733781612.0,127187698.0,82842004450.0,4622505660.0,-6110429874.0,-6683943018.0,296000000000.0,224000000000.0,72214637948.0,214000000000.0,195000000000.0,19249362052.0,,69902056553.0,12067018389.0,32257484406.0,1066451484.0,33323935889.0,17029674598.0,16833521861.0,1721459859.0,2024552758.0,5842461100.0,1659226413.0,9526240272.0,5463151468.0,
2018-04-30,real,2018,4,101.91,648802472770.0912,376559866548.91565,-272242606221.17554,-114531799833.25516,-165381022470.80756,6999947279.344401,399458777352.566,53644012308.54748,116356998763.61494,35319709661.81982,12245249190.163536,438215583.8553861,8784788043.440722,3307797286.2548323,4386395961.17064,15012546124.801098,648802472770.0912,533035757040.52594,116356998763.61494,473518428.0584908,762670255.7393053,12192793964.401804,729460419.5625021,52996151678.15604,7695593713.006182,2496446706.8650966,86106476203.3061,5253685137.184103,4594493932.358434,1067690838.800522,3781801078.608988,4846798941.636483,2105347634.8796191,5980235664.807398,53355525840.905754,15067436952.501284,7291346894.259934,-132286987.48531644,-1454512019.977902,746533334.7765342,41939818.87799411,-180876181.99423215,2183105169.8818955,1872323451.2509663,664778683.1976823,11110782561.76383,161803319.54575604,105388426149.78607,5880574710.9838085,-7773454925.371445,-8503056388.103502,376559866548.91565,284964223334.3146,91868697393.84169,272242606221.17554,248071533706.21133,24488301369.77325,,88926719888.8258,15351198764.206593,41036736564.618546,1356698744.9186928,42393435308.265076,21664499979.710606,21414961978.12978,2189975320.1836324,2575558501.2625647,7432555311.260916,2110804313.019311,12118918126.814953,6950012120.697948,
2018-04-30,zscore,2018,4,101.91,1.1935375513668205,-1.2253357064610044,-1.9602307786919597,-1.1640330812193866,-0.8419999045366072,0.09765026911302596,1.4749397512008984,0.41962321770410876,0.1862793321790262,0.08118587476599223,1.2603783926711778,-1.1348404223459287,-0.23793817638266376,0.31196707428981135,-0.5324984438427756,0.9623662764029749,1.1935375513668205,1.2904419263992186,0.1862793321790262,-0.9608101367631091,-1.1540284017555578,-1.2160800705477146,-0.7403011066717821,-1.5180547180784256,-0.14833719190437292,-0.9434524230309653,-1.375827677890165,-0.847707598581278,-0.013644200886480964,-0.6140156682267248,-0.3221743661782648,-0.3525909264237438,-0.9940249277064136,-1.6052125494749037,-0.643242068735545,-0.2733756880633385,-1.4910281287365676,-2.246387048608714,-1.55802676099396,-0.31061185050600126,0.13471149051319595,-0.2970983913182734,-0.10991585096059078,-1.083990797103314,-1.1103812735199803,-0.487887584842466,-0.1642875544045173,-1.1241432567759637,0.2619240742035032,0.37940570929726847,0.4281034392849519,-1.2253357064610044,-1.1765247453936623,-0.762531087609228,1.9602307786919597,1.9036136120374998,1.0760910675828648,0.0,-0.9409000216681002,-0.19522236303652618,-1.1018108812210046,-1.2698998470266651,-1.108026984623027,-1.0278865916424886,-1.2283781158245417,-0.44385213377452315,-1.2155789316375079,0.08794232390131913,-0.27893141273852956,-0.3210123256980054,-1.0536702609340598,
2018-05-31,deseasonalized,2018,5,101.91,-18377519563.617554,-47031813979.425354,-28656101998.858246,1349409970.7317963,-53357568782.13937,23082174821.21438,-11329061180.941772,-2663369762.8379974,536202553.821579,247401369.08953857,-2047617010.9859543,-23376957.766492665,321277233.1143074,-288983615.11802125,637089086.1545472,-3614002711.243862,-18377519563.617554,-18495832026.117188,536202553.821579,5370076.999221563,-43642135.95792031,-1903906464.5871162,112297313.14363801,1119082019.1353302,-1096283422.3977528,120378537.62286139,-8645525315.147919,-477609482.9588213,14835211174.27959,-89346832.3831656,-142446030.4604473,-13536362622.900229,-145700975.42713594,-391999600.9175148,-2364281618.078903,-23935663460.972538,-71997189.81996918,-156645095.13431048,148855129.1211567,182434619.79636383,-33539963.744337447,80251584.26357129,155782785.03642035,-151360250.22791696,16047880.078962743,491298310.29235935,-9850164526.61872,-197983188.6140747,-3427312260.4410243,2245369770.187377,-164914708.4422264,-47031813979.425354,-46820147762.70752,-555204706.6086426,28656101998.858246,27428054271.567047,1147690593.2029877,0.0,-58972406.76087952,93961250.28678894,-1450309667.4188843,536765759.3354578,-818887701.3740311,1718793810.6064224,-5550981991.89875,-317275458.1216836,775583524.9306555,-288552997.9826429,-199162472.9441383,279854697.1058655,-1209169210.5166063,
2018-05-31,raw,2018,5,101.91,217000000000.0,364000000000.0,147000000000.0,93765843505.0,64982988144.0,-11952388284.0,92539076538.0,2932305696.0,70352000000.0,20172562985.0,12517882933.0,351753946.0,7325143893.0,1650468871.0,2968376063.0,6265366970.0,217000000000.0,147000000000.0,70352000000.0,387129319.4,619460479.3,9855371008.0,781811452.5,50128021382.0,5106413480.0,2236379322.0,100000000000.0,4075712803.0,16921289604.0,998507193.3,3185658230.0,2301779881.0,2193205879.0,6415943509.0,35599408856.0,8980661038.0,16022666227.0,419202636.6,4937387296.0,566480662.6,32271740.97,66423903.93,3276209505.0,1441107557.0,538420475.6,8819513267.0,146665036.7,87609551843.0,-470167798.9,-3032609154.0,-6429564756.0,364000000000.0,283000000000.0,80452397053.0,-147000000000.0,-137000000000.0,-10100397053.0,,70089290290.0,12057747217.0,33941774213.0,1924341560.0,35866115772.0,26540089206.0,36148451045.0,1483926806.0,4275476406.0,1722408086.0,535186471.0,6533070963.0,5609248840.0,
2018-05-31,real,2018,5,101.91,276059091355.11725,463066862918.26117,187007771563.14392,119285315936.11253,82668869403.5622,-15205370733.6617,117724669971.99045,3730367032.318869,89499120714.35579,25662762248.58512,15924771374.072395,447487901.9047787,9318767590.539474,2099663303.4016876,3776254372.1293097,7970559966.564812,276059091355.11725,187007771563.14392,89499120714.35579,492491097.467691,788053903.4376193,12537625647.17072,994590595.3372092,63770949466.10511,6496183711.393189,2845036145.4225492,127216171131.39043,5184965774.288469,21526616740.262817,1270262619.7877715,4052672425.5380235,2928236232.480875,2790112544.2923555,8162117674.102777,45288204892.01232,11424853114.832184,20383422487.151817,533293543.56435674,6281155071.8988905,720655009.1594504,41054873.21947423,84501947.29573917,4167868290.5036793,1833321855.9005198,684957913.6457423,11219847090.702404,186581644.07818857,111453517400.0351,-598129471.6533155,-3857969251.0988517,-8179446102.996526,463066862918.26117,360021764301.8349,102348459114.2502,-187007771563.14392,-174286154450.00488,-12849338399.894396,,89164911480.10342,15339404334.169188,43179425567.840225,2448073652.1220684,45627499218.69013,33763285302.72864,45986675342.75409,1887794864.985536,5439097381.339181,2191181618.2666664,680843736.8194093,8311122736.425257,7135871603.479933,
2018-05-31,zscore,2018,5,101.91,-0.9731391752707157,-0.7847216479203446,0.058216044165447726,-0.25961002648948533,0.4817472942331907,-0.08147411479685573,-0.8721641235376065,-0.8265165899809636,-0.903949373033998,-1.228820075784984,1.934773318022286,-1.0844456587029858,-0.10673556479767894,-0.529381828407322,-0.5968263485697642,-0.30653432339060593,-0.9731391752707157,-0.926845592045632,-0.903949373033998,-0.8236709216339417,-0.9586653315830653,-1.164278067018291,-0.47608343010141846,-0.8271175233971714,-0.1661321970318922,-0.6756762815077604,-0.6126900951199341,-0.8648150014534193,2.9702620994792697,-0.3943588156840434,-0.09047462466174255,-0.4312420020616589,-0.4188846836768411,-0.8820682236153184,-0.8248691258901552,-0.3257658061626701,-0.5528391450613365,-0.7813626660946564,-0.07618052942320579,-0.3237444826267209,0.12860788877675122,0.467095724104637,0.37805754280750636,-1.1727576315043156,-0.9943097490587062,-0.4215800717610452,-0.1638756681944289,-0.9047101921316721,-0.3829273120992968,0.5289037116827798,0.4538926008129518,-0.7847216479203446,-0.7696066729325537,-0.42065719384706907,-0.058216044165447726,-0.01834177252286354,-0.3613398267035753,0.0,-0.9316582592535757,-0.2028272160011673,-0.9411799634279352,1.0699510045440797,-0.8613443490569554,-0.347666225811041,-0.43132203840651273,-0.5304390135118081,-0.5128326015851764,-0.35544659606343204,-0.4652664748405677,-0.5246198075334126,-0.9998036130536467,
2018-06-30,deseasonalized,2018,6,101.91,-19127455776.461243,-63932369601.599,-45581124348.915634,-122058517710.46997,98903938947.46863,-22329567349.885567,15129217400.418243,-15711845837.288864,-17463058010.91928,-3486095553.998646,-771727779.4877882,51494680.04623455,612297969.78158,281550299.6965246,2651400614.9363656,-473198625.59659004,-19127455776.461243,-1308716369.310791,-17463058010.91928,-34370361.74077833,116335482.03480709,-3388355953.902565,199783739.86000168,7994462157.503525,-33443732471.485004,418409642.7237711,18978720375.432953,-306797854.8351822,1101939100.9195938,341910684.4504714,-141014496.0031762,-14794705479.162964,270008516.86922836,-1086388507.4766064,7088499339.409302,-15002810463.649849,9514303382.708206,81908091.72387123,5175021572.65752,172184288.1136365,50553533.83293523,-131609754.82097423,1509445612.4318728,459452536.6693561,38990686.01714444,-531408349.0776396,-51083725414.2805,4391096205.143219,1795358611.6880617,-3937733755.3317566,-412039150.6867895,-63932369601.599,-60605347893.42285,-3688010406.430481,45581124348.915634,59410795919.17978,-13833712101.71608,0.0,-309498626.27085876,195770090.39678955,-5111697184.103432,-273649562.65454197,-4618731979.274025,7009383550.030067,18943974154.34397,-462653050.1289549,537494300.2552042,158913585.598279,202303571.27495664,890698100.2667856,-1620385919.519331,
2018-06-30,raw,2018,6,101.91,316000000000.0,391000000000.0,74857990464.0,39349009553.0,21587975380.0,13921005530.0,162000000000.0,38001232645.0,71222211605.0,22403044274.0,313260920.0,434263858.3,7343395102.0,1612389979.0,3509606218.0,9089810554.0,316000000000.0,245000000000.0,71222211605.0,354072309.1,755472836.2,9586976588.0,1061816049.0,59813064869.0,-2269115961.0,2556437290.0,119000000000.0,4855489205.0,3748772146.0,1581566558.0,2670920062.0,3382975867.0,2371460806.0,6902809596.0,95593541318.0,6381430219.0,23843791317.0,569700347.2,9443471419.0,716469356.5,36717222.16,-123821157.4,3257250509.0,2209724040.0,648145898.3,7144161109.0,123268467.8,97059499474.0,-4090970981.0,-61857020363.0,-6556811583.0,391000000000.0,345000000000.0,46181686600.0,-74857990464.0,-99898515468.0,25040525005.0,,70379195904.0,12085210577.0,29488453990.0,1106503947.0,30594957936.0,35473128867.0,55102736114.0,1556230289.0,4789193743.0,827819484.7,283983454.2,5900996682.0,5383715027.0,
2018-06-30,real,2018,6,101.91,402003100775.1938,497415229123.7366,95231469254.20216,50058303331.45165,27463395703.223232,17709770218.255127,206090197232.8525,48343713153.701004,90606170598.97781,28500295142.253006,398518548.0749681,552453853.1367068,9341986079.814463,2051220794.9900303,4464786652.328799,11563708949.895828,402003100775.1938,311679619271.90656,90606170598.97781,450437234.67352176,961083616.151361,12196184542.516415,1350801721.9964085,76091890962.6766,-2886682444.1154547,3252201637.71308,151387243646.3546,6176967456.298988,4769044388.581258,2012008418.9821212,3397842236.8565593,4303692368.296359,3016881637.274811,8781490068.5214,121610443113.6633,8118211188.033303,30333158366.046333,724750968.6300775,12013622761.138985,911464882.6690118,46710244.1777584,-157520535.4948523,4143749381.7075257,2811126316.2578745,824546395.1624157,9088528222.32768,156817424.9474909,123475378950.11484,-5204376644.124482,-78692132881.7731,-8341324644.19211,497415229123.7366,438895790403.297,58750573456.4184,-95231469254.20216,-127087066395.48943,31855597142.559414,,89533718302.12917,15374342169.225218,37514082091.91973,1407651954.7911098,38921734045.438675,45127556325.10138,70099591072.86472,1979776587.652772,6092628907.908723,1053120252.3149465,361272877.07990575,7507022037.430791,6848956121.974703,
2018-06-30,zscore,2018,6,101.91,-0.2410538649051318,-0.6097719482056707,-0.34514908032897884,-0.5273855740738225,0.1871368406047914,0.1840435571799954,-0.135998121644504,0.2872964014008458,-0.8590114386184762,-0.8438966816185508,-0.9109293553741576,-0.5139589395555346,-0.10103061514841276,-0.5631173675730957,-0.5242336262940684,0.3409178012864388,-0.2410538649051318,-0.12796994201770787,-0.8590114386184762,-1.1276467941037074,0.3730430307681037,-1.2155707242543303,-0.1210982761882675,-0.03703339179572105,-0.30534076718185005,-0.36290374044012563,-0.16399170695864565,-0.6178602610584948,0.01711639611390562,0.4099464377117495,-0.650607644173992,-0.3748554664230764,-0.22841927038902038,-0.6767887306318562,0.893444005751521,-0.373324179223494,0.16016717130343905,-0.3599413912080784,1.021932347205332,-0.22691302950720868,0.16761382283484474,-0.22984248117798645,0.37212767356670995,1.0527053483865396,-0.19139271569719543,-1.7173492381508884,-0.1643704341499695,-0.46976308023866314,-0.841405549581089,-2.32835561797999,0.44099217076194197,-0.6097719482056707,-0.34199785102426994,-1.8429203451756044,0.34514908032897884,0.19643954666828234,1.359718490646489,0.0,-0.91734866499907,-0.1802998791428924,-1.365893638992515,-1.1606588238701556,-1.3728357333467078,0.29125812782132904,0.3508515830155649,-0.5040825426626424,-0.3524482306706963,-0.45171979264497114,-0.5069090606479387,-0.567616056459382,-1.0829587740513267,
2018-07-31,deseasonalized,2018,7,102.252,-11422764320.742004,-94500641694.52625,-83181761217.28918,-23440959380.53363,-66336453485.91673,6359470320.235285,-6950333894.705353,-6656867685.941641,1814838917.457924,661887248.7622757,345943829.6203985,17442790.36259824,212906796.39158344,317534840.4474337,1258699469.6763725,-2007791582.8193188,-11422764320.742004,-13004662516.059998,1814838917.457924,45878540.70285821,-17606120.187010765,-1905813317.985279,415563998.2327291,-6240697808.351013,-10236850694.729553,161795392.64377165,-42814076689.39975,516435179.71663666,2878743645.4968677,-350628750.6149826,559679471.4540997,-13429983721.519333,-870425841.328043,834315142.6988487,4916881940.883804,-7244959978.409843,-8395411494.587244,-282146857.54249233,-5161697942.693387,257398739.70000166,-35620264.95433746,32384251.92357117,-169138055.3590331,3910268.562993288,-51361369.24467337,-186721875.44218254,-4597569062.721472,-4252747791.304947,2086722588.4453444,-491373549.8253374,-348499450.5386152,-94500641694.52625,-97575881634.86475,3447788956.720459,83181761217.28918,84827314746.59976,-1669619448.580658,0.0,42722473.19274902,153675987.96224785,-2790939380.578888,-60310470.49363303,-3135029389.4740143,-11527935790.524494,-24780580757.543297,104357345.1528647,806000146.0770226,-428854014.15263706,-1374315191.270496,-1005182416.0350237,-1452984169.257515,
2018-07-31,raw,2018,7,102.252,225000000000.0,302000000000.0,76865229671.0,103000000000.0,-25354445140.0,-1109877217.0,110000000000.0,4295926625.0,66396000000.0,20117980444.0,3979121534.0,389003395.9,7716362861.0,1783048998.0,4158946942.0,6769355205.0,225000000000.0,159000000000.0,66396000000.0,446682358.0,644096277.7,9719631023.0,1151049920.0,43164941698.0,4194303945.0,2075329696.0,67867400607.0,5051756136.0,3970688562.0,1179849306.0,3212769343.0,3765069300.0,1725641137.0,8816705645.0,40559408611.0,7223923068.0,7965327973.0,320102514.2,261484599.9,617505567.6,28468463.63,-105810240.1,1475035393.0,1552862328.0,649900525.1,8481629833.0,133921304.9,83485008902.0,3820060236.0,-4464665791.0,-6858625759.0,302000000000.0,229000000000.0,73400630397.0,-76865229671.0,-69860599274.0,-7004630397.0,,70599499268.0,12046867866.0,32135110939.0,1186813456.0,33321924395.0,16684745011.0,17475291321.0,1466755723.0,4180011152.0,364340590.7,139674327.3,4684026070.0,5607170822.0,
2018-07-31,real,2018,7,102.252,285279016547.3536,382907835543.5591,97457942787.68597,130594394241.67743,-32147071887.302353,-1407220804.2403278,139469741423.15067,5446834323.287075,84183935923.01373,25507723004.36983,5045155013.075187,493220027.62636817,9783628481.371572,2260739842.6897078,5273156859.939483,8582911091.298264,285279016547.3536,201597171693.46323,84183935923.01373,566351572.441302,816654011.8402985,12323585686.420393,1459423951.8867114,54729120519.68576,5317986242.356825,2631324509.7173257,86049534670.1788,6405155654.733952,5034462791.036381,1495938887.510034,4073491904.7312326,4773756742.82948,2187952028.7867427,11178760513.747116,51425547556.83709,9159260748.679028,10099293024.953625,405860135.31249464,331538086.6744455,782939471.2775261,36095356.91991335,-134157516.60607713,1870207316.8336854,1968884612.2901068,824013256.2406076,10753915633.230822,169799725.14049017,105851205493.3761,4843480121.234363,-5660779849.195967,-8696097828.417185,382907835543.5591,290350643508.19543,93065154016.0531,-97457942787.68597,-88576724694.6466,-8881218093.039373,,89513580977.38068,15274304965.726206,40744323756.969,1504768780.2348707,42249092537.20387,21154700658.13975,22157039653.037262,1859709467.433967,5299864313.775692,461949890.6807906,177094021.01803195,5938908225.474514,7109369678.725228,
2018-07-31,zscore,2018,7,102.252,-0.9139807663522846,-1.1864579954132992,-0.33392607312653017,-0.2141703870920667,-0.13155710422762623,0.029793789119766666,-0.6871084465652996,-0.7832070610567077,-1.1082381546663742,-1.2382396109532743,-0.056175366397954514,-0.8268970094421098,0.015551375989524713,-0.4119240497773197,-0.4371405284609826,-0.19100422202428183,-0.9139807663522846,-0.8290240838789474,-1.1082381546663742,-0.2760507133218592,-0.7174541689340806,-1.1902192342148001,-0.007969063928349285,-1.3951499512111778,-0.18334770206149145,-0.8330599613354478,-1.3715240717026445,-0.5557026362972193,0.06686782081356539,-0.14420519027825296,-0.06097257773557056,-0.3549285287946538,-0.9184776729008826,0.1301756915209888,-0.6828080215420872,-0.35790900758081795,-1.2873796366250037,-1.0588612390412135,-1.2156774452133658,-0.29080322840305795,0.0952368365130746,-0.16386181239845823,-0.1853017703158043,-0.8491812950771405,-0.17855321405531516,-0.6829095680824494,-0.16414515918980216,-1.0945480737916373,0.16031574445787147,0.4593448822346457,0.4103939015737352,-1.1864579954132992,-1.142040162981704,-0.7133114088902849,0.33392607312653017,0.37032971163825595,-0.20972186565264,0.0,-0.9064746025473416,-0.21175120799546113,-1.1134816532200005,-0.941618787996284,-1.1082221716924645,-1.0525572437145723,-1.2018946509605846,-0.5366983129225723,-0.5426371917833481,-0.5015981329330258,-0.5308315647494899,-0.6503993193479747,-1.0005697860680056,
2018-08-31,deseasonalized,2018,8,102.252,9575157471.473206,72271000310.78912,62549629903.083496,16631390869.502686,13167456436.11419,32803849767.213486,14559889217.83992,644550945.093811,1101748008.3669891,371877491.15317535,-749560232.1387043,-24782504.735583484,509381238.5761299,231093347.77652502,-777314331.0863552,-6615852258.778416,9575157471.473206,8375259276.155487,1101748008.3669891,15144096.96558541,45038525.269352555,-2536355902.7107353,-770919319.0036343,7569423608.692619,24933563820.083183,330914966.9274087,26228099812.569366,-234679126.22699642,-270081106.75040245,262714373.26592636,-282048539.7368121,-8780882230.800255,328172571.1574125,1409261.8906669617,-2398106733.276245,-6581326623.238052,5117198191.358208,-428609349.3434012,4424308114.988438,-47646870.92090714,-36128152.24433749,173632700.32629827,1332345312.9636924,-112390054.94700718,13815976.918962598,511192083.5960016,-424369044.1778782,26270732772.989548,1218738195.678987,2793055573.386512,-5901740541.600433,72271000310.78912,49867534685.805115,22228893046.911346,-62549629903.083496,-41759334763.2184,-20907992869.31704,0.0,16797715586.335464,5551760808.142246,1457640788.2020264,356104832.37545824,1442466006.0259857,9837186612.036419,19354803142.96488,-338693495.5644064,785610586.2715702,-103121400.67536032,-1331790478.1613963,-657314650.277731,-1713510820.6856947,
2018-08-31,raw,2018,8,102.252,219000000000.0,433000000000.0,214000000000.0,214000000000.0,40188529422.0,-40301014252.0,106000000000.0,-3452978047.0,67780000000.0,20555394189.0,3816799886.0,370885833.7,8154056676.0,1931997424.0,4249193057.0,9271245096.0,219000000000.0,151000000000.0,67780000000.0,392993353.7,689925557.5,8785472243.0,580538782.4,58844372923.0,7391474253.0,2351238541.0,132000000000.0,4701422127.0,3738588371.0,1120321537.0,2708636318.0,3693298463.0,2852230224.0,8843753822.0,38356638083.0,6927621456.0,23772631522.0,132003629.6,8818368930.0,668033373.8,32719443.6,161857988.3,2298892618.0,1654804127.0,819263859.0,8475891859.0,122226101.7,117000000000.0,2903491279.0,-4609646128.0,-12591705259.0,433000000000.0,327000000000.0,106000000000.0,-214000000000.0,-176000000000.0,-37996263807.0,,89435441432.0,18014522371.0,35709233724.0,1761363511.0,37470597234.0,36901663121.0,58000531559.0,1631571461.0,4190135905.0,303834888.5,122224135.4,4616194928.0,5527980440.0,
2018-08-31,real,2018,8,102.252,277671576106.0908,549003618511.1294,271332042405.03854,271332042405.03854,50955307333.3002,-51097927607.42863,134398114462.3088,-4378054139.590052,85938718851.46501,26062322839.91603,4839346301.493917,470248648.39680594,10338583419.558502,2449592555.958847,5387580517.425792,11755074147.361578,277671576106.0908,191453917771.77954,85938718851.46501,498278922.01414347,874761264.5977097,11139159472.831612,736069035.1585338,74609177052.52962,9371700025.470778,2981151193.976509,167363689707.7808,5960964803.3979,4740181394.463346,1420463227.9652429,3434298244.371044,4682758014.846634,3616361925.6415915,11213055079.675821,48632639957.24893,8783577937.689003,30141479739.28346,167368291.70208505,11180869404.009506,847004017.326554,41485203.07637601,205220834.32247585,2914781445.3822713,2098137306.3513868,1038750168.8369323,10746640417.32107,154971298.17507923,148345088604.62387,3681356162.786391,-5844601395.676251,-15965107968.629602,549003618511.1294,414605504048.82056,134398114462.3088,-271332042405.03854,-223151586277.04105,-48175718983.71007,,113395799005.33067,22840734335.863026,45275978126.41028,2233244667.5576615,47509222792.700035,46787867396.091675,73539264899.44563,2068680452.5369284,5312701556.347358,385234303.04024374,154968805.09005594,5852904663.336541,7008963659.627587,
2018-08-31,zscore,2018,8,102.252,-0.9583495730411079,-0.33762797087173374,0.4328308284630829,0.3320408424711887,0.3134167358050816,-0.3723930883523467,-0.7295015484822838,-1.0293175481327574,-1.0367680652378584,-1.1627533093147893,-0.09402325281112602,-0.9521647297718508,0.15236539068686494,-0.27996497231772977,-0.4250362303132649,0.3825083575195869,-0.9583495730411079,-0.8942384226567371,-1.0367680652378584,-0.7697481704123911,-0.26873585729521066,-1.368745621263296,-0.731253561831593,-0.1160571087229643,-0.12300308400214902,-0.5634315840357264,0.14301245336223592,-0.6666532165176606,0.014833296358587033,-0.22632118091029782,-0.6095651847813616,-0.35867152165692234,0.28528291690319985,0.14158013354097065,-0.7458983500280121,-0.36333046630584226,0.15367994820927133,-1.585572718151749,0.8695976207230302,-0.2581828970296204,0.13253616077184996,0.8167061634960009,0.07237883773619327,-0.5540175758546702,1.060764915408615,-0.687347494611056,-0.16439247700854823,0.4480264623227422,0.0442567103702576,0.45230279865068757,-0.17083230901482835,-0.33762797087173374,-0.46614234770732005,0.6395896990827405,-0.4328308284630829,-0.24411363998627972,-1.7275650332425436,0.0,0.02325796126625846,4.68332948453221,-0.7726171411427917,0.6254367976447,-0.7056520951728649,0.3934322319914291,0.4704329414843722,-0.47661875639442103,-0.5394762080601737,-0.5081095923387681,-0.5337243290275934,-0.6550134679599869,-1.0297675763110048,
2018-09-30,deseasonalized,2018,9,102.252,-32175797876.694763,-152896159732.0086,-120201210649.81041,-147833744365.46582,32489773053.866394,-4923896256.202282,-13233019236.568115,-26651637404.668762,530541587.69078064,-270932100.26172256,-679151081.1899798,24647822.171104908,2069671128.2232933,496521507.2258916,-858428294.8916655,6241093387.736938,-32175797876.694763,-32617152433.399048,530541587.69078064,-74730839.92989057,-73085635.67447817,-3516534692.1968193,-251195696.39727032,-7719691272.240189,-50462680127.69887,-34642197.10443163,-31512751277.629242,-3655372437.605831,-1130253444.2851553,-1232246470.071878,-1048100278.0753708,-4165720575.532295,-1450433621.8294277,-2648768470.6805,2353292246.963871,-6246268609.427864,-7795423636.250717,163807965.25398448,-4410304241.120846,79167526.62181902,-21294471.874281228,-77872350.81405416,287352943.02156234,-113034897.56568599,-90141132.21631837,264809968.28152275,-1331999553.2741694,-26255750482.623,-4715422489.320709,637382719.5342634,3816488831.9860153,-152896159732.0086,-130454961842.0362,-21750939750.90262,120201210649.81041,97912337508.79947,22242190764.734352,0.0,-16358693949.121872,-5300955680.398115,-2607862570.5656967,230754943.07197428,-2434388689.8740005,-12016195381.582497,-17450510856.28756,-3119498449.0377655,-575450369.9024782,-16133305.570493117,-1401433382.1009593,-1999694854.7897902,-2011743124.4153452,
2018-09-30,raw,2018,9,102.252,344000000000.0,224000000000.0,-119000000000.0,-24436111249.0,-66741859539.0,-27938038093.0,162000000000.0,42181931676.0,74802580213.0,24440264848.0,248190933.8,431154927.3,16079013449.0,2289621709.0,4572481490.0,16565585357.0,344000000000.0,269000000000.0,74802580213.0,367863044.1,623617643.1,6437151091.0,546131403.9,48986401145.0,5417173105.0,2711712099.0,69965593791.0,4782085353.0,1140476046.0,367186300.2,2137626010.0,2372705079.0,2829587927.0,8286971604.0,28981353837.0,-35181841074.0,8225149209.0,349629850.0,1088934567.0,665832479.4,31620687.46,-303327938.6,2104883187.0,1791653963.0,656412518.3,8556420240.0,111425333.6,58637423903.0,-2090400372.0,-266260128.0,-5887856565.0,224000000000.0,168000000000.0,56782550906.0,119000000000.0,101000000000.0,18020029307.0,,52286433189.0,5936113173.0,32901051166.0,1776779972.0,34677831138.0,17062763400.0,19303680137.0,1855286155.0,5297795205.0,110664272.2,37069402.4,5445528880.0,5166992691.0,
2018-09-30,real,2018,9,102.252,436159918632.3984,284011109807.1431,-150880902085.0448,-30982710157.139755,-84622453563.67792,-35422826806.3713,205400891914.0946,53482755487.09753,94842695637.19632,30987976533.307983,314682957.8241482,546664238.3986211,20386689527.92174,2903026797.3732934,5797480100.658569,21003617329.67201,436159918632.3984,341066913116.6139,94842695637.19632,466416033.0887279,790689013.0006514,8161707256.032019,692443688.0454113,62110188190.39892,6868470292.716329,3438198047.8323555,88709847950.43604,6063238251.33042,1446017265.771975,465557984.93652153,2710310426.1281934,3008368762.195693,3587653604.661444,10507107152.64429,36745653870.35659,-44607293430.73782,10428722121.327837,443298043.39377224,1380667477.1474593,844213488.4823025,40092082.76062239,-384591537.8450847,2668795580.152975,2271650135.812483,832269856.3110921,10848742894.369205,141276931.5016391,74346784995.19167,-2650432721.397254,-337593010.94049996,-7465253024.15591,284011109807.1431,213008332355.35736,71994979020.06099,150880902085.0448,128058580761.2565,22847716617.135334,,66294321061.89702,7526437902.698803,41715464533.38063,2252791302.3697534,43968255835.75038,21633992721.476353,24475266156.569084,2352329820.9436493,6717110248.674158,140311976.62286508,47000545.15853382,6904422770.96272,6551264859.537085,
2018-09-30,zscore,2018,9,102.252,-0.03399943369062324,-1.691868239033468,-1.4290605621505368,-0.8412607926423018,-0.41253789335441826,-0.24552188343655415,-0.135998121644504,0.42007824843474606,-0.6741203514791622,-0.4923250894796447,-0.9261014625881272,-0.5354545853125815,2.629542621114505,0.03686798787579029,-0.38167503320532864,2.054602686772707,-0.03399943369062324,0.06767307431566132,-0.6741203514791622,-1.0008340344021944,-0.9179621931160659,-1.8175315234801777,-0.7748746620036773,-0.9202483425596756,-0.16026680073693525,-0.2111634264020085,-1.3219737611914968,-0.6411072189917607,-0.5676373113971523,-1.2652387665791254,-1.2309329944298963,-0.42754311096653375,0.26108961953705984,-0.09317840574757005,-1.0144191765101505,-1.1338113000022536,-1.2636932513208528,-0.9761792670216333,-1.0140315285291843,-0.25960377614639357,0.12289535751321207,-0.887442384434243,0.011697852450299752,-0.15778063512003487,-0.13090162946575515,-0.6250643545435612,-0.16462088025743524,-2.2381930710800995,-0.5880865922550998,0.6632726989992681,0.50881160186635,-1.691868239033468,-1.562752068407596,-1.4029756088289462,1.4290605621505368,1.3594455212282404,1.0158833888520395,0.0,-1.8103982676697474,-5.224212517445405,-1.040433843320358,0.667484398390063,-0.9766505818212027,-1.0255199569657594,-1.1264437702561827,-0.39506902232502605,-0.1936610540388614,-0.5288980896321629,-0.54784065342938,-0.5985988184245948,-1.162865110498861,
2018-10-31,deseasonalized,2019,10,102.64,12124202123.305847,-9496159732.00879,-21562570599.311172,-58391244310.06601,36887968106.866104,195931436.37748146,4266980763.432358,-316192914.66872406,1881008188.7907944,-72905527.26171112,212714422.2700591,-26954605.188895226,7591185223.92329,-166985804.3741057,-205966744.39166164,-1120301034.6630478,12124202123.305847,10182847566.601501,1881008188.7907944,5313035.130109072,16956621.265521526,-2188392739.2968254,38624998.32272947,-2283380100.440201,-5403701474.298933,262222641.95556784,182145324.67074585,-754572265.5058317,-275106072.507154,903518082.3981197,-840908913.2753701,-4009941075.4323044,514482266.8705702,-359969348.18050194,4928192594.563797,-4992446047.527834,1534587239.6492805,-33317869.30601597,260267918.1491499,200132840.91181922,-24998552.537281085,-76286645.37205449,226221481.95556307,181355557.53431296,19546405.16368115,79178448.88152122,-1358586593.3212283,1134200153.0769958,-1484209673.9806938,-751156067.6856735,4986826916.586014,-9496159732.00879,-11954961842.036377,2615369762.097412,21562570599.311172,22018412707.500214,-738073082.2656555,0.0,193159791.8781128,64496592.10188675,-1535254013.265709,229622204.3719728,-1362912871.3740005,2627551594.2175064,2998866047.112423,-1121840732.2377653,-331450993.7024894,-5696053.929645896,-1428996029.0809646,-1684673948.289816,-1746803348.115344,
2018-10-31,raw,2019,10,102.64,253000000000.0,353000000000.0,100000000000.0,80897147301.0,18116095316.0,1477899928.0,129000000000.0,8000142466.0,61777000000.0,21477815178.0,2941017882.0,357080965.3,14715316764.0,1953669909.0,5550559304.0,7053111143.0,253000000000.0,191000000000.0,61777000000.0,444328793.8,671968343.7,18311593994.0,660455639.0,63385595053.0,5097310936.0,2918855223.0,97165217712.0,5337623885.0,3781860494.0,2130421635.0,1611740023.0,-2167389140.0,2999516878.0,6400247200.0,31647532106.0,6097036752.0,16839924233.0,641294129.5,4747395404.0,730308182.7,32458656.95,47345447.75,2108961903.0,1787316539.0,632001409.5,9160670214.0,99882369.46,88651930609.0,3357664041.0,1328644019.0,-23477043262.0,353000000000.0,279000000000.0,74060973207.0,-100000000000.0,-88207169338.0,-12283973207.0,,71492289851.0,11955890338.0,31891005432.0,1381671489.0,33272676921.0,25733678461.0,36559178410.0,2006649331.0,3731426490.0,284187337.5,117071562.5,4132685390.0,5891753669.0,
2018-10-31,real,2019,10,102.64,319567790335.152,445879169914.2634,126311379579.11145,102182302796.03902,22882689919.50639,1866755787.8554947,162941679657.05377,10105090317.098948,78031380962.58768,27128924654.783592,3714840260.422564,451033893.48483825,18587119614.04466,2467707414.4798713,7010988031.239126,8908881987.971336,319567790335.152,241254734996.10287,78031380962.58768,561237829.3160055,848772485.2623754,23129626996.747116,834230629.128936,80063219565.87332,6438483764.698519,3686846300.08825,122730726963.07436,6742026365.887665,4776920163.7288,2690964958.0203624,2035811058.2799883,-2737659123.581839,3788731149.3100934,8084240534.793452,39974434405.830826,7701251234.896648,21270740618.779404,810027462.1313035,5996500628.867731,922462340.7475078,40998977.38639614,59802688.22093238,2663858874.4771824,2257584177.8565273,798289699.2988795,11570968925.996141,126162798.82123108,111977476575.74448,4241111771.8188424,1678228590.0942516,-29654177228.617027,445879169914.2634,352408749025.72095,93547436987.4778,-126311379579.11145,-111415692478.51079,-15516056024.89012,,90302897603.49518,15101650026.893492,40281968922.80857,1745208319.0071511,42027177241.81572,32504564280.541756,46178402612.45966,2534626453.3011107,4713216277.499415,358960946.5853955,147874705.6885717,5220051929.773382,7441955340.716816,
2018-10-31,zscore,2019,10,102.64,-0.7069263351377761,-0.8559974515078043,-0.2045734313866247,-0.322934588439601,0.16356610988139866,0.0563500487304991,-0.48574121245962426,-0.6655586444801708,-1.346764414110243,-1.003567298794421,-0.29822582356183513,-1.0476137959779037,2.2032793020765054,-0.2607644933085941,-0.25048993485152093,-0.12595835387929155,-0.7069263351377761,-0.5681667287677885,-1.346764414110243,-0.297692922481609,-0.4445564395351743,0.45178439483323973,-0.6299363049186114,0.25440561019062174,-0.16630400193689643,-0.008735467295025225,-0.6796354763522378,-0.46516848373693637,0.02453447037641596,1.1670683510373145,-1.8031969611025398,-0.6643181154957922,0.4426587263577697,-0.8886863275236971,-0.9380562232859804,-0.3785277534889187,-0.47833450363542085,-0.15946563054346327,-0.12248071764990005,-0.21797879842904616,0.13024794349269164,0.39720426454875296,0.01297356623547826,-0.17033927360045648,-0.30953019681563554,-0.1577187392576648,-0.1648649786851538,-0.8567332454359028,0.10176558808650753,0.740741468516444,-1.27440042776486,-0.8559974515078043,-0.7971943388621203,-0.6859066298969878,0.2045734313866247,0.26412100946139216,-0.46828243609800985,0.0,-0.8624069116161353,-0.28637723408218674,-1.1367620242492558,-0.41015357210719117,-1.1130009431564865,-0.40534373353114506,-0.41437283091439675,-0.3398932690922097,-0.6826869110256534,-0.5102240084368718,-0.5345784846099995,-0.687903742218636,-0.8956430252214486,
2018-11-30,deseasonalized,2019,11,102.64,7724202123.305298,26803840267.991272,19114190039.18933,57581110198.434204,-22185505450.483765,-16362321442.80235,7680652451.031982,1562798609.1812477,1051108188.7907562,-462535629.16173553,-964035352.129971,40921228.5311048,121426534.62329292,-214317749.97410727,860214118.5083332,-1942272207.3630533,7724202123.305298,6482847566.601105,1051108188.7907562,-59009213.16989082,129453970.88552153,-10046061.396821976,806190918.642729,6674235693.059784,-1993541119.8988705,-251105023.20443296,15633839549.670715,-741097670.5058336,-338905377.0071564,-617644630.3318794,56066152.92462826,-3813011244.5623026,525640184.6705704,-205536870.3805027,3320911373.063801,-2507027159.027851,9195061324.649277,49603232.22398424,3948190787.4291496,-1329749061.3381813,6308792.622718841,142926005.44794568,-2765768612.6484394,-136050921.6656866,-40478815.06631839,-390463852.3184805,-1422703384.4241774,4376695775.076965,-1562146209.4897041,370454477.2242956,259599468.5860138,26803840267.991272,25845038157.963684,1132959424.6973877,-19114190039.18933,-18663807570.700256,-134747791.76564407,0.0,314431136.6781006,-18844591.398115158,-2428667165.8657036,131647659.87197328,-2354300568.6740036,7960403410.217495,13314883448.71244,-873712841.9377642,-134122052.90248537,93763338.4305096,-1348680778.9619567,-1395717290.1897898,-1993479746.1153479,
2018-11-30,raw,2019,11,102.64,206000000000.0,411000000000.0,205000000000.0,200000000000.0,21722711076.0,-16957092801.0,93370968243.0,-1645941749.0,66625000000.0,23199412506.0,2650385421.0,445979453.6,7534600374.0,1405199188.0,6284730077.0,6090795061.0,206000000000.0,139000000000.0,66625000000.0,372323679.7,777380102.2,17103475960.0,2109915798.0,57095520209.0,5630215483.0,1807529078.0,121000000000.0,4663004200.0,3663717562.0,477657553.7,3279297366.0,3285801816.0,3268005022.0,6466481654.0,35371318650.0,6790655848.0,25577811256.0,771444963.3,9714605053.0,760828754.2,44748270.2,139133285.7,1838558179.0,1706693615.0,502317078.9,8107839908.0,110885904.2,92638420351.0,4788917854.0,-2538345565.0,-6068693551.0,411000000000.0,329000000000.0,82166306924.0,-205000000000.0,-189000000000.0,-15541306924.0,,71265029988.0,11647280527.0,30598728159.0,1353065809.0,31951793968.0,34294855020.0,52186365065.0,1616036923.0,4100699185.0,73759505.79,38077088.39,4212535780.0,5427835412.0,
2018-11-30,real,2019,11,102.64,260201441932.96957,519139770070.1481,258938328137.17847,252622759158.2229,27438256042.080044,-21418737853.453293,117938158114.10735,-2079011730.2304559,84154956644.58301,29303497990.57751,3347738389.428741,563322800.4815433,9517057678.17229,1774926480.1972718,7938329263.082053,7693367268.885483,260201441932.96957,175572817614.9649,84154956644.58301,470287176.3287821,981919531.6623266,21603636441.057674,2665063752.4114184,72118139253.85828,7111602849.854033,2283114914.7153935,152836769290.72485,5889904934.85191,4627692196.444387,603335845.742305,4142125743.4960637,4150341604.0250974,4127862228.002845,8167902187.397544,44678000562.13854,8577371084.078409,32307686263.594852,974422775.8377999,12270651663.10637,961013295.6645869,56522157.42740842,175741172.62141657,2322308200.2594895,2155748250.295109,634483632.2200837,10241124441.860561,140061515.3537919,117012866765.64444,6048948208.297778,-3206219301.636691,-7665450546.696668,519139770070.1481,415564438815.2767,103785395824.91138,-258938328137.17847,-238728507404.52063,-19630439180.32837,,90015842535.31029,14711840717.102901,38649675671.29495,1709076089.9611652,40358751761.25612,43318304500.41816,65917317665.79296,2041238531.949123,5179649712.962879,93166649.3340836,48095695.64896668,5320912058.981683,6855973790.180748,
2018-11-30,zscore,2019,11,102.64,-1.0544819875335583,-0.4801795780466531,0.38250943952757965,0.2631493360397871,0.1880515665603839,-0.13283334126087076,-0.8633475060791168,-0.9719248452554233,-1.0964125401583322,-0.7064641174542514,-0.3659914266556905,-0.43295544143939,-0.04126381014200221,-0.7466755720651843,-0.15201897100191453,-0.3465517463022394,-1.0544819875335583,-0.9920599308234217,-1.0964125401583322,-0.9598162416261886,0.5875389044768508,0.22090185927739797,1.2076650918627276,-0.25872459180594753,-0.15624575722270778,-1.0947646778739937,-0.11676029767851002,-0.6788201520192509,-0.001951984709426023,-1.1128484356477537,0.011422563565026326,-0.37992328776241396,0.729538344051815,-0.8607596029104947,-0.8314019380183563,-0.3658365390386489,0.31824764629677055,0.20498064633928362,1.0880064209810048,-0.19827497135023078,0.2380805545286575,0.7334571512225458,-0.07160152020604021,-0.4037760221753032,-1.2584967666097246,-0.9720102548899164,-0.16463228754128437,-0.6732494561516099,0.28299574409646533,0.5529114190606785,0.4904781397005041,-0.4801795780466531,-0.4523485147425367,-0.349528500510974,-0.38250943952757965,-0.31937092914075177,-0.6278132895222558,0.0,-0.8736243433346689,-0.5395202278806713,-1.2600066603815903,-0.4881740861336994,-1.2411739691092434,0.20698358246325696,0.23050367770007407,-0.4822814932497431,-0.5673986686055427,-0.5328696804016212,-0.5476736066683976,-0.6824719957475662,-1.0666914229647975,
2018-12-31,deseasonalized,2019,12,102.64,-29675797876.69458,-58496159732.00842,-28302127232.710533,-9047181148.665886,-34629419728.73361,15481217824.09765,-5233019236.567902,-19257225413.268745,-2525865171.8091736,-2106616761.8617287,-346506682.5099651,21493267.311104953,836933025.2232943,243096049.8258934,998135854.4083328,-2301357121.563056,-29675797876.69458,-27617152433.398956,-2525865171.8091736,60153477.770109415,-49994507.30447817,-939320239.0968151,-59006566.36726987,-9706312438.640182,-1186164358.1988697,-628879778.804431,-20258045553.62918,615276152.894167,-414060307.30715466,-202293720.05187845,1050440807.1246305,-4281960759.6622906,-457153860.7294283,-829382511.1805,11548814299.063843,-8915752103.207842,-7820561837.25071,-512343754.92601556,-3918103622.4808464,-288816130.64818084,74310466.38171887,-346212408.9250543,1155694503.4415646,-275765533.46568584,52154124.32368183,-250963965.2184744,-1200824752.7211943,-5111490556.52301,1323028330.839299,-6206826860.375702,-270042892.113986,-58496159732.00842,-51954961842.036255,-5937529917.102592,28302127232.710533,24945367176.699615,3416304374.03434,0.0,-1497795312.821869,-496336304.9981117,-3887587262.9656982,-179130487.82802606,-4123998813.173996,-7169501766.282486,-9306119880.987537,-13244511.437764645,-620119413.1024799,178971172.47551817,-1327568685.0759563,-1775394723.0897846,-2074312930.0153437,
2018-12-31,raw,2019,12,102.64,313000000000.0,326000000000.0,13539358629.0,58595102585.0,-57264118443.0,12208374487.0,151000000000.0,46754897494.0,69584923852.0,24342781444.0,291882858.8,423639732.1,7178692454.0,1674627407.0,5991866011.0,5783271932.0,313000000000.0,243000000000.0,69584923852.0,460989486.3,628095692.6,15244983565.0,1012735923.0,51445113066.0,6255624500.0,1895334811.0,71255993665.0,6526576828.0,3954473932.0,1062929396.0,3947426329.0,4045802202.0,2037704345.0,6352992278.0,97202544982.0,257774657.4,16063009372.0,263573358.2,5406180874.0,808362206.6,32802652.91,-306842870.3,-449172084.5,1991764723.0,600676461.6,7746365352.0,130875291.7,88752393922.0,-188433260.5,-61702140688.0,-6613114081.0,326000000000.0,285000000000.0,41587565372.0,-13539358629.0,-41536717110.0,27997358481.0,,71459922377.0,11799592016.0,33439774025.0,1379952674.0,34819726699.0,16820730473.0,17808216914.0,2226015200.0,5304155457.0,43852342.67,15791022.16,5363798822.0,5473817754.0,
2018-12-31,real,2019,12,102.64,395354618082.61884,411775097427.9033,17101750670.45337,74012282440.90909,-72331098009.1697,15420566238.71397,190730183164.45828,59056756045.47081,87893677296.53539,30747703069.84435,368681265.70522994,535105190.06076187,9067505474.388971,2115244980.5916016,7568408621.025973,7304930562.120732,395354618082.61884,306936652377.24084,87893677296.53539,582282179.860189,793356334.400035,19256149057.560307,1279200715.8345478,64981032039.69832,7901565607.238893,2394023547.4172444,90004428631.06577,8243809230.7374115,4994950578.605534,1342600784.0395167,4986048654.028975,5110308576.388269,2573852469.912997,8024552190.896219,122777875552.77057,325598725.9672681,20289408739.695168,332923144.94541305,6828621644.491465,1021053455.1526071,41433483.429168545,-387577462.61607367,-567355456.6162022,2515825499.5913677,758722725.4539516,9784540943.349493,165310386.47445634,112104373172.36566,-238012650.9234509,-77936825132.85706,-8353115628.851578,411775097427.9033,359987431800.46765,52529827554.73803,-17101750670.45337,-52465600413.51383,35363849743.06046,,90262013800.55087,14904227460.11629,42238239899.11487,1743037260.0682385,43981277159.183105,21246496715.730297,22493804462.51407,2811710508.760717,6699751932.757423,55390499.004236355,19945857.939939205,6775088289.916328,6914054720.723733,
2018-12-31,zscore,2019,12,102.64,-0.26323826824954344,-1.0309471512224782,-0.6879978271691972,-0.4326789782242953,-0.3481931351479754,0.16646821276396478,-0.2525791519162108,0.5653187556404728,-0.94356136790108,-0.5091482042610292,-0.9159139920015003,-0.5874158458919442,-0.1525132491997138,-0.5079788622334176,-0.19129948708415134,-0.4170458090572145,-0.26323826824954344,-0.1442735267121553,-0.94356136790108,-0.14448945693294177,-0.8741172359217945,-0.13427323487143172,-0.18332124073944708,-0.7196721370352597,-0.14444154767925615,-1.0089576523456798,-1.2915000588995322,-0.08862776690161663,0.06323266412701434,-0.30549116479981664,0.7384739398460601,-0.340287745820506,-0.585038093507696,-0.9086106284519174,0.9395280478278352,-0.4853692864012425,-0.5491612960465191,-1.2171532748124358,0.038062403116596887,-0.1675877698819129,0.13326626325573412,-0.9003188826390492,-0.787142644892586,0.42162287509303426,-0.5387508607162712,-1.2515858544811151,-0.16420957306338888,-0.8521092803572805,-0.34725314034592836,-2.320832697014464,0.43528415859165714,-1.0309471512224782,-0.7558128399677703,-2.0335802191307013,0.6879978271691972,0.5342972954838976,1.5045320740376622,0.0,-0.864004553736937,-0.4145838683060078,-0.9890557806392029,-0.4148415512014295,-0.9628816226705624,-1.0428310556857572,-1.1881560364049344,-0.25992879308487277,-0.19167536085234244,-0.5360882081025821,-0.5513680265727191,-0.6041584275150681,-1.0497375613632984,
2019-01-31,deseasonalized,2019,1,102.848,-34175797876.694458,-41296159732.00842,-6843357130.310547,-36574533354.87577,51723965131.07635,-21969017328.40239,-25033019236.567932,-4492893834.568729,-2040791811.2091827,-608549270.9617081,-736959133.0299621,-142921972.31889486,623909827.9232998,-897484353.7741055,1341729517.3083382,-2329423522.8630447,-34175797876.694458,-31917152433.398804,-2040791811.2091827,-41773194.31989044,-154067726.29447782,-334301547.5968113,-433130095.04727,3486330581.759842,-2314456898.5988617,229877425.3955698,-20758209059.329163,-2185723983.305827,336133823.6928482,-547991838.3918782,-227734555.3203683,-7536665995.462296,-534619664.32942677,-1174130767.1804943,2252953261.563854,-17790234829.027843,-1591668189.1507053,221093508.99198472,-1300274327.1688423,101263713.1318199,-48483455.35028112,893570506.4379458,-160583284.46843398,-422098418.7156851,-53016671.026317894,525128521.5815277,-1460845876.6371982,630471435.4770508,969630611.7892992,-126537024.94570923,8397466020.286003,-41296159732.00842,-45054961842.03601,3891341386.3974457,6843357130.310547,12903344147.499622,-6042611058.865669,0.0,1488093479.4781647,754273816.2018929,-164717428.06568146,243741534.17197466,21743043.92601776,-5175846123.382481,-12442868845.287544,-610948975.4377627,-687052012.2024794,18270330.382511597,172744580.45604548,-502714898.38978195,-207077652.1153412,
2019-01-31,raw,2019,1,102.848,340000000000.0,331000000000.0,-8682866611.0,103015644.1,-1459492469.0,-7326389786.0,197000000000.0,6753689246.0,86143000000.0,25625907335.0,3038251494.0,256464010.3,6775699427.0,1092335384.0,6627975608.0,6530441767.0,340000000000.0,254000000000.0,86143000000.0,418891167.9,512237531.5,13122304918.0,431743532.3,46828350985.0,9708116172.0,2565982488.0,96084673425.0,3242912998.0,3797008268.0,725040405.4,2462327136.0,4983277824.0,1667845888.0,4377442645.0,27810825237.0,5229146778.0,8614112926.0,592501965.0,1746922788.0,622281816.6,8509836.78,655856099.2,831500747.2,878150858.5,460732746.6,9378482870.0,89729458.09,86767896592.0,2892805127.0,-129972925.5,-6080456273.0,331000000000.0,256000000000.0,75203186809.0,8682866611.0,-2256946580.0,10939813191.0,,73774796364.0,12241941062.0,32883558734.0,1478949821.0,34362508555.0,26611694509.0,35511291992.0,1290461579.0,3476481348.0,27081291.73,21089796.09,3524652436.0,7340690456.0,
2019-01-31,real,2019,1,102.848,428590152457.9962,417245119010.5787,-10945268013.473337,129857325.32464021,-1839776764.1176686,-9235348574.554253,248330176571.25073,8513425598.81491,108588357362.32108,32302975092.888626,3829896091.232926,323288086.10137093,8541170736.551434,1376953496.3641877,8354956106.8252945,8232008919.225283,428590152457.9962,320182055071.5619,108588357362.32108,528037145.6281443,645705769.7655666,16541443133.546864,544238312.7388554,59029912023.58149,12237655853.639465,3234573016.871966,121120425976.75743,4087884047.708346,4786353977.84233,913956405.5546863,3103909301.8226504,6281717065.672681,2102418598.2775354,5518025913.519659,35057193612.67211,6591649455.318411,10858599918.366869,746883845.6206245,2202099717.7684345,784423113.6718613,10727153.655684892,826745486.9018668,1048155976.5040758,1106961206.8401036,580780935.6108392,11822133538.464724,113109300.36107789,109376076555.36743,3646552324.7417736,-163838576.33957878,-7664775532.527204,417245119010.5787,322703173615.43243,94798074411.1661,10945268013.473337,-2845014937.681627,13790282951.154964,,92997503591.7776,15431692312.189365,41451674856.372154,1864303909.588577,43315978765.96073,33545618255.229206,44764088378.91676,1626703308.4846957,4382310796.931471,34137573.386235796,26584938.004473977,4443033308.549082,9253375416.71764,
2019-01-31,zscore,2019,1,102.848,-0.06357863814983876,-0.9985490586827237,-0.812248187093019,-0.7205081199153748,0.03066667213389371,-0.03400124128875221,0.23494152012910838,-0.7051468472103166,-0.08849837435936438,-0.2877138548484936,-0.27555425296197045,-1.7432955019510261,-0.27848051679499297,-1.023853519191245,-0.10598101972727293,-0.24577076575107534,-0.06357863814983876,-0.05460381089269442,-0.08849837435936438,-0.5316047147561822,-2.0084941815175283,-0.5399367664114332,-0.9198936963812924,-1.0962972357736924,-0.07927789631586417,-0.35357581821369416,-0.7051532910845424,-1.128562223243184,0.027930448696147223,-0.77159445831953,-0.8775964177931171,-0.2913965149477664,-0.9802319041702235,-1.7415703228204122,-1.0479446994538504,-0.3944076187388701,-1.228233699930693,-0.29609266683583885,-0.853682693836556,-0.2877197217792922,-0.07988591162776164,2.626404425394385,-0.3865822759668543,-2.802750377565849,-1.5627905929905386,0.010744304375623466,-0.1650796817434085,-0.9434485571392354,0.04290359397921947,0.6698925337388496,0.4892856213804168,-0.9985490586827237,-0.9558234179571288,-0.6385038099496521,0.812248187093019,0.7616887607683223,0.6691234257820412,0.0,-0.7497435463447866,-0.05173875510141307,-1.0421020986258966,-0.14483194834990498,-1.0072481828596267,-0.3425447471574017,-0.4576152487329714,-0.6009620423367503,-0.7622816867366643,-0.5378930630735479,-0.5504896348604509,-0.7292646028504206,-0.3614146086671372,
2019-02-28,deseasonalized,2019,2,102.848,-17075797876.694458,-13696159732.008484,3314190039.1894226,8054701362.334259,1402929583.3662872,-5745496065.102367,-15164486317.967896,2613049495.7912602,-102691811.20918274,490025461.03829956,-419583159.12996435,88737325.6111052,-284140815.6767025,-892906893.8741055,315932020.00834084,-3368894919.0630474,-17075797876.694458,-16583502777.29866,-102691811.20918274,2195333.8401096463,112476519.62552226,-285073476.5968151,222333546.7027303,4247515342.759842,-1200838293.3988647,-69278466.50442934,-1244328668.4291687,292835482.69417286,-225887502.70715046,362117230.968122,352319544.15463114,-5116247008.362297,-444701558.12942624,685507983.1195059,-110248755.43616486,-1852256421.4278412,-355710739.15071106,76689406.50398463,230429694.51915646,429679063.69181937,49126979.561718896,-722231229.8200543,-355068052.30843544,413119968.3343148,70811081.403682,68907880.68152714,-10169283052.39319,-290313061.7229614,197468788.12929964,2304143149.7243032,-1137399706.9139986,-13696159732.008484,-13354961842.035889,-110320434.60253906,-3314190039.1894226,-3663807570.7003174,95881890.5343399,0.0,-522335825.9218292,107638169.60189438,-855043650.9656754,41882679.97197485,-870442033.4739761,269713920.1175308,1450245325.5124702,-295020911.3177631,-463319813.5024786,1946516795.0675125,1246944336.64505,2723463520.510231,-3001889908.015341,
2019-02-28,raw,2019,2,102.848,167000000000.0,401000000000.0,234000000000.0,150000000000.0,113000000000.0,-28568800192.0,56661213264.0,-668533987.6,71875000000.0,20460192074.0,2420903320.0,469187382.5,5353380559.0,1229331552.0,5076213977.0,4388580037.0,167000000000.0,95390468179.0,71875000000.0,370765424.5,745320407.9,11312722070.0,921380828.4,51368150012.0,7941657422.0,2200070943.0,98152930101.0,4892768035.0,3861059162.0,1359086898.0,3136798197.0,4314835787.0,1411606703.0,6554964644.0,28716710992.0,55820099846.0,16155287671.0,607702725.3,5378008129.0,913670819.0,48670893.77,-939045432.3,2094172051.0,1898746417.0,653117399.6,8044187236.0,112244554.7,91567318528.0,1739755939.0,-2053996669.0,-8058050730.0,401000000000.0,316000000000.0,85139751332.0,-234000000000.0,-221000000000.0,-13264751332.0,,74096448376.0,12102457224.0,34379905123.0,1340843944.0,35720749067.0,26357995484.0,35445901763.0,1504404058.0,4330954296.0,34274561242.0,17202264829.0,55807780367.0,3420008780.0,
2019-02-28,real,2019,2,102.848,210513398413.19226,505484268046.04846,294970869632.8562,189083890790.29245,142443197728.68698,-36012665970.092094,71424817739.03764,-842726716.6730475,90602697670.34846,25791284824.457485,3051692126.4849095,591438505.2854211,6748253499.845538,1549645286.1561913,6398868595.034827,5532065256.270437,210513398413.19226,120245339117.28601,90602697670.34846,467371793.56649613,939520550.7409321,14260356696.165407,1161455146.2230318,64752597779.789116,10010929897.835756,2773319826.1140513,123727586106.43127,6167624111.947825,4867093926.149774,1713209590.6396623,3954120051.418228,5439106258.181024,1779413917.7926452,8262921459.202161,36199116300.451454,70364544421.22856,20364697664.46081,766045304.9572552,6779298011.554274,1151736222.3871536,61352546.4151507,-1183722426.454241,2639827995.915778,2393482401.0032473,823293193.7280413,10140174805.523256,141490914.15133205,115426032376.72182,2193065479.8109245,-2589184545.6321363,-10157650561.426374,505484268046.04846,398336729931.54944,107323702951.81696,-294970869632.8562,-278583599097.6975,-16721005281.468494,,93402965017.84084,15255864666.913345,43337908171.052986,1690213265.8274734,45028121436.880455,33225815596.984516,44681660119.45684,1896390484.0489652,5459424594.150746,43205115965.11679,21684474428.482166,70349014987.7497,4311123777.729075,
2019-02-28,zscore,2019,2,102.848,-1.3428792310109097,-0.5449757631261619,0.5446561372086457,0.017108241641924316,0.8077366820393397,-0.2519948836661216,-1.2524076021221837,-0.9408817094301404,-0.8253012905198148,-1.1791827326048867,-0.4194988460265433,-0.27249211227926073,-0.7230679152046696,-0.9024834018274066,-0.31411170142822814,-0.7367534625585718,-1.3428792310109097,-1.3475557785878587,-0.8253012905198148,-0.9741451836464096,0.2736397561434233,-0.8857647935465711,-0.2991397048743081,-0.725950610411926,-0.11261871595240555,-0.711158178842923,-0.6563099523042779,-0.6060540769251148,0.04229001382983652,0.1030453395640846,-0.14364363275006087,-0.3262571056544241,-1.2540235075381314,-0.8234521300553136,-1.0219989056786078,0.5312598525464411,-0.5407488222280754,-0.253527741699554,0.031196829103771855,-0.09960140571309015,0.27249878503435077,-3.2163112971337355,0.008347694250973843,0.15229636306302954,-0.15501369817394872,-1.0212411997644484,-0.16460355623389689,-0.7225484218865013,-0.10309935974593869,0.576437543223501,0.2887948149433077,-0.5449757631261619,-0.5420084290136284,-0.22612807028580809,-0.5446561372086457,-0.5046196409056061,-0.5163169283836776,0.0,-0.7338669659662314,-0.1661529930137095,-0.8993953668019148,-0.5215085913670163,-0.8754501336840599,-0.36069024876901573,-0.4603136629457132,-0.5229745308476877,-0.4955122079631237,3.147727751771794,2.2976790085481946,2.8272452105105432,-1.806984617224718,
2019-03-31,deseasonalized,2019,3,102.848,-11311547392.264313,-74466018694.6972,-63297738877.739136,-147415953525.62338,-93619984352.77599,177457224828.5581,-6958347898.799667,-309604928.06955147,-2015577050.330902,-158928786.4638939,-159747103.6657747,-66159399.63584286,844890617.1059141,-933308148.3465561,668473982.7557573,-2391724737.0176964,-11311547392.264313,-9671903764.900757,-2015577050.330902,-60455729.798093915,-88374735.27012706,-3206632170.601082,-386852304.4672699,-240164227.16300964,-3098968081.140932,-311718317.94172573,-5243563904.401382,-185237966.0373907,-966659510.7257223,-253283636.4787748,-354666730.3475647,-7163222513.962532,302925593.2528229,-1656644421.0898457,-2987633049.487068,-33878709399.098557,-2616747475.833296,-110810583.33317554,674852241.1716871,45368279.819999576,-25724374.385315612,-253635439.88640693,-2178714572.7151084,-276589743.7652745,-64158579.38250822,-67487168.84749985,-9040903631.323635,-2492032224.0874023,-1302878642.6740203,2438954749.061257,299450539.7524481,-74466018694.6972,-72825787655.44672,-2428752095.2383423,63297738877.739136,62788953943.439514,488193868.25292206,0.0,-2730150394.584671,188017123.1542511,-6165206341.834343,92724886.87939906,-6118306304.768219,188457707.7085991,2302493415.031822,-148866414.0247574,-440560890.2965336,933647687.7958431,-24810437.087600708,462934122.49180603,-1986181390.7722692,
2019-03-31,raw,2019,3,102.848,229000000000.0,376000000000.0,147000000000.0,-45931775849.0,-43347660491.0,236000000000.0,97236085460.0,8793102869.0,79396923852.0,22393715258.0,274594267.1,359192748.2,7841433967.0,935168844.9,5162674211.0,6418339011.0,229000000000.0,149000000000.0,79396923852.0,354957955.4,604847819.5,10544231765.0,844428907.0,55395660380.0,6051758894.0,2246212332.0,100000000000.0,4962503384.0,3445565295.0,795655134.8,2692457429.0,2525493767.0,2729246140.0,4811534075.0,38938312951.0,24442737831.0,13382380528.0,552565343.2,5606254517.0,579508686.5,27739643.36,-137181330.6,174160430.4,1477623851.0,509120625.2,8413592769.0,-639647603.8,92048338881.0,28239939.34,-1395333131.0,-6482999688.0,376000000000.0,290000000000.0,85277858236.0,-147000000000.0,-141000000000.0,-5880934384.0,,74487717681.0,12412167535.0,34758357590.0,1823111515.0,36581469105.0,28220818898.0,36727373783.0,1615605292.0,4013817258.0,14319027376.0,6743316386.0,25076161020.0,5085764288.0,
2019-03-31,real,2019,3,102.848,288668073273.1798,473970286247.6664,185302212974.4866,-57899725922.91005,-54642295348.63279,297491988176.72675,122571849093.29456,11084227350.598688,100084528524.77821,28228605401.550518,346142349.4131786,452783749.15542537,9884592292.370117,1178835758.2637036,6507856844.657221,8090696750.739984,288668073273.1798,187823331518.35715,100084528524.77821,447445541.82666063,762446526.9805634,13291629116.805283,1064452688.2090267,69829513316.987,7628600785.348514,2831483781.837974,126055927193.52829,6255529652.711418,4343339279.670678,1002970457.4350574,3394002176.4169836,3183534584.206615,3440376527.1705813,6065223890.473805,49084051423.90076,30811519804.350357,16869283855.136587,696541366.7208618,7067016112.233412,730505047.9346122,34967464.63762601,-172925198.22424933,219539545.34495953,1862632445.810769,641776724.629348,10605832375.2506,-806313717.7412763,116032387042.68556,35598117.37392695,-1758900115.7205389,-8172205366.661946,473970286247.6664,365562188861.23206,107497794890.17244,-185302212974.4866,-177738857342.8749,-7413266365.394212,,93896183168.08226,15646272871.058355,43814969937.31661,2298140124.005231,46113110061.321846,35574014923.480354,46297031555.99348,2036566230.6183102,5059654560.425754,18049982723.911945,8500349993.965424,31609987278.303123,6410907328.115743,
2019-03-31,zscore,2019,3,102.848,-0.8844015618930692,-0.706966225824934,0.058216044165447726,-0.9470371295021697,-0.25371375309464134,2.4630602965583512,-0.8223839290537739,-0.64037368231132,-0.4368673523861977,-0.8455066285482392,-0.9199451034580899,-1.0330125915336144,0.054646011435759194,-1.163093335711042,-0.3025151861626409,-0.27146827586085853,-0.8844015618930692,-0.9105420073511845,-0.4368673523861977,-1.1195028299551375,-1.1017391058737356,-1.032630402017806,-0.39669806642817523,-0.3973953451838105,-0.14828938528075136,-0.6660670986985905,-0.6126900951199341,-0.5839689317931588,-0.05085952512640254,-0.6741844838604707,-0.6271708929089226,-0.4195748749458311,0.15387440673683536,-1.5585424409485207,-0.7292383947454948,-0.042854719143659965,-0.7935385788041339,-0.407922554523307,0.08681946970815664,-0.3153336987688802,0.08884195726900745,-0.27878574975578,-0.5921808279855207,-1.0670278400449635,-1.2087117388822015,-0.7355315373095858,-0.18050377834995937,-0.7004087845605994,-0.3198172533959594,0.6084305967939421,0.4484753057903697,-0.706966225824934,-0.721328257555812,-0.22039651824306156,-0.058216044165447726,-0.04149786149347033,-0.1546878410429618,0.0,-0.714554111270039,0.08789270657942412,-0.8633023103322919,0.793851287780606,-0.791929416335055,-0.22745416218614717,-0.4074320265777029,-0.4824388338009459,-0.594523513733619,1.0001673737621153,0.5638715744628848,0.7367561729701173,-1.1928143267126154,
2019-04-30,deseasonalized,2019,4,103.423,-21038820119.536743,-81466018694.69702,-59752284332.28476,-62074519087.71431,81153127327.95111,-79197840686.26009,-1951590433.9813232,-14358452528.978584,-3177895267.149109,-1130861607.1911507,1414333422.725134,-37217432.6903882,586445652.1968307,-662065955.686554,-148040711.60787487,-1786796472.1086025,-21038820119.536743,-17944631037.627747,-3177895267.149109,35389441.09281546,-14754791.379217744,-2453297304.14653,56496638.73273051,2261735998.109741,-1774183616.595458,4373902.876458168,-13380217652.946823,-639171788.3101082,551710217.9106436,66844110.86031711,-240230220.3475628,-8630610945.41708,159149363.0710063,-1097085093.9989328,146872085.96749878,-45445430549.00766,-606549870.8332672,255895.88500642776,6920982.63532877,55110065.38363695,-22585869.24986113,43330860.43268387,-192551650.16965413,-23107944.583455324,-30877880.8461442,217453250.24341202,-9626815554.675468,-1521782136.178299,-1702254303.8012905,1115937768.1066923,1061886209.5706186,-81466018694.69702,-81825787655.44666,207230053.67080688,59752284332.28476,63623092211.076004,-3330700799.547058,0.0,-1658232201.8573608,68442117.06334686,-1522854708.2888489,190333057.45212722,-1378346500.4955368,-6594147684.745953,-584704582.2409058,-482665044.0429363,-217972040.93289042,-1074465960.476883,-1052215247.6330533,-2349995487.9627266,-1730024075.2268114,
2019-04-30,raw,2019,4,103.423,536000000000.0,375000000000.0,-160000000000.0,-12193756136.0,-88573332606.0,-59537418364.0,333000000000.0,44688144826.0,95809000000.0,29102712015.0,9838895613.0,378457059.2,7092917812.0,2269595348.0,5237442304.0,8318611567.0,536000000000.0,440000000000.0,95809000000.0,420345214.0,619538784.0,9939796027.0,815726472.3,51945569549.0,6658237201.0,2456010013.0,104000000000.0,4661956030.0,3436692170.0,854487678.2,2702582952.0,3486641840.0,2220872916.0,5091423899.0,46552489671.0,13194847903.0,17176087361.0,546935137.8,3600090238.0,560012154.8,36748627.21,-98184750.45,1829770672.0,1548056378.0,518374801.0,9373770688.0,87321767.29,92349954381.0,1409284927.0,-6213416421.0,-6844212952.0,375000000000.0,299000000000.0,76010502682.0,160000000000.0,141000000000.0,19798497318.0,,74675433634.0,12221557914.0,35588106678.0,1417055216.0,37005161894.0,27502613832.0,38044675286.0,1537789158.0,1370486587.0,6288778870.0,2832829492.0,10492094948.0,5166060556.0,
2019-04-30,real,2019,4,103.423,671903309708.672,470081606605.8806,-200568152151.8424,-15285494599.923187,-111031185316.9747,-74633187407.24155,417432466666.02203,56018866442.7796,120101463059.47418,36481732321.59857,12333556951.964243,474415206.4535277,8891333868.235807,2845053406.754861,6565400780.7198,10427803440.388327,671903309708.672,551562418417.5667,120101463059.47418,526924142.7365672,776623431.8329964,12460040761.885092,1022554695.0659503,65116418105.737144,8346439574.957658,3078733687.336453,130369298898.69756,5843999414.688994,4308068737.822534,1071143841.581826,3387825429.498196,4370683194.150623,2783977355.788712,6382359270.275991,58355917696.12625,16540414136.433268,21531100644.96491,685611062.0966206,4512896541.347166,702003769.192547,46066276.58516635,-123079587.29528923,2293710765.904218,1940567544.7645879,649809224.7415564,11750499159.920403,109462284.4249281,115765373134.40071,1766610460.3989632,-7788834063.186775,-8579569654.477165,470081606605.8806,374811734333.7555,95283037919.13376,200568152151.8424,176750684083.81113,24818425140.340424,,93609460844.43076,15320345545.17316,44611504968.68189,1776350913.5640619,46387855882.24596,34475927722.68713,47690938883.31179,1927697061.369985,1717974764.39672,7883304732.796572,3551096103.573015,13152375599.512756,6475920122.633997,
2019-04-30,zscore,2019,4,103.423,1.3858023803517212,-0.7134458443328848,-1.6583024450789403,-0.781018343642106,-0.5607526252781931,-0.5698007138746104,1.6763069853065735,0.4996772840625392,0.41065616640366576,0.3122927288782619,1.3101246094921288,-0.8998160667443601,-0.17932462447867928,0.0191258727464051,-0.2924868842284436,0.16413451359378767,1.3858023803517212,1.4616295656909166,0.41065616640366576,-0.5182340279382407,-0.9578986437160347,-1.1481436646647956,-0.43308653407128295,-0.6788460192892618,-0.13684248121511045,-0.4610450078363907,-0.5182272765596628,-0.6791521068585816,-0.05284879035628156,-0.5930275269670622,-0.6161523982164313,-0.3694490783521232,-0.3893224509501439,-1.4405312614967252,-0.511158070758755,-0.24865842900760796,-0.44768847370560927,-0.42368816536271425,-0.4020739391293656,-0.3279204974549219,0.16788937980090432,-0.1359268161682346,-0.07435001846315167,-0.8630965103304757,-1.1409942018091646,0.007099757100675423,-0.16513059704831495,-0.6865265075629137,-0.14494470717316588,0.3744033766568275,0.41185508856696534,-0.7134458443328848,-0.6592560092142868,-0.6049995258985459,1.6583024450789403,1.5910064109343083,1.1029854619684096,0.0,-0.7052885469180226,-0.06845841508577305,-0.7841690418238265,-0.31364628513783266,-0.7508160181212672,-0.27882287037322967,-0.3530718392451075,-0.5108048070883706,-1.4197807052916405,0.1359738306146879,-0.08438013885807859,-0.2553109843779534,-1.1632087921622247,
2019-05-31,deseasonalized,2019,5,103.423,-24267200412.938965,-2753350086.6208496,21538221985.466278,-94972082106.0016,72442246785.79407,44070091429.93533,-11494930024.314209,-7306843671.33043,-821440721.6945496,-209623835.4057083,-3094749131.893955,48946855.66506618,487614203.4250126,-1301523711.5083737,1415174984.231216,-1554148649.0986023,-24267200412.938965,-23568971052.75702,-821440721.6945496,2406294.5391789675,128663083.299873,-3104983720.4683514,195878688.1545483,9803445414.671555,-1701505636.9181633,307885662.184639,30293230792.144043,-721293700.0764761,-14850015663.357538,79046447.9775896,-131458862.15029097,-12468209415.555271,348747888.2646432,-884406093.6452961,1715352594.2556458,-22933892409.241333,8852043442.960354,-334089742.33590287,4166140509.953512,114838560.06363714,-17056990.226224773,147051309.01359284,4864305159.5758,194182322.518363,41965233.697491884,-308012761.42022514,-9555855667.188206,2762173971.475357,303096351.2232585,717567052.4976168,-509548846.6366539,-2753350086.6208496,-1998163025.8921509,-464032505.8074341,-21538221985.466278,-21466422700.153107,-304124379.2507229,0.0,-1665415088.831955,71615499.84607315,-3634999904.592514,200102965.9866724,-3317328305.9443054,16754064767.479496,20195657561.17637,-639036171.7865725,-409753012.148345,-305142304.28963137,-68957022.08214688,-789194576.458188,-2154202298.6304483,
2019-05-31,raw,2019,5,103.423,232000000000.0,440000000000.0,208000000000.0,9497270615.0,190000000000.0,8559622167.0,104000000000.0,410832989.2,73835000000.0,21226304505.0,11552609782.0,467880876.9,7592611526.0,787851878.3,4934217168.0,7565570992.0,232000000000.0,158000000000.0,73835000000.0,411137688.1,814220718.3,9602920147.0,959073278.4,61801451257.0,4979717873.0,2662589455.0,147000000000.0,4362330384.0,-12604978118.0,1213496087.0,3331695346.0,3167246431.0,2720156129.0,6399689116.0,47828676369.0,11117668815.0,27119756051.0,295654506.8,9038703019.0,646095888.7,40491485.28,131700266.7,8072758362.0,1844072375.0,589275491.7,8388141544.0,98453109.29,97223940996.0,3597155734.0,-5158910652.0,-7414009764.0,440000000000.0,353000000000.0,87089383278.0,-208000000000.0,-195000000000.0,-13254383278.0,,74889293844.0,12177276128.0,34993712580.0,1651364666.0,36645077246.0,43032593417.0,65389632041.0,1421914290.0,3792126352.0,1804416424.0,809806491.0,6406349267.0,5117767344.0,
2019-05-31,real,2019,5,103.423,290823820620.1715,551562418417.5667,260738597797.3951,11905312610.853386,238174680680.31287,10729922507.207119,130369298898.69756,515000084.29288644,92555934463.32053,26608254197.37611,14481784978.168993,586512518.168854,9517725398.603752,987612471.2499326,6185292623.135356,9483828711.493883,290823820620.1715,198061050249.94437,92555934463.32053,515382039.8887346,1020667155.707355,12037749682.159306,1202247220.1681094,77471267993.24155,6242330075.156957,3337691543.3020697,184271989789.50522,5468403401.216982,-15800982306.510426,1521179173.8317587,4176449869.2507076,3970304775.469924,3409854302.2377415,8022336377.139861,59955682744.99263,13936564315.37946,33995995987.236355,370617988.1515021,11330474764.813183,809914115.684134,50758139.878082044,165092994.5620239,10119613921.466713,2311638679.300059,738686852.9914834,10514962809.17614,123415988.77436681,121875163690.54672,4509217991.067402,-6466957353.675603,-9293838990.007483,551562418417.5667,442503485685.0023,109170979225.70015,-260738597797.3951,-244442435435.05792,-16615044762.379623,,93877545514.04642,15264836070.223139,43866401681.89551,2070069747.4279027,45936471429.32341,53943548399.68267,81969235427.20174,1782442010.3974936,4753623594.668419,2261927924.213221,1015133696.877735,8030685215.759376,6415382120.807014,
2019-05-31,zscore,2019,5,103.423,-0.8622171585486575,-0.29227064131607755,0.3992832358394141,-0.6742806644335188,1.3304927197609362,0.12902402478494845,-0.7506980994407759,-0.9066002795199324,-0.7240864239881017,-1.0469715373314985,1.7097044561245054,-0.28152550078392635,-0.02313072639637597,-1.2936070412179483,-0.3331570831841135,-0.008486289672988942,-0.8622171585486575,-0.8371758762261711,-0.7240864239881017,-0.6029018697466834,0.948248458025797,-1.2125237625965224,-0.25135384588533344,0.1251747113232613,-0.16852349848839612,-0.2591678997286679,0.4972480229632531,-0.7740433775277235,-3.6492296520145806,-0.09779090666224068,0.06844153083489168,-0.3861061884834756,0.14416172877026315,-0.888921634939065,-0.4746063569225928,-0.28666477198381674,0.45881775170609207,-1.1273201571594305,0.9232920688706238,-0.27234555492593426,0.20073029596440814,0.7062272463541837,1.8782903362055057,-0.00600762744870892,-0.62217758812638,-0.7552163017600758,-0.16489520317134868,-0.46219442823528456,0.13209082913826983,0.4256235484313217,0.35408843072728174,-0.29227064131607755,-0.28682251916513657,-0.14521671365514885,-0.3992832358394141,-0.35410506259666197,-0.5158091435981224,0.0,-0.6947325152839356,-0.10478138175511144,-0.8408564771426841,0.325420632001296,-0.7857571450609934,0.8319392604152129,0.7753539375556041,-0.5530441633942477,-0.663736199262025,-0.3466210813697213,-0.4197419907282736,-0.5332399298027714,-1.1810146801820183,
2019-06-30,deseasonalized,2019,6,103.423,-22017136625.782593,-144653905708.7945,-122768472374.59111,-185797678439.20337,47263811035.402084,15873838160.835388,-17497574904.954193,-4566185746.981293,-1268501409.4354095,454643455.50610733,-917414244.4957901,-41928522.82220656,277885607.09228516,-393404989.9938278,3560031866.0130343,-1817996565.4513302,-22017136625.782593,-20381855395.950623,-1268501409.4354095,-33939152.000820994,-77835087.30739963,-4013120127.7838,-134596538.929088,-6326606960.960243,2453900652.994583,-384667632.71445084,-40561062515.27507,-1722852788.952837,1182510707.282465,146530377.11122656,-117885210.69302034,-14680655899.818008,-649223429.4389925,56725807.795612335,6345324720.743851,-16530801094.91864,-8483358581.511471,-18102292.277721047,-4179763261.010124,-47445690.71909022,48182458.6810479,-181678703.54095265,1276181621.9712527,-196591776.58436394,-18295946.064326406,219264929.20977497,-50784499407.78,-6329815991.767349,2809284534.452345,-3842481850.021515,320686891.1187811,-144653905708.7945,-138783363156.60754,-6156696583.629257,122768472374.59111,117939918926.45963,4826531180.830215,0.0,-1888985546.3419342,231822552.95607567,-4429274532.277069,193315520.99667215,-3446431816.8442917,-12947196945.096859,-22238469381.58091,-1179571653.7938437,93165314.17620277,269134479.59129024,256804181.33694798,613761736.702733,-2646043987.633173,
2019-06-30,raw,2019,6,103.423,334000000000.0,342000000000.0,8476318454.0,-12337231989.0,-30834956244.0,51648504883.0,141000000000.0,51268893937.0,92257411482.0,27854550008.0,249433424.9,384643772.9,7110113402.0,1087357793.0,5605992676.0,6985362574.0,334000000000.0,242000000000.0,92257411482.0,381475670.0,583757286.6,9910838809.0,821116221.1,48481062230.0,34107043771.0,1992063023.0,67521461002.0,3969736069.0,3988302868.0,1432781864.0,2829099295.0,3294338789.0,1484730246.0,8522076011.0,103000000000.0,5988676313.0,8019178544.0,523586480.6,172716927.5,644050663.5,26082917.8,-175413468.1,3112013001.0,1611101972.0,615796928.7,8262773736.0,79973687.46,92992819270.0,-2740130137.0,-62360267238.0,-6463896411.0,342000000000.0,292000000000.0,50258814447.0,-8476318454.0,-50474915489.0,41998597035.0,,75206155220.0,12263137701.0,33407505246.0,1637154930.0,35044660177.0,16973781626.0,17414834021.0,1099059883.0,5046851240.0,1036638023.0,482898633.4,6566387896.0,4811608551.0,
2019-06-30,real,2019,6,103.423,418686017616.971,428714425224.5631,10625497058.558386,-15465348891.889559,-38653188722.13747,64744032411.1795,176750684083.81113,64268170748.83054,115649365895.35568,34917097650.78529,312677506.98186475,482170567.29541194,8912889416.432436,1363058395.4369721,7027397450.013014,8756507897.361359,418686017616.971,303359330129.6616,115649365895.35568,478199188.89241266,731769501.7408468,12423741413.724354,1029311019.7995667,60773481661.434875,42754917153.19673,2497152496.83202,84641591648.52393,4976266424.311555,4999540852.854084,1796065068.1197023,3546420111.576438,4129621521.699177,1861185011.776065,10682856487.648838,129115747947.74855,7507110887.086991,10052448889.661139,656342330.6601781,216509468.7126171,807350321.689769,32696266.411714993,-219889719.7460197,3901066856.769248,2019598409.0764334,771932825.5633678,10357807874.239346,100251091.96638231,116571237027.3384,-3434892738.960405,-78171772297.62961,-8102823492.844975,428714425224.5631,366036877677.11237,63001984643.60694,-10625497058.558386,-63272878310.30712,52647381251.74873,,94274747393.25023,15372467926.707268,41878009969.95751,2052257119.352368,43930267090.56343,21277500098.473217,21830381747.64381,1377727561.484563,6326485171.200215,1299478579.5215569,605338041.1105498,8231301791.330902,6031596474.700462,
2019-06-30,zscore,2019,6,103.423,-0.10794744483866202,-0.9272732550952639,-0.7163066287072254,-0.7817243627599417,-0.1687645103239412,0.5712103073067756,-0.35856190670867144,0.7086863553556402,0.22725128996237248,0.09689224173970899,-0.9258117559309956,-0.8570401395541238,-0.17394963944949984,-1.028263356434716,-0.2430549105070231,-0.1414884764108094,-0.10794744483866202,-0.152425319059379,0.22725128996237248,-0.8756590776530951,-1.308238277489608,-1.1536776569787313,-0.42625350050241706,-0.9614727581607115,0.38123681675246573,-0.9144312487406651,-1.379693679237626,-0.8983777724807888,0.07081677075783524,0.20470436759997257,-0.4784785561977111,-0.37947806752617264,-1.1758909920842122,0.005949701047712991,1.105575004067116,-0.3805104347288169,-1.2824703944352909,-0.4890687006870413,-1.2373097364511703,-0.27366593530210237,0.07430536939836617,-0.4188442464499422,0.3267012474363851,-0.6805534103638972,-0.4281066700790147,-0.8521796412517614,-0.1652859864882802,-0.6569377481616745,-0.6703575532864283,-2.3527996676383633,0.45041201804083364,-0.9272732550952639,-0.7075344245910286,-1.6737161289981737,0.7163066287072254,0.4825538662586333,2.1902553463750283,0.0,-0.6790923982716298,-0.034351813845272264,-0.9921332579030855,0.2866643113369742,-0.9410550070360295,-1.031884265711216,-1.2043895013392856,-0.6707328612764806,-0.2720066481283019,-0.4292473084679859,-0.47393436741477774,-0.5223534550052708,-1.2938965730748166,
2019-07-31,deseasonalized,2019,7,103.67,-6312445170.0633545,-57222177801.72168,-50852666903.96466,-114072038359.26703,46848058549.01672,16171956496.95624,-1577126200.0777893,-6107482916.634073,-592804358.058197,-225283774.7329712,134306736.71239662,12760370.094157219,263711278.70228958,-457609241.2429187,2385261453.7530413,-411354912.6740589,-6312445170.0633545,-5077801542.69989,-592804358.058197,72745194.5428155,2018446.7707824707,-2598862657.866516,216586376.34363937,269903650.1852112,-9947713623.249964,295184795.20554924,-14742721189.107773,138610943.59898186,2357565758.8597383,-295288188.95422745,334999243.764256,-13122769711.174377,-615754731.6362638,-451134146.0289326,-3450433155.7816544,-7743887899.678638,-1904357704.806923,-199094773.34408468,-170211912.76103115,94728452.16727483,568567.4337752014,122768722.03359273,-969444377.3196533,47352201.30927324,-32708315.82614422,-98898224.15476799,-4286160874.280959,-1609974836.2155151,557272475.2096272,874385992.4849033,-354930615.7330446,-57222177801.72168,-58753896898.04944,1083673254.521698,50852666903.96466,52793437048.87961,-1716146518.0343704,0.0,-1616019510.8783264,27327954.52153206,-1932260633.7525177,-186038460.84241867,-2379166208.0442886,-2304260251.6514244,-7232718891.468178,-451906951.5120244,-44564014.00197792,-452512299.05962574,-1396795320.0085044,-1899213870.5990763,-2247249241.371357,
2019-07-31,raw,2019,7,103.67,251000000000.0,371000000000.0,120000000000.0,24421840208.0,87047263183.0,8226702802.0,127000000000.0,6967312596.0,68829000000.0,20741576145.0,3849343411.0,428124093.1,7868298006.0,1157828020.0,6473264133.0,7606141835.0,251000000000.0,183000000000.0,68829000000.0,500521163.0,686175864.4,9975208078.0,1045752749.0,52664609636.0,4961967624.0,2447422107.0,104000000000.0,5204233698.0,3608469791.0,1281785481.0,3123139063.0,3869596653.0,2012813633.0,8007408456.0,40341726815.0,7860231872.0,16629430954.0,457051115.8,5337000972.0,602046565.9,56394066.81,-16949131.97,762755553.5,1653726506.0,693491241.0,8937392833.0,102808706.5,92782013850.0,2627525044.0,-3697405029.0,-7504867794.0,371000000000.0,293000000000.0,77582328719.0,-120000000000.0,-111000000000.0,-8753328719.0,,75347203520.0,12062394494.0,36230418290.0,1124771365.0,37355189655.0,27365653804.0,38517694630.0,1170239624.0,4031433475.0,439279950.1,261608767.7,4732322193.0,5266457342.0,
2019-07-31,real,2019,7,103.67,313891636924.85767,463959351789.3315,150067714864.4738,30541081273.33238,108858198925.66043,10288020753.044197,158821664898.23477,8713072333.568205,86075089553.39055,25938674456.396927,4813851411.811575,535396702.74951863,9839812513.609297,1447938376.3954854,8095232967.945576,9511969367.612713,313891636924.85767,228853265168.32254,86075089553.39055,625933893.10599,858107033.0471919,12474639013.02583,1307781044.6305969,65860480185.867226,6205259521.376521,3060658690.885714,130058686215.87729,6508228822.329583,4512623464.107128,1602955150.6677532,3905686186.569865,4839179393.0243845,2517152852.9364133,10013779074.81987,50449922973.4493,9829725294.46621,20796172523.02772,571571804.3697,6674262834.145962,752897936.5551403,70524406.15075971,-21195979.197285805,953874857.616099,2068091314.7185876,867255381.794984,11176784327.45363,128568897.10522811,116029873324.94548,3285888992.5188,-4623842696.920362,-9385319668.379704,463959351789.3315,366415337127.4235,97021689872.7064,-150067714864.4738,-138812636249.63824,-10946600319.315847,,94226522113.95697,15084799812.569921,45308467344.7028,1406598904.087875,46715066248.79067,34222509434.48812,48168853458.09761,1463459885.1461751,5041566743.511622,549347819.144059,327158582.97708297,5918073145.882877,6586043489.543088,
2019-07-31,zscore,2019,7,103.67,-0.7217159373673838,-0.7393643183646884,-0.09274812264106197,-0.600839515711943,0.6315425279291278,0.12560754315187483,-0.5069377634181164,-0.6983620242005185,-0.9825974555481812,-1.1306231180464306,-0.08643520985530162,-0.5564102573141608,0.0630431532289918,-0.9658311012372833,-0.12673176141042666,0.0008138353672458173,-0.7217159373673838,-0.6333810675455782,-0.9825974555481812,0.21902423671391583,-0.3054494160580506,-1.1413760940350925,-0.14146305981728596,-0.620188341243048,-0.1688585234927517,-0.46943742874331207,-0.5182272765596628,-0.5074130796458742,-0.014337978356378879,-0.0035886321242511853,-0.1585073682314803,-0.3494772180318878,-0.6116338226013895,-0.21105184735842644,-0.6890427227242913,-0.34626640498419237,-0.49752394706616554,-0.6753799618170133,0.02120356535048704,-0.3007834313067917,0.34026413268561045,0.1616693776707654,-0.4080839424883421,-0.557137734861009,0.14042234722573005,-0.33040837019320296,-0.1648030955967395,-0.6666403636872476,0.009312940531350155,0.4966127940666855,0.3448771388764637,-0.7393643183646884,-0.7006375081086369,-0.5397674305269086,0.09274812264106197,0.13217280578608057,-0.29536594142978795,0.0,-0.6721303256320575,-0.19901519975651574,-0.7229117075361614,-1.1108353852280017,-0.7168507699568158,-0.2886187630015151,-0.33355207092083083,-0.6447860231591847,-0.5890236684335995,-0.49353336252490004,-0.5106181713678594,-0.647114021734881,-1.1261921213915336,
2019-08-31,deseasonalized,2019,8,103.67,-2314523377.8481445,35549464203.59363,37743953887.40802,176578471682.7693,17332581921.047646,-155419229823.06555,2933096912.4674835,579549390.4013767,-1043895267.1491394,-378272828.3420677,-1018899624.0467062,-37702776.60402453,119938293.8868351,26293432.08617282,791038940.9903135,-4318733709.633158,-2314523377.8481445,-1697879750.4844055,-1043895267.1491394,-37152544.19445729,-10845323.172854185,-109390506.59197235,-461746230.8927239,6438396227.228844,23863609169.56277,470045856.4891863,19166855919.861343,-1093097316.3446512,-512558984.38753176,310422649.9266815,-323665504.42665577,-9121790922.4553,-335038205.15080833,-990431711.8371143,-9175980430.941711,-5577481059.506844,4114324436.1385345,68223227.25500655,4878155355.820793,-347924904.9536338,-30058738.79622483,84153001.84631982,638864614.5030721,-50051682.200727224,-45138465.062508345,91057592.88341618,-105441936.35736614,16957365.078979492,-342534860.5567298,3694053502.6967525,994606094.2051392,35549464203.59363,39689519422.620544,-4325764825.287415,-37743953887.40802,-41653811734.93854,3274286038.229248,0.0,-3485800404.7355957,-503152825.29846764,-2643177533.9716034,95194594.02667236,-2896350128.5442963,8014002531.9094925,16182321404.039993,-1202678684.2292953,43476796.19257021,-70376297.08234894,-1347906443.999405,-1380148182.8417835,-2301968140.7995367,
2019-08-31,raw,2019,8,103.67,228000000000.0,428000000000.0,200000000000.0,386000000000.0,43570851195.0,-229000000000.0,106000000000.0,-1395978400.0,70475000000.0,21316010594.0,3629319464.0,401768679.3,7865744394.0,1877120612.0,7005301536.0,10808713605.0,228000000000.0,157000000000.0,70475000000.0,367668863.7,656496728.8,12161064034.0,983392321.4,60702412021.0,6800046210.0,2729072439.0,133000000000.0,4373305735.0,3655069609.0,1214625427.0,2802069301.0,3149703114.0,2221520834.0,8328064948.0,39728397686.0,9066703745.0,24942806958.0,682732723.6,9356246513.0,514966625.6,30525627.84,70854927.84,1693438402.0,1774564745.0,785247079.5,8423696717.0,98632422.68,97400456585.0,1679133144.0,-4307146979.0,-6335169493.0,428000000000.0,342000000000.0,85991156152.0,-200000000000.0,-185000000000.0,-15516156152.0,,75558371677.0,12101483399.0,34845044006.0,1564139172.0,36409183178.0,36535712295.0,58322591263.0,1027334470.0,4149988598.0,435177636.4,250522738.7,4835688973.0,5393074712.0,
2019-08-31,real,2019,8,103.67,285128658242.5002,535241516349.95654,250112858107.45633,482717816147.3907,54488150612.78064,-286379222533.0375,132559814796.95184,-1745760737.4013696,88133518375.61491,26657041665.57079,4538697320.630307,502437563.3889051,9836619057.630209,2347460006.398688,8760579945.367569,13516991261.057487,285128658242.5002,196338593614.3532,88133518375.61491,459793551.68563896,820991365.891818,15208192415.857662,1229795320.7314014,75912268822.94362,8503894964.229381,3412880538.5028834,166325050641.45844,5469099983.7929,4570899532.443464,1518967185.3847978,3504167807.4413614,3938906240.1624765,2778154625.685,10414780633.244022,49682915466.37557,11338495936.37764,31192583687.43964,853801164.11542,11700587782.62176,643998872.793842,38174260.12293469,88608642.56529988,2117753593.7657177,2219207301.343397,982001956.8713899,10534374308.596333,123346185.69278748,121805532887.22781,2099863948.943995,-5386364206.03293,-7922536742.446975,535241516349.95654,427692987363.7503,107537469185.70648,-250112858107.45633,-231354393749.3971,-19403950810.091557,,94490601470.39973,15133683001.319126,43575967736.103745,1956056593.933751,45532024330.0375,45690257125.47091,72936149965.10945,1284747802.6200442,5189827546.795678,544217612.122257,313294790.98582226,6047339949.778701,6744386651.0268345,
2019-08-31,zscore,2019,8,103.67,-0.891796363007873,-0.37002606341148814,0.35455311234118897,1.1784222071998367,0.3363794517577175,-2.3088578505858757,-0.7295015484822838,-0.9639858391406827,-0.8975976237567528,-1.0314905860114554,-0.1377373094633198,-0.7386358000570473,0.062244947045293944,-0.32858242790227793,-0.05537202086481456,0.7349449430527812,-0.891796363007873,-0.8453276685733948,-0.8975976237567528,-1.0026196210590295,-0.5960403150521278,-0.7236387941371933,-0.22052256907672027,0.03551755474605807,-0.1341659236153897,-0.19419825696870727,0.16662815800230374,-0.7705674901451399,-0.003890768645472002,-0.09623303082684033,-0.5078923302246995,-0.3870211075934689,-0.3886301504806785,-0.07585203809420954,-0.7066092988731603,-0.324191474583975,0.2603580114702318,-0.04342994411668622,1.0006760213519337,-0.3570015164008,0.11328698858714739,0.4833282077749651,-0.11699112321368549,-0.20726099737539966,0.8118467430418688,-0.7277168314791198,-0.16489141124095394,-0.45407005034055553,-0.11077562128377236,0.4669959931583966,0.4634625014241331,-0.37002606341148814,-0.36268860047144497,-0.19079405805369512,-0.35455311234118897,-0.296214840170145,-0.626581507804436,0.0,-0.6617071723703833,-0.16695179126039197,-0.8550350166014857,0.08751760441739974,-0.8086473310772447,0.36725806241015274,0.4837231607711866,-0.6968786108094439,-0.552010339407011,-0.4939748423880521,-0.5124559315977179,-0.6400825953073976,-1.0795078231597077,
2019-09-30,deseasonalized,2019,9,103.67,-23065478726.016113,-117617695839.2041,-94774545130.48589,77549447696.80078,-148985563695.20013,-22504451069.481327,-3859811541.9405518,-10637385754.36119,-1417561117.825348,-871358011.7569695,-811859551.4979812,-63818601.1973362,-2124727300.4660015,-741576920.4644608,214821015.18500328,-2476953317.1178017,-23065478726.016113,-21690291460.03894,-1417561117.825348,-17201247.289933324,-60149890.31668484,1989052777.9219456,-170324211.98635995,-6860588463.703964,-50185632960.21928,30192618.457345963,-34190634748.33725,-4838133807.723488,2170930316.077716,-287222414.61112285,-130504578.76521397,-4481192656.18734,-1086484061.1376486,-2009086462.4082813,1197344848.2984161,-1482483694.696659,-9139937068.470394,279026495.55239224,-4756783946.888491,-51683084.110907555,-7509450.196168564,-238433111.13403255,-372789736.4390578,44731058.18059397,-77137687.39778912,241044201.5689373,-1015757883.5236576,-2889405935.533554,-2550210753.256426,122661885.84450364,3491990214.791584,-117617695839.2041,-118632977105.22083,1170179011.8986053,94774545130.48589,97339881912.07932,-2630030199.7193604,0.0,776194705.8070679,656331704.161169,-2340902067.7393265,-72782790.2768116,-2448053495.444275,-12130193641.709423,-19449817444.21245,-3941427124.702654,-1341035718.9814787,-43076660.37748173,-1459771130.538968,-2847890188.3538427,-2561680543.529187,
2019-09-30,raw,2019,9,103.67,374000000000.0,291000000000.0,-82767658465.0,213000000000.0,-249000000000.0,-45994499064.0,183000000000.0,60318184528.0,77695120783.0,25350605661.0,197341433.4,386491621.4,11985745683.0,1201446385.0,6833486007.0,7087888612.0,374000000000.0,296000000000.0,77695120783.0,452364787.9,659008408.2,12891364956.0,720683339.2,52834570433.0,6172746880.0,3015249923.0,75348954213.0,4129625781.0,4600618922.0,1358805969.0,3190271657.0,1854546341.0,3226038874.0,9402805712.0,35975039739.0,-29282819434.0,9053684968.0,518744897.7,826485203.4,682193154.5,37142479.93,-465412060.9,1532766990.0,2006842164.0,694353625.6,8900593822.0,85146216.51,88658000443.0,411726285.3,-1379479742.0,-6852166052.0,291000000000.0,205000000000.0,86249483693.0,82767658465.0,91322021375.0,-8554362910.0,,75827768080.0,12035275219.0,36404640273.0,1536928138.0,37941568411.0,18405998394.0,20798914992.0,1293105677.0,5234196339.0,182318561.7,123146223.1,5539661124.0,5070606864.0,
2019-09-30,real,2019,9,103.67,467711044660.9433,363914208546.34894,-103506278087.71475,266370193884.44098,-311390508343.78314,-57519078090.58882,228853265168.32254,75431767640.75516,97162743600.20079,31702562183.13886,246788149.65348122,483332620.3146946,14988945546.62118,1502485946.0761065,8545713580.2403965,8863860393.473057,467711044660.9433,370167029999.03534,97162743600.20079,565711250.0442113,824132382.4587363,16121480670.257315,901260848.7886871,66073027089.38668,7719416822.653419,3770763880.749088,94228711468.10646,5164362535.000732,5753369738.223323,1699274222.6003084,3989639811.357403,2319229429.2011766,4034369015.709501,11758813054.287178,44989100048.253044,-36620048310.41153,11322215118.75497,648723844.9620352,1033572882.0294819,853126398.2666826,46449059.06245567,-582027703.7469026,1916823663.4083145,2509685147.042963,868333849.1804533,11130764798.369942,106480817.84176193,110872529424.45428,514890189.8717449,-1725128104.8647823,-8569074177.463026,363914208546.34894,256365679560.14273,107860524383.74338,103506278087.71475,114204058871.25734,-10697780783.542585,,94827498991.99072,15050885415.66966,45526343135.269196,1922027446.5047553,47448370581.77395,23017884323.222954,26010380370.91571,1617111783.5472362,6545699031.214372,228001082.76413807,154002269.1233973,6927702383.35202,6341119875.47163,
2019-09-30,zscore,2019,9,103.67,0.18784459975349307,-1.2577337990007589,-1.2264759232142342,0.3271200205832314,-1.6498955991972561,-0.4308207087714281,0.08656566341966342,0.996097984394161,-0.5247488679433889,-0.3352238049648162,-0.9379578362697555,-0.844263819729499,1.3500719566782873,-0.9271879321869728,-0.07841685098768299,-0.11798625405669512,0.18784459975349307,0.2877714676907016,-0.5247488679433889,-0.22379790609806804,-0.5714482519722675,-0.5840715301407607,-0.553580631859751,-0.6063233205145112,-0.1460058116510731,0.08546501598884144,-1.1948419114945141,-0.8477407921650145,0.2080918610917284,0.10265781012161096,-0.08545433870577797,-0.45456612670558766,0.6846975093133851,0.3772956446331333,-0.8141105491357054,-1.0258763410142988,-1.1881604829910877,-0.5026260234532992,-1.0779892838141107,-0.24904146039607802,0.17134515715510357,-1.4812166275649266,-0.167244863648787,0.4652783099153819,0.1467328563822254,-0.35886986324691633,-0.1651766033009879,-0.8564538728011477,-0.27125892665142176,0.609200638392252,0.4110487941181561,-1.2577337990007589,-1.307566158559104,-0.18007324901060598,1.2264759232142342,1.3034194877042076,-0.2856214116794714,0.0,-0.648409902381837,-0.22126029443091805,-0.706296136443402,0.013300915288779391,-0.6599509974673352,-0.9294467743888719,-1.0647409280147386,-0.5999982009149015,-0.21351684511231767,-0.5211868495281425,-0.533571472120625,-0.5921955624835672,-1.1984029256737392,
2019-10-31,deseasonalized,2020,10,104.076,-15765478726.015442,-14217695839.204346,1631753385.0133514,8658689202.200592,-32903794408.200436,26283568223.098434,-10359811541.940079,-3867669218.3611565,-310635086.72533417,-816806630.756958,-53096830.63794279,-38900640.75733632,-1189575398.7660046,-580026539.0644579,813124362.6850071,-153599188.51778793,-15765478726.015442,-15890291460.03833,-310635086.72533417,38132888.17006636,35659324.823314786,-2355528972.1780624,247512016.5336398,-425188964.90397644,-2885182222.8193436,214122879.5173459,-44316280.03729248,-1737953179.6234865,-380349933.1442833,-22508720.941125154,547779539.0347862,-5007217489.087347,-266055027.4376502,233715139.09171677,-4550292173.101662,-3322734925.796629,116871287.42960358,-18197997.6076082,782559579.9815054,153340837.0790925,-15906312.539168414,-76262735.02203292,-538900861.5050573,51187695.28059292,41290202.682210326,137426994.16893578,-1034641457.3307163,-490502033.8335724,-2019421124.2164116,1741904989.6245668,6182408139.391586,-14217695839.204346,-15132977105.221008,1035040231.8986359,-1631753385.0133514,-668894926.2199402,-1352386323.719366,0.0,-1322668875.1929626,45778015.66117096,-1885923991.4393463,-98779471.97681308,-2019072100.944275,2646719072.090576,1839694367.1875458,-1788412054.9026546,-1317012595.7814903,-178815791.23663455,-1503396030.4189732,-2915084169.8538685,-2695386397.229186,
2019-10-31,raw,2020,10,104.076,246000000000.0,380000000000.0,134000000000.0,160000000000.0,-52458470911.0,27089630557.0,126000000000.0,6570667364.0,64426000000.0,22244680799.0,2757065599.0,388938047.2,6035686804.0,1690552278.0,7757405618.0,7260162949.0,246000000000.0,181000000000.0,64426000000.0,504120798.0,713126067.0,19093084156.0,963023108.1,68232852668.0,8094356795.0,3109458469.0,105000000000.0,4884544769.0,3835575749.0,1250990445.0,3135478423.0,-3367352211.0,2251480970.0,7470083787.0,30318680639.0,8901984599.0,17595257472.0,710310518.6,5353717408.0,830727464.7,33287667.74,45845996.12,1431866042.0,1714570922.0,678682869.5,9586858108.0,81306718.61,93681460415.0,3159367512.0,3223206296.0,-22921272909.0,380000000000.0,301000000000.0,79026457701.0,-134000000000.0,-120000000000.0,-14600457701.0,,76382907420.0,12079046423.0,34776964058.0,1116955712.0,35893919770.0,27210079193.0,38894548173.0,1599826206.0,3447851371.0,209665244.5,187086130.3,3844602746.0,5396722212.0,
2019-10-31,real,2020,10,104.076,306438717860.0253,473360621084.592,166921903224.56665,199309735193.51242,-65346774662.0499,33745169330.03595,156956416464.89102,8184987327.271839,80254556247.3577,27709883996.955624,3434437590.298954,484494619.9632114,7518569616.351357,2105897042.8685575,9663290371.951534,9043882217.668375,306438717860.0253,225469137937.66092,80254556247.3577,627976142.2182635,888331047.3335062,23783984669.748795,1199624254.1290267,84996698729.73141,10083025683.58286,3873408400.322591,130797013720.74252,6084608277.814039,4777922417.79905,1558341089.5160265,3905821088.706887,-4194662984.2356157,2804637974.524578,9305377634.127003,37767551309.84851,11089076207.021349,21918163171.28744,884823758.545828,6669049993.05861,1034825443.7958434,41465976.51543141,57109708.41474998,1783655260.397517,2135816727.7144775,845425643.7526134,11942213442.770359,101282628.4725783,116697669174.09479,3935579388.7231636,4015102458.3113875,-28552705211.193874,473360621084.592,374951439332.7952,98442139735.42262,-166921903224.56665,-149482301395.1343,-18187583488.06493,,95149106569.94234,15046697149.739208,43321171857.71424,1391375919.885007,44712547777.59925,33895210490.945824,48450388105.19964,1992880859.2093852,4294939648.3787417,261177027.25361273,233050544.30294976,4789167220.184442,6722620468.666666,
2019-10-31,zscore,2020,10,104.076,-0.7586899429414032,-0.6810477517931305,-0.014470406519168056,0.06631646052149687,-0.3155674044659639,0.3191824835010254,-0.5175360388973624,-0.7109597467659604,-1.2099694235783511,-0.871226122403199,-0.34111723822038753,-0.8273488407969656,-0.5097931248548974,-0.4938704131396153,0.04550425560031163,-0.07849550757840426,-0.7586899429414032,-0.6496846522400257,-1.2099694235783511,0.25212469497579637,-0.04157772831231591,0.6011343962706867,-0.24634631771789758,0.649834017769417,-0.1097366094476225,0.17752910833697247,-0.49461157191959504,-0.6086583805626958,0.03657688937598886,-0.046069056473591136,-0.14507979785622754,-0.726898592434341,-0.3566177411664646,-0.43760641454853494,-0.9761163273668868,-0.32720535643643095,-0.4094751817130727,0.033792955029931744,0.02527728726110146,-0.15314894529517553,0.13752192325464133,0.39171121720962865,-0.19880399409601102,-0.38096795664786237,0.03206191970472355,0.1719081570917431,-0.1652577969518779,-0.6252420722866168,0.07665661680518307,0.8327654366332242,-1.2180557885126644,-0.6810477517931305,-0.6454621762495035,-0.4798348697566549,0.014470406519168056,0.08007160560221531,-0.5817343511852391,0.0,-0.6210085057668888,-0.18535614223685767,-0.8615278092818753,-1.1321521749184695,-0.85864636393333,-0.2997460401151214,-0.31800071145773284,-0.4881907146638011,-0.7712200668918994,-0.5182438737678529,-0.522971985275245,-0.7075002887718019,-1.078162976257576,
2019-11-30,deseasonalized,2020,11,104.076,5834521273.983948,18082304160.795776,12308514023.513855,-29471808988.299194,49198377626.44969,-7876865561.081396,8682891902.659546,1619222795.0888133,-877535086.7253723,-1055654326.6569824,-1100596526.037973,36807758.6626637,-1010055.0660018921,-530594550.6644597,327964825.58500195,-811936128.2177944,5834521273.983948,7409708539.961212,-877535086.7253723,-155155174.0299335,106090032.64331484,506800653.7219429,961918774.7536392,6662368165.596016,-3330424300.419281,341352322.3573451,18572595656.962677,-881570987.6234884,-363177335.6442857,-241839940.87112427,-580223246.7652159,-3539881449.217347,601937677.3623495,-654532548.108284,-4556699518.601654,-3496283314.2966423,8596507283.4296,-91538186.57760823,4270955559.261505,-1408317098.0709078,3100811.70083151,-49078952.282032736,-2346502299.1090593,-106836156.91940665,27507846.85221064,-396462013.0310669,-1109872718.1936655,3285172432.166397,-3321001025.725421,1324080712.534536,-351725845.6084137,18082304160.795776,17667022894.779053,543150345.4985962,-12308514023.513855,-10558284542.42041,-1476581484.2193584,0.0,-1033956621.3929749,180461898.16117096,-3021466170.0393295,-44672886.47681236,-3100507694.2442703,8161293943.090569,15127292534.787552,-1096322291.6026535,-965273331.9814863,-26054386.706479006,-1474956068.7599654,-2470290465.7538433,-2699042801.22919,
2019-11-30,raw,2020,11,104.076,225000000000.0,434000000000.0,209000000000.0,125000000000.0,92323790441.0,-8947543077.0,106000000000.0,532483638.6,69537000000.0,24117060533.0,2595683217.0,485669101.2,7513294447.0,1238845491.0,6940235991.0,6461481100.0,225000000000.0,156000000000.0,69537000000.0,303149870.0,776471183.7,18568949070.0,2359324105.0,60072719161.0,4771858910.0,2638689432.0,132000000000.0,5052832681.0,3798404719.0,900057856.5,2778057914.0,3356244954.0,3376803901.0,6493638076.0,35643341059.0,6936636418.0,27152306406.0,684200061.9,10121400167.0,829472003.3,33277060.07,-54395034.01,2345850975.0,1793330625.0,595241403.3,8469781096.0,81195783.59,98201129001.0,3366977959.0,-2183218110.0,-7319829735.0,434000000000.0,346000000000.0,88122311869.0,-209000000000.0,-190000000000.0,-18585311869.0,,76323088466.0,11988461678.0,33242557759.0,1240431162.0,34482988921.0,35952978807.0,57493315594.0,1653175671.0,3971534389.0,52539424.96,56216367.73,4080290182.0,5175823949.0,
2019-11-30,real,2020,11,104.076,280279315115.87683,540627656712.4024,260348341596.52557,155710730619.93158,115006438905.35652,-11145827758.183846,132042699565.70197,663307331.2765248,86621256600.94545,30042280927.98837,3233405841.415715,604991124.6990199,9359204541.640358,1543212292.230543,8645353734.666838,8048975543.743033,280279315115.87683,194326991813.6746,86621256600.94545,377629501.9602982,967239162.5540009,23131077012.27199,2938976641.270129,74831735927.08218,5944237098.330643,3286978074.686498,164430531534.64774,6294242147.670221,4731618991.885487,1121189331.486596,3460587419.9473844,4180826831.414389,4206436820.6795607,8089033033.562934,44400405424.25836,8640869797.53284,33823243747.956066,852298332.2292112,12608084919.202139,1033261533.3009703,41452762.69106441,-67759123.902345,2922193353.9418306,2233926574.8947883,741483790.4246107,10550686421.192358,101144438.28845401,122327756355.58289,4194196783.816768,-2719603896.086129,-9118208288.402802,540627656712.4024,431007302355.9706,109772716520.31566,-260348341596.52557,-236680310542.296,-23151459919.37021,,95074590945.68427,14933857015.123447,41409783650.63332,1545187540.1500056,42954971190.783325,44786116784.00709,71618609415.23236,2059337532.596045,4947284171.146988,65447617.97498135,70027933.53629635,5082759723.044429,6447450629.271436,
2019-11-30,zscore,2020,11,104.076,-0.9139807663522846,-0.33114835236378287,0.4048745012766922,-0.10591230555700708,0.6673650796475964,-0.05063782367289304,-0.7295015484822838,-0.902736572087173,-0.9460361670255012,-0.5481017967546983,-0.37874611975455635,-0.15853487532466293,-0.047923601324380366,-0.8940546413016202,-0.06409896446591858,-0.2615787396193529,-0.9139807663522846,-0.8534794609206185,-0.9460361670255012,-1.5959042896616475,0.5786396074222778,0.5009673312788738,1.5238607806274775,-0.015851376858279045,-0.17244670824080136,-0.2825238904324673,0.14301245336223592,-0.5553616951116223,0.028243518941357314,-0.5301654308857625,-0.5340212857580439,-0.3762495370615576,0.8457899607826478,-0.8493095210743267,-0.823610848151667,-0.3631655186902664,0.4617851775492856,-0.03932112694856723,1.1871406006011518,-0.15395946073161582,0.13742884849876097,0.024491153014106832,0.08706616172595713,-0.15292600437333806,-0.578521961879529,-0.6920737476801233,-0.16526014288864357,-0.4172179778730655,0.10294494760811877,0.5701609114595569,0.3636365106673543,-0.33114835236378287,-0.3351009345418783,-0.10234931308147904,-0.4048745012766922,-0.3251599513834035,-0.7768961741432162,0.0,-0.6239611390348632,-0.2596599806905623,-1.0078643192170904,-0.7953792655293406,-0.9955572657779557,0.3255787873492988,0.44950200440376437,-0.4687434686840869,-0.6077243750956804,-0.5351533278908179,-0.5446666105501893,-0.6914678761715818,-1.1596089926199777,
2019-12-31,deseasonalized,2020,12,104.076,-27565478726.01599,-67217695839.20398,-39374604561.38601,-13927764949.399292,-37817371526.800156,12488742792.818604,-14859811541.940338,-9823509324.961182,-816635871.3253021,-1695815139.3569717,-471841055.51796705,2841103.342663884,574544103.5339994,116220932.13554096,267501911.48500252,-796436309.4177961,-27565478726.01599,-26690291460.03882,-816635871.3253021,158593339.11006665,-23664305.946684837,-2069790956.9780502,125100472.74364042,-5098511221.103958,-3135069635.7192802,-536825690.2426529,-27705642259.33722,-991711646.2234879,-471451091.9442835,142022545.6088767,-8306957.565213203,-2978124110.317335,205951279.96235085,-1126385124.9082813,421709268.39837646,-1037071243.8766365,-9043020637.470387,-45185566.727607965,-4048619138.648493,-467822714.9809073,82618544.66983154,-54937547.535032764,810291277.7809441,21125172.280593872,-24302525.057788968,-263318326.93105984,-884958850.6806823,-7344495684.4335785,2187968671.103582,-3008926135.06546,-801146488.3084135,-67217695839.20398,-60132977105.22089,-7044445329.301353,39374604561.38601,33206717553.97946,6229449589.580627,0.0,-3110702818.8929443,-875350179.4388275,-7631966485.139328,-116014008.17681193,-7782349130.74427,-7312526330.409412,-11023860822.912418,-1386551492.1026535,-614416286.1814804,85555607.95852956,-1447909389.153965,-1980776745.6538382,-2762713575.1291857,
2019-12-31,raw,2020,12,104.076,336000000000.0,349000000000.0,13272557316.0,65767437971.0,-61234873953.0,8739993298.0,153000000000.0,58310614784.0,76134796428.0,26264349791.0,248407455.7,448790685.6,7017434195.0,1697675393.0,6448987275.0,6528542704.0,336000000000.0,260000000000.0,76134796428.0,586401498.8,676880913.7,15063139242.0,1290523413.0,59041980763.0,4785245830.0,2226091908.0,71869640852.0,5449890827.0,4056042263.0,1453841275.0,3023728512.0,5146952194.0,2733310872.0,6532141764.0,94225073252.0,9271692242.0,17013599763.0,784628063.8,5359695700.0,776566908.1,32847501.99,-17091370.89,-706548827.7,2346077674.0,549157474.7,8101950339.0,104220406.9,93173620787.0,1013422001.0,-59102738743.0,-7784028547.0,349000000000.0,302000000000.0,47026463984.0,-13272557316.0,-42380889761.0,29108332444.0,,76253461107.0,11562452803.0,32932023407.0,1506755053.0,34438778460.0,18134939163.0,19585017415.0,1112456417.0,6011845067.0,49034422.46,39864887.22,6100744377.0,5238968701.0,
2019-12-31,real,2020,12,104.076,418550443906.37604,434744359890.84894,16533436774.954224,81925566539.72353,-76279415701.12837,10887285936.359083,190589934278.79623,72636707447.31218,94840038219.2291,32717128761.712456,309437651.3478823,559052204.401568,8741518444.645931,2114770206.3960757,8033412162.791132,8132513234.586109,418550443906.37604,323878319689.45764,94840038219.2291,730472046.5181674,843180972.9193108,18763939334.41266,1607586748.1628616,73547759694.8374,5960912995.082247,2773011179.37438,89526994291.656,6788851859.768265,5052554433.576406,1811029497.0853028,3766615806.3987083,6411485492.748798,3404846663.124178,8136996532.683269,117374839990.28394,11549615784.679771,21193600396.574596,977400072.6336021,6676497066.780045,967358405.0840981,40917668.271220446,-21290478.788625043,-880137873.4385852,2922475749.677197,684077692.8874687,10092484853.856739,129825885.63124447,116065060537.9857,1262405441.6161842,-73623445050.49173,-9696454177.758194,434744359890.84894,376197125177.7547,58580200523.3643,-16533436774.954224,-52793274472.0647,36259837695.864784,,94987857130.15605,14403183789.708845,41022955403.97327,1876943441.3432298,42899898845.3165,22590437014.549923,24396778967.149868,1385771211.7912102,7488870302.051211,61081485.97418386,49659125.72085898,7599610914.144874,6526109153.021311,
2019-12-31,zscore,2020,12,104.076,-0.09315784260905427,-0.8819159255396078,-0.6894895841291946,-0.3973851932690961,-0.3751507509553624,0.13087502752309862,-0.23138260095771862,0.9323362027683899,-0.6053243890339535,-0.17753519593956707,-0.9260509770467461,-0.4135181341421633,-0.20291923863982844,-0.48755977455630756,-0.12998790520478065,-0.24620609127190032,-0.09315784260905427,-0.005693056809352129,-0.6053243890339535,1.008737213352988,-0.39645705578252444,-0.16902536768387466,0.1688531025585133,-0.09993670421743951,-0.17219403838071612,-0.6857295247933478,-1.2770083481781318,-0.4296136074346627,0.08600326065474764,0.2337549170400563,-0.2666849535839744,-0.28286056881345706,0.15821757342127843,-0.8330750414880879,0.8542492286701208,-0.3204407805931834,-0.4625015194466972,0.24189575287159445,0.026734170720497403,-0.18811455010827,0.13365978201833317,0.16114830376254874,-0.8676432385315128,1.4475055788684392,-0.9157416355582673,-0.9765654296793385,-0.16477324244603486,-0.6486161044112844,-0.19507019797424321,-2.1945727769192764,0.31657549983391425,-0.8819159255396078,-0.6385652597671119,-1.807861377081357,0.6894895841291946,0.5294103612306204,1.5589430247868963,0.0,-0.6273979102051614,-0.6091017617304542,-1.0374800170386447,-0.06899461488094653,-0.9998472663054562,-0.9488339427587675,-1.1148340156928627,-0.6658494816217155,0.02926784025781161,-0.5355305267442472,-0.5473772385469754,-0.5540284103950287,-1.1363272862147453,
2020-01-31,deseasonalized,2020,1,104.436,-23065478726.01581,982304160.7960815,23627113473.013977,-6832788030.7091675,53835694289.90981,-23340554510.681435,-16659811541.940369,-2876937555.261162,-2282435086.725296,-882891858.456955,-838375234.9379635,-21042297.687335968,54630527.234004974,220850708.535542,443630514.38500786,405398794.28221416,-23065478726.01581,-19990291460.038635,-2282435086.725296,-27633421.579933107,284816.2633154392,-3180317998.4780464,53558655.763640404,4022869913.2960663,-2662510709.119272,255296449.9573474,9095873622.9628,-1396210188.423482,47089249.055719376,-66023447.131123066,845976978.989788,-7435090273.117338,176294239.36235237,-584450468.9082756,195914968.89839554,-17779426233.296635,5603746539.629618,305475215.49039245,3060243449.6635127,158197216.59909308,-16700690.482168447,212570968.94796735,1408645320.8709457,-40152343.469405174,38978406.3922112,223631320.86894226,-1123239149.8166862,2774920081.566498,-502383979.4464178,-1114223607.135469,7742867982.091576,982304160.7960815,-232977105.22070312,585703947.1986694,-23627113473.013977,-20626102858.22053,-2981616391.3193817,0.0,-767620537.5928955,518026398.761179,-1525297198.2393112,55189953.82318902,-1504475882.6442566,5973480044.490593,7741091872.787575,-1041758616.1026516,-1224779547.2814798,-84796608.94447699,30910556.45803676,-1282672277.9538355,-2810386622.229183,
2020-01-31,raw,2020,1,104.436,372000000000.0,405000000000.0,32593280008.0,41897680155.0,-130567022.1,-9173833126.0,217000000000.0,10491646727.0,90742000000.0,26862331472.0,3018694362.0,422146802.4,6307550789.0,2360593550.0,6917631812.0,8505614044.0,372000000000.0,282000000000.0,90742000000.0,460003091.8,689045093.8,11224914862.0,1012112734.0,50353956796.0,9838588969.0,2830104521.0,134000000000.0,4562728591.0,3666922809.0,1253604410.0,3671088618.0,4882166889.0,2411261178.0,5443275043.0,33903420245.0,6375192099.0,17982576846.0,730780188.9,6191470907.0,826426605.9,32029372.44,-26666800.27,2488755835.0,1317519179.0,577665486.5,9444925018.0,84815398.07,95566577231.0,1757705457.0,-1716158288.0,-7374865181.0,405000000000.0,326000000000.0,78443363394.0,-32593280008.0,-44891916614.0,12298636606.0,,77925528583.0,12147568306.0,34759607568.0,1354084140.0,36113691707.0,39218253931.0,59189794153.0,1119400136.0,3640740296.0,22611996.71,23670341.23,3687022634.0,5190933078.0,
2020-01-31,real,2020,1,104.436,461797770883.6033,502763702171.66486,40461032401.826645,52011438980.57307,-162084838.0556187,-11388321742.05634,269382033015.43524,13024244815.66358,112646379907.31163,33346679555.12382,3747382600.4045725,524049603.0482821,7830142188.428261,2930421611.1618595,8587491802.62124,10558800014.826532,461797770883.6033,350072503734.3444,112646379907.31163,571044092.4537783,855374968.696568,13934517907.607067,1256428506.5701864,62508991945.05932,12213544232.591959,3513268707.433892,166346508866.6743,5664134119.544849,4552088116.124841,1556214306.7415447,4557259517.49615,6060682221.564344,2993319991.985407,6757237314.956316,42087429823.84685,7914111559.873548,22323424468.349186,907184575.9137594,7686041568.1271,1025919259.1492529,39761002.1386901,-33103948.713129755,3089521228.1627975,1635557580.5338578,717109231.1346564,11724853009.341871,105289144.53046092,118635570796.37503,2182001241.7003903,-2130424924.4134967,-9155097583.744358,502763702171.66486,404693745451.7598,97378952569.78937,-40461032401.826645,-55728459739.34891,15267427337.522268,,96736116652.03201,15079892380.01911,43150293794.86889,1680949025.3786047,44831242819.0061,48685221084.09385,73477728491.70627,1389614213.7946298,4519585357.685242,28070348.59114347,29384168.860398516,4577039875.211267,6443982054.37194,
2020-01-31,zscore,2020,1,104.436,0.17305499752388534,-0.5190572890943584,-0.5814622951181795,-0.5148440199903077,0.03968879942024235,-0.05296005505212155,0.44690702971402974,-0.5864267731793847,0.1489950803239768,-0.07433902055131014,-0.28011431084472066,-0.5977382004155329,-0.4248140779394926,0.09974464200014271,-0.06713075948557544,0.20700141726975083,0.17305499752388534,0.1736463748295696,0.1489950803239768,-0.1535598515637859,-0.2773565510230518,-0.9025455635148797,-0.18411130935205997,-0.8086862189215837,-0.07681530272727792,-0.09546595164927325,0.19024386264237153,-0.7105773800207953,-0.0012334006243067393,-0.042463204464380226,0.43776595646695826,-0.29666965267085443,-0.18589256759561593,-1.2921787136924021,-0.8734445345476917,-0.37343831869736815,-0.37416553547489306,0.09111179742256746,0.22943412933977142,-0.15592554396029565,0.1264812773943427,0.1260699552353728,0.13176299765937458,-1.5305971601470516,-0.7071339337308318,0.06213271624831739,-0.1651835991003411,-0.5384769232385496,-0.10082653160190387,0.5928472589553047,0.35805695368988144,-0.5190572890943584,-0.4730392641897117,-0.5040337712568994,0.5814622951181795,0.5148739709267077,0.7356730267383249,0.0,-0.5448655065804582,-0.1291497807244899,-0.8631830997828207,-0.4853966409525631,-0.8373206029180854,0.5591234571599344,0.5195094340339206,-0.6633183182556533,-0.7109994617763369,-0.5383740364700522,-0.5500618510949884,-0.7182195252998488,-1.154038200206116,
2020-02-29,deseasonalized,2020,2,104.436,-16965478726.015808,-23417695839.20404,-6491485976.486053,46001782175.60086,-64081985473.70026,11783063489.618587,-13826203161.340332,-881719501.3011732,-1003335086.7253113,-56946050.45694351,-643042886.0379658,-24140030.25733584,945899138.6340027,-687834718.5644579,338205409.0850105,-1105795781.9177876,-16965478726.015808,-16047109982.938507,-1003335086.7253113,-10071210.619933069,-24017046.816684365,924916031.5219498,199868354.9136405,2511870653.296074,-325640563.9192753,-160536420.94265175,-5458502662.137192,-831651957.423482,-492610333.34427977,-131048670.07112288,-2555151208.8352127,-5873569006.017342,323885391.5623529,660191786.3917246,-2085594491.1016235,1252651171.3033676,-886075157.370388,77995495.50239241,-205678986.64848804,76081090.95909274,40954552.50983156,618218540.5599673,-1095208915.7690558,-54110448.91940546,-71890204.97778898,719188864.9689426,-9837265477.35268,-2877402746.6335297,524082431.8935826,1227697595.034543,704965983.891573,-23417695839.20404,-20532977105.22058,-2857348179.8013,6491485976.486053,4441715457.579529,1939266864.0806274,0.0,-2821835840.9928894,75270720.16117859,-1236900498.139305,49296417.62318921,-1221972718.0442505,-238117475.0093956,-1931706343.4124146,-955434381.982652,-1761038618.581479,4012180020.7605247,2009698729.507042,4256833453.9461746,-1977303897.1291828,
2020-02-29,raw,2020,2,104.436,188000000000.0,423000000000.0,235000000000.0,200000000000.0,46732281231.0,-11516146795.0,69626288726.0,-2041301783.0,75815000000.0,21423987287.0,2279302563.0,400113144.1,6684551176.0,1584326831.0,6286242573.0,5892029134.0,188000000000.0,112000000000.0,75815000000.0,385471031.2,631281861.2,13471337973.0,992596087.5,52621571802.0,9295381759.0,2347515997.0,102000000000.0,4298582393.0,3753295447.0,912516610.3,364377391.7,3354827132.0,2212695039.0,7005800547.0,34890998557.0,60060244164.0,17797972444.0,662905331.7,5025929790.0,707284132.1,32235237.51,399880976.1,1442057670.0,1488938245.0,535353775.7,9062407569.0,101741342.9,95634460836.0,2403284504.0,-3728941004.0,-6855495909.0,423000000000.0,334000000000.0,88938537611.0,-235000000000.0,-222000000000.0,-13123537611.0,,78203394597.0,12211964436.0,37234676880.0,1411943581.0,38646620461.0,27307397343.0,35558491537.0,1103738785.0,3735221974.0,36438822112.0,18109433791.0,58283477878.0,4898146383.0,
2020-02-29,real,2020,2,104.436,233381669156.2296,525108755601.5166,291727086445.287,248278371442.79745,58013073389.19745,-14296050857.793957,86433507872.48645,-2534055411.5325937,94116123654.67845,26595563367.137783,2829507641.835171,496697199.0500267,8298147399.0165825,1966770427.169041,7803690342.594104,7314316989.415181,233381669156.2296,139035888007.96658,94116123654.67845,478520599.3235588,783668162.1005706,16723209265.45978,1232200700.5249624,65323990748.80396,11539211225.31803,2914187243.355375,126621969435.8267,5336225180.233616,4659310405.624132,1132790689.5989292,452335127.0092515,4164655084.0253544,2746821603.912386,8696943752.311098,43313401498.72478,74558298047.4735,22094258066.900528,822925280.8761173,6239148316.235205,878016762.3256022,40016561.36027289,496408987.58532107,1790158649.1709752,1848355813.2374847,664583817.8827434,11249998962.911005,126300874.61807613,118719840950.86037,2983417813.834156,-4629076998.396951,-8510356798.596402,525108755601.5166,414624880309.47174,110407576382.81535,-291727086445.287,-275588992301.5052,-16291452728.136904,,97081057259.20813,15159833211.437202,46222824684.82591,1752775264.2989578,47975599949.12487,33899180703.30707,44142021848.84428,1370172340.1902597,4636874143.410356,45234857056.305786,22480903646.90323,72352634847.86076,6080519035.298345,
2020-02-29,zscore,2020,2,104.436,-1.1875884076000283,-0.40242415595124253,0.5502474026459238,0.2631493360397871,0.357842524993476,-0.07699732194116472,-1.1150001607666942,-0.9844817490575487,-0.6218387526958609,-1.0128566008866302,-0.45251532554722373,-0.7500824349928248,-0.30697157087111887,-0.5879795780719965,-0.15181610683949345,-0.39211520612086265,-1.1875884076000283,-1.212158324198462,-0.6218387526958609,-0.8389197175119317,-0.842921192671104,-0.4732333198414091,-0.20885418803430708,-0.6236992712401657,-0.08706800385255405,-0.5670693923783579,-0.5654586858397984,-0.7942323298065114,0.018130474626670515,-0.5129791172120929,-3.16056472695435,-0.37632347931788057,-0.39806051361599076,-0.633364202270396,-0.8451589554019482,0.608842175683391,-0.3909948411233905,-0.0989502888372909,-0.05460311317082726,-0.2328429339736999,0.12828759689094704,1.6886726301870383,-0.19561632416924699,-1.0342679844553206,-1.0167503605900032,-0.23371810750446365,-0.16482566707607565,-0.5353524849778784,-0.019081148398813055,0.4950810072296083,0.41071120937580047,-0.40242415595124253,-0.41786393233057834,-0.06847526201374667,-0.5502474026459238,-0.5104086631482577,-0.5094008591738296,0.0,-0.5311501808832579,-0.07632764560048244,-0.6271354472139532,-0.32758800546106537,-0.5915356586990905,-0.2927854826290834,-0.4556674971344421,-0.6690272816964609,-0.6815019474867335,3.380639630917646,2.4480627970197535,2.9956521678066883,-1.26198975051624,
2020-03-31,deseasonalized,2020,3,104.436,-24201228241.585663,-126187554801.8927,-102103414893.41464,154462903136.64322,-207489520149.84253,-48899579843.720924,-17505608148.172104,-834998030.7619858,-2555083593.8470154,-596615685.9591408,-220173856.8737766,-64160661.60428393,-682873030.5833797,-801496494.9369082,-867205443.1675739,-301841989.8724375,-24201228241.585663,-21745042791.54062,-2555083593.8470154,12758281.141863346,-14698609.51233375,-3471496303.482317,-124643590.35635948,-769681723.6267853,-3263036095.6613426,78980316.62005234,-39777374400.109406,-901548944.1550455,-119214765.3628521,536836740.3819804,351752624.9625912,-3836947694.6175766,301038043.944602,-672917876.817627,-9604701196.152527,-36831143305.36735,-10878327846.05297,77518130.06523204,-4500523775.2959585,8725243.087273002,-12633119.877202947,-117729068.5563854,2931291775.424271,52213816.98100519,-60584390.06397903,138672654.4399147,-9115074540.683125,-9325109536.997955,1103573105.750263,1665787538.3714962,30689213.558019638,-126187554801.8927,-121003802918.63135,-4908083258.437103,102103414893.41464,99894476971.71933,2425018991.7992096,0.0,-4866224376.655746,-59550939.28646469,-9495992311.007973,-213240164.46938658,-9732144900.338493,-9818210933.418327,-18733358373.89306,-613735737.6896462,-694607566.375534,-2985255342.5111465,-2008097958.2256088,-5690631986.07225,-2252442693.8861113,
2020-03-31,raw,2020,3,104.436,237000000000.0,356000000000.0,119000000000.0,268000000000.0,-158000000000.0,9167289170.0,98315617516.0,10389710968.0,83698060584.0,23466795083.0,296026483.8,404994603.7,6414800982.0,1216903602.0,4814749992.0,7748571718.0,237000000000.0,153000000000.0,83698060584.0,455144117.5,700978965.0,11227994027.0,1200318072.0,57855209363.0,6366217487.0,2875613975.0,73527433397.0,4776494204.0,4451969156.0,1632371125.0,3533926732.0,5649081929.0,2759859977.0,6271412719.0,40470878105.0,22625540650.0,7293849349.0,794790574.0,514908842.7,690076935.6,32567668.66,-2798321.25,5372193261.0,1863849657.0,537632477.0,8987691941.0,-1056339300.0,91869493561.0,2771606609.0,-2766999122.0,-7391571884.0,356000000000.0,267000000000.0,89344341097.0,-119000000000.0,-113000000000.0,-5646280513.0,,78758089935.0,12306474134.0,34664200225.0,1580832363.0,36245032588.0,19671383511.0,19186063437.0,1410484166.0,4461757065.0,10498721990.0,4904443434.0,19864922489.0,5273054577.0,
2020-03-31,real,2020,3,104.436,294209870159.71497,441935501168.17944,147725631008.46448,332693017733.3486,-196139913439.81,11380198128.363972,122048207021.32726,12897702594.482054,103902090873.58058,29131488330.945435,367484866.50900835,502757003.24878573,7963281704.70309,1510654222.537171,5976991434.5899105,9619013835.763796,294209870159.71497,189932954153.74005,103902090873.58058,565012201.3233463,870189579.2292886,13938340357.965086,1490065080.6475925,71820985800.63864,7902970549.615093,3569763773.0557466,91276357100.87958,5929501010.875405,5526638258.826227,2026412222.5262358,4386987869.095636,7012724307.395284,3426067702.4985824,7785280682.594831,50240218533.84684,28087161927.974064,9054525189.594141,986646546.754031,639203644.5352578,856655888.7050211,40429238.68296717,-3473813.213618866,6668996969.585257,2313767787.270883,667412579.1215863,11157247590.705175,-1311331005.4751232,114046041232.99823,3440649875.8130713,-3434930178.9690523,-9175837148.80945,441935501168.17944,331451625876.1346,110911337525.9648,-147725631008.46448,-140277279865.18057,-7009246652.384214,,97769651535.03589,15277156780.962156,43031855896.15027,1962432423.048546,44994288319.198814,24419895310.688896,23817422922.682804,1750963558.4016619,5538788889.357979,13033027989.539429,6088336143.134206,24660153022.031612,6545927014.532746,
2020-03-31,zscore,2020,3,104.436,-0.8252431529746381,-0.8365585959839517,-0.09833938807834011,0.5977652244208805,-1.0320930091626423,0.13526001876137092,-0.810942750935609,-0.589664322273079,-0.21475562776169327,-0.6603207987062376,-0.9149478396104231,-0.716331243236258,-0.39128989053146496,-0.9134937955640541,-0.3491806684339592,0.03346328564773437,-0.8252431529746381,-0.8779348379622897,-0.21475562776169327,-0.19824056947343527,-0.16051101996629355,-0.9019571065904838,0.05449227684730657,-0.19675085401831768,-0.14235417324572727,-0.050992421872377854,-1.2378584090809053,-0.6428779326813042,0.17476608117389192,0.4800291473096364,0.28850773909852145,-0.2566734976770595,0.1865852956567864,-0.9430073772838697,-0.6853436550243621,-0.0761041484853469,-1.3485944228234852,0.270352650903184,-1.1539190721621226,-0.24395175689817225,0.1312044436757056,0.21350904466419035,1.0336254644376042,0.05125579313534037,-1.0000759378109236,-0.29150548465233944,-0.18931553472831614,-0.7086403915966428,0.027557031317998686,0.5418051028975195,0.35636320887505396,-0.8365585959839517,-0.8799573366508204,-0.0516340778891864,0.09833938807834011,0.12059476130077719,-0.14319545630370026,0.0,-0.5037706999821192,0.001195709270146267,-0.8722821093514799,0.13304742026385685,-0.8245758263193439,-0.8389417057161173,-1.1312973788119163,-0.557210736255037,-0.45467512050477876,0.5890364797473466,0.25903676129867587,0.38226665199642856,-1.123759696154416,
2020-04-30,deseasonalized,2020,4,104.004,-335928500968.85815,491812445198.1074,827442039652.0398,1328066317861.5522,-494490736354.1154,-3084758406.539135,-271321457247.35376,-57228207416.67102,-4016538542.665222,-1573538967.6863976,556740975.817133,-57507926.05882919,-6254144010.492463,-3068594342.636906,-2459677720.531206,9392991107.036657,-335928500968.85815,-332017770064.2676,-4016538542.665222,-28175545.167227328,11104479.478575587,-3037117311.027767,625182588.5436409,2607315525.6459656,-3105402643.1158676,-28481585.56176424,124558538454.34514,-344440481.42776394,1048614418.2735143,1250667291.321072,2567244389.9625936,37605733730.92788,763749880.7627854,816741750.2732859,-13551223223.69796,332224484822.7235,-1337801422.052948,488085874.6834142,1336867300.4676838,-14332582.749089718,-20343883.831748456,15465444.962705463,388859484.3697257,-3152909.8371753693,-52268436.82761502,-238700930.46917152,5995479455.875044,-3945001706.088867,1708102852.9629927,1615431042.416933,1547917670.3761911,491812445198.1074,494996197081.3688,-3310830805.527954,-827442039652.0398,-827271384760.6442,-654282712.0007668,0.0,-3819232347.9284363,-1136541.377368927,4956858257.537521,-27531645.89665842,4906414186.934196,82446005229.12712,2989485725.8342133,-828680286.7078252,1250412504.988109,-3799538763.7838717,-2547564336.771062,-5099361714.526781,-256102960.34065342,
2020-04-30,raw,2020,4,104.004,242000000000.0,980000000000.0,738000000000.0,1390000000000.0,-665000000000.0,16099757758.0,75256925492.0,3940391140.0,99811000000.0,30170801379.0,9063162136.0,401969683.3,353458812.0,12990064.74,4113560502.0,18738749106.0,242000000000.0,142000000000.0,99811000000.0,383752378.9,667853074.6,10304602415.0,1478092873.0,55280215556.0,5805544782.0,2661857533.0,250000000000.0,5486989135.0,4092555486.0,2084906472.0,5645107510.0,49520299859.0,2857974820.0,7481402843.0,41004027662.0,392000000000.0,18617885001.0,1088661634.0,5014066898.0,637780792.5,30727383.42,-127573527.9,2499208289.0,1625433658.0,521921907.5,9285555856.0,15367095991.0,96580966804.0,5156557005.0,-6312421927.0,-6997992361.0,980000000000.0,901000000000.0,79038255847.0,-738000000000.0,-759000000000.0,20772744153.0,,78920879724.0,12293853917.0,45304448248.0,1262876412.0,46567324660.0,118000000000.0,45113407037.0,1451522113.0,3540857616.0,3662303711.0,1481894972.0,8685056299.0,7093533263.0,
2020-04-30,real,2020,4,104.004,301664666743.58673,1221617245490.5579,919952578746.9711,1732702011461.0972,-828954559440.0214,20069124209.584896,93811385738.39304,4911887521.022652,124419223356.79395,37609358443.73133,11297668534.708817,501074589.064957,440603449.29571927,16192741.945329407,5127751479.195914,23358754149.806503,301664666743.58673,177009845775.16245,124419223356.79395,478365840.8798641,832511054.474747,12845183691.926172,1842514024.5851886,68909453732.29082,7236891454.243796,3318133742.195665,311637052421.06067,6839796482.7911415,5101567714.106726,2598936430.0306907,7036898660.065573,61729441132.263306,3562603395.1936455,9325929319.868254,51113497271.90926,488646898196.2231,23208091216.103664,1357069210.8146222,6250276114.938924,795024505.0618725,38303164.79048228,-159026552.80684778,3115383618.280969,2026181416.3404095,650600819.3891098,11574893028.219835,19155825995.626953,120392831259.09947,6427896902.71749,-7868738251.873407,-8723334848.988556,1221617245490.5579,1123139936925.5027,98524996322.64297,-919952578746.9711,-946130091150.3402,25894227034.15097,,98378681326.65764,15324881590.355963,56474178854.276825,1574236330.43106,58048415184.707886,147092688742.74063,56236036774.72887,1809392291.2772388,4413849721.971616,4565238134.267008,1847253524.286681,10826341380.525305,8842431189.328274,
2020-04-30,zscore,2020,4,104.004,-0.7882691474006188,3.2067233529773986,3.362653917596827,6.118927382708921,-4.474136010784063,0.2064023255561763,-1.0553251211970551,-0.7944991100739509,0.6173203989852555,0.4966173341961894,1.129249951760767,-0.7372460262795819,-2.285939822315372,-1.980086602110001,-0.4432280038234789,2.55276079994293,-0.7882691474006188,-0.9676045537817506,0.6173203989852555,-0.8547235917166318,-0.48484938349044077,-1.078425788200741,0.4066505332428578,-0.4068130750722052,-0.15293652481919978,-0.2598831611084543,2.929665600890238,-0.41786459451540414,0.0941891573872651,1.1042821461902288,2.5858739291988053,2.0312983643623603,0.2914210184958227,-0.43283391110503383,-0.6700735303083775,6.682375401886374,-0.3162481997795178,1.0932456787355294,-0.05749404776140939,-0.2777137118645589,0.1150572502332961,-0.24358880575294703,0.1350322470154818,-0.6390572450618839,-1.1150382094974818,-0.061128321860536065,0.15798994795770815,-0.4917882184606117,0.32954744588822743,0.36959441384882913,0.3962647547577762,3.2067233529773986,3.4926877131855,-0.4793452368284783,-3.362653917596827,-3.619113607452219,1.150700078442083,0.0,-0.4957354784587216,-0.00915626075768454,0.14247960111963423,-0.7341610059930007,0.177056760906871,6.193888116822328,-0.061371282225227496,-0.5422513538167788,-0.7421831880071927,-0.1466802954623554,-0.3083281128349563,-0.37823306158750103,-0.4525423908043978,
2020-05-31,deseasonalized,2020,5,104.004,-103156881262.26025,98525113806.1836,201732545969.7908,643477728092.265,-385774949502.27246,-56085392350.34371,-79361815278.68665,-11634711560.222862,-2064083997.2106628,-850304498.9009514,-3008859578.801958,42500822.496625185,-4505555569.264281,-1503564111.2987258,-873897976.6921158,511420740.04665565,-103156881262.26025,-101214553140.39685,-2064083997.2106628,7545524.479136229,68040916.0576663,-1144703288.3495865,344891478.8654586,3466242257.207779,1769417408.5614243,96247066.74641705,4231986899.43602,417317349.8058691,2393211685.005333,-19074154.361655235,-781607767.8401351,78436172962.78969,-745424018.0435772,2078583136.6269217,-27759916665.40982,36780665213.489876,-949615892.2593231,-357507745.33749515,918233562.7858667,74264991.73091042,-5169037.458112106,-208795863.90638557,-2091440763.8848205,154912684.26464272,-30869096.08397913,-1249393626.1328087,1532166988.3623047,-3985552398.435211,-2100467160.0124583,7009687466.3078575,143255826.1689167,98525113806.1836,101823821710.92322,-3127124230.006195,-201732545969.7908,-202360899671.8733,1113324573.2955647,0.0,-3819171138.9030304,-16926536.59464073,-2003688397.7661438,-251114919.36211348,-2114322259.5145798,-29925325684.64743,14482171462.25148,276699858.5485382,-1018551350.2273455,-267861098.59662008,-207885249.52015543,-1496968817.0222416,825360758.2557096,
2020-05-31,raw,2020,5,104.004,174000000000.0,573000000000.0,399000000000.0,760000000000.0,-269000000000.0,-92071767771.0,47759907051.0,-1795033698.0,77433000000.0,22096390566.0,11720358305.0,505237961.2,2700572416.0,735734582.2,3832899414.0,8871490341.0,174000000000.0,96427556939.0,77433000000.0,443249069.2,776053570.8,12511826974.0,1201766520.0,58453314579.0,8929167526.0,2689653868.0,129000000000.0,6031243232.0,4797208346.0,1161971098.0,2816596388.0,93868942152.0,1658485609.0,9838830446.0,26503040410.0,71967463163.0,19491145907.0,326133021.2,5874826414.0,752733606.2,44116208.84,-225670268.2,1205038921.0,1862224982.0,541378824.4,7814700028.0,10843954978.0,97130446619.0,1530507144.0,534710981.5,-7401015961.0,573000000000.0,482000000000.0,90972105578.0,-399000000000.0,-385000000000.0,-13539105578.0,,79141984030.0,12230608753.0,39861652691.0,1263832680.0,41125485371.0,-2189563781.0,63170687385.0,2597398518.0,3885314497.0,1940295274.0,815292832.7,6640902604.0,8550881993.0,
2020-05-31,real,2020,5,104.004,216899388485.05823,714272124149.071,497372735664.0128,947376639360.0244,-335321468405.0613,-114771897277.4034,59535026629.109886,-2237596042.5647855,96523967520.47997,27544216100.53109,14609991661.955595,629803475.9983768,3366393710.28745,917128626.2441943,4777893902.421483,11058740401.804602,216899388485.05823,120201598466.53581,96523967520.47997,552531333.6554669,967388189.2998036,15596595514.318714,1498059903.9644625,72864874638.56229,11130637793.505978,3352783213.8256984,160804719049.2673,7518235453.019805,5979951475.188607,1448452991.9167337,3511023184.8645043,117012161784.52934,2067382266.6860309,12264576477.848118,33037317574.274635,89710912361.35432,24296653035.065205,406540533.6957731,7323254348.577399,938318729.1777738,54992981.14755816,-281308868.80367285,1502139109.5723815,2321353217.341371,674854804.31678,9741400329.1228,13517512663.722431,121077784338.74535,1907850940.2621434,666543016.6873292,-9225723196.029055,714272124149.071,600836237067.8049,113401115339.4618,-497372735664.0128,-479921060728.4334,-16877147818.981842,,98654298503.45541,15246043444.400578,49689471797.021126,1575428364.5944383,51264900161.61556,-2729396811.195011,78745307264.29472,3237782472.449405,4843231830.295584,2418671600.063497,1016301820.9705797,8278205251.703625,10659086639.595379,
2020-05-31,zscore,2020,5,104.004,-1.2911156232072825,0.5695186202413897,1.4672149343595382,3.0188095932958503,-1.7856763882158526,-0.9036743748225552,-1.3467460974926824,-0.9766601070428208,-0.5382848475691712,-0.8968171820949313,1.7488177051748186,-0.023232650080923484,-1.5522807572130168,-1.3397797366786193,-0.4808717903467531,0.2908718784124505,-1.2911156232072825,-1.3391016463706988,-0.5382848475691712,-0.3076215344260496,0.574550724589634,-0.6566047505362668,0.05632859504580156,-0.1479587715848258,-0.09398007167796313,-0.23271954951445317,0.07216533944203248,-0.24549963336913305,0.2521652293498274,-0.16886740734615197,-0.4920840968122762,4.344168862918756,-0.9902333635308633,0.561138673987053,-1.085401426459932,0.82670969215476,-0.23663810089380538,-1.0419747100832613,0.15226925944708056,-0.20350113156054725,0.23253466586664095,-0.6029535411673778,-0.26974947917319053,0.0465516862799398,-0.972661997938723,-1.198733702930038,0.06233933376265158,-0.4664976382468392,-0.12959514366511535,0.7021780127690568,0.3554057574587224,0.5695186202413897,0.6028797070633892,0.015919509701089456,-1.4672149343595382,-1.4540192887004844,-0.5297536747558779,0.0,-0.4848218819155927,-0.06103429440268795,-0.3766004538966642,-0.7315528344373132,-0.35099684659526864,-2.402518287527558,0.6837862539948412,-0.12455006458387612,-0.6346425305534831,-0.33199816842592383,-0.41883250541268646,-0.5172846632032294,0.08478754061885391,
2020-06-30,deseasonalized,2020,6,104.004,-135906817475.10394,581624558184.01,721949533155.7334,530486634363.06323,-194118429008.66446,385701239435.55634,-78008444474.32663,-52250084353.67372,-3178062225.951538,-90632294.98913956,531221007.6962085,271307.40935248137,-3255023633.5970097,-1000619399.8841803,1246525615.089703,-85712249.30607128,-135906817475.10394,-132454994422.59052,-3178062225.951538,78554218.3391363,1078410.0503937006,5915822241.334965,260818410.08182228,-2793952675.424019,45906566567.474174,-60640497.152673244,13856232590.016907,375979441.9295082,-12829037856.354664,532825553.7719815,632242719.617136,99227691968.52695,541354529.2527871,673259587.0678291,-36341172071.9216,4484731732.812565,-1039055601.7311478,-123964664.6793133,2752292397.3222313,-89478468.55181694,64023890.87916056,52240192.229068905,-1041286923.6893678,97492354.16191602,-58230343.64579725,-776267924.5028086,460478047691.6005,-4976867254.677902,1763622249.2166271,8965191320.28872,-723455671.0756483,581624558184.01,594038621580.2079,-7342278729.828033,-721949533155.7334,-726479642556.2605,4099553015.3764954,0.0,-4249666130.4129944,-314572612.4846401,1128763024.5493011,60550529.64788675,2001753172.5854263,758307743.7762146,-743286775.5057983,-706654684.4587326,-133495331.9027977,233439677.28430176,159779699.59893942,257052926.1386795,2728167095.252985,
2020-06-30,raw,2020,6,104.004,241000000000.0,1100000000000.0,864000000000.0,716000000000.0,-273000000000.0,421000000000.0,92115922736.0,5706996532.0,95188493941.0,28820040982.0,1779927647.0,470646720.6,3678334824.0,630066486.8,4480241632.0,7957996850.0,241000000000.0,146000000000.0,95188493941.0,520941191.5,685125803.7,20788407573.0,1310211621.0,55002782995.0,78038236293.0,2554793167.0,130000000000.0,6598870098.0,-9864286580.0,1865672654.0,3714277173.0,117000000000.0,2707809591.0,9614761890.0,68463136508.0,28139445866.0,17636530715.0,471620625.6,7188802928.0,749229171.5,33661120.79,56982065.69,882570937.8,1962608348.0,600800193.6,7635180231.0,511000000000.0,101000000000.0,-3448877501.0,-50151092848.0,-8147849843.0,1100000000000.0,1050000000000.0,55619046325.0,-864000000000.0,-904000000000.0,39569447617.0,,79251920872.0,11858617197.0,42202171407.0,1568075838.0,43770247245.0,32136519569.0,42404558070.0,1831725050.0,5522177077.0,1099540865.0,530288720.8,7152006663.0,10639371226.0,
2020-06-30,real,2020,6,104.004,300418118533.90247,1371203030652.667,1077017653167.1857,892528518133.9177,-340307661243.7982,524796796277.06616,114826938569.97282,7114046309.638782,118657046704.69293,35925570489.1386,2218765621.735337,586683826.95769,4585221689.476403,785408251.1025804,5584837185.32241,9920026726.040342,300418118533.90247,181996038613.8994,118657046704.69293,649378309.6151012,854042344.0107129,25913752242.3095,1633241950.4650395,68563620670.06815,97278423737.95503,3184672848.4373865,162051267258.95154,8225809706.600782,-12296308776.111301,2325650906.7005496,4630025560.2741995,145846140533.0564,3375415197.8268714,11985264220.519785,85342600243.41531,35077175865.76896,21984785787.824406,587897846.4918425,8961189419.671242,933950282.3765334,41960209.856739536,71030891.9699794,1100167222.433933,2446485922.510749,748926405.7100264,9517620247.569572,636986135148.648,125901369178.1085,-4299192074.291815,-62515755003.38262,-10156687634.567688,1371203030652.667,1308875620168.4548,69331822620.7737,-1077017653167.1857,-1126879581554.5554,49325224085.16577,,98791340077.02885,14782338036.251122,52607041212.18339,1954682128.5080185,54561723340.69141,40059720934.21958,52859325944.61,2283333581.71128,6883659948.893714,1370630696.7404134,661030455.5289872,8915321101.412424,13262489153.936346,
2020-06-30,zscore,2020,6,104.004,-0.7956639485154227,3.984277573931504,4.067153362693872,2.802293430225731,-1.812832546019572,4.361565365852291,-0.8766488241012929,-0.7383905202925672,0.3786130858200921,0.2635110179571748,-0.5689525680914533,-0.26240201544618136,-1.2466524940888994,-1.4333951226236574,-0.3940467429718394,0.08147017360339429,-0.7956639485154227,-0.9349973843928557,0.3786130858200921,0.40679669171856536,-0.3157306481978212,0.9251263888479232,0.19381348404694407,-0.42944540133174874,1.2104109858601098,-0.36451043853844556,0.0957810440821003,-0.06573252965237478,-3.0347942211638874,0.8018585471281604,0.48476331789153565,5.55049984693368,0.13096945126960374,0.46666366166355855,0.11639250190144948,0.024784298730525737,-0.4057125410933127,-0.6345826542040927,0.47247955517725604,-0.20576356545166233,0.1407987080209028,0.4325067694608153,-0.37060887988825664,0.3372030966658843,-0.5378454503936014,-1.3375798652717252,10.639111705489874,-0.28839600921128483,-0.7601015205567299,-1.759767341154661,0.27969087731899883,3.984277573931504,4.520328269061859,-1.4512620222147354,-4.067153362693872,-4.458521832636715,2.071285565131533,0.0,-0.47939545508330067,-0.3661673549766975,-0.153384907557532,0.0982546575086277,-0.09436007832965232,0.05261137151556341,-0.1731555145869722,-0.40365764836820894,-0.12360823940057832,-0.4224778753848869,-0.4660783877927475,-0.4825172980241402,0.8548213377774032,
2020-07-31,deseasonalized,2020,7,104.818,284797873980.6153,166056286091.08276,-118666616524.64014,-44546797754.00043,-80474348245.0498,6056100682.677195,232796081494.54977,52794028131.67349,-1787447633.5743408,-592412339.2282181,-56424737.19560528,-23268586.274283826,-1479708218.9870052,1105650115.0667288,-262930204.17029,2494397279.4712,284797873980.6153,286849059430.6603,-1787447633.5743408,-3280024.817227185,-25013104.571424246,3675652868.252249,184816602.45454955,6493074077.721443,-9508470072.770374,221615337.7673273,43196034918.184204,252831016.48132706,2559111447.2226095,-235871085.2934723,-591211552.9255881,93210320293.17058,625137779.0555153,1956080754.2432861,-20639050477.447113,7786751439.05257,6455252911.973404,104004564.85432303,5290583297.071323,10866063.634548187,-8957059.178112134,140103154.4936143,-786812162.2802737,171442508.0555532,-74577234.50761521,39132223.13264847,22090969809.05955,-46220679.126083374,-759446215.0260897,3584431823.795143,944294948.0725279,166056286091.08276,170068087838.766,-3791368035.6770782,118666616524.64014,116685335136.15942,1961252000.511917,0.0,-3906539166.9493866,-277416675.9191818,1871706439.0738525,99341639.80879545,1733093390.385437,10515285772.221653,17457336454.60694,180178253.82308698,-1795826116.0809784,1289982249.5333858,-793644742.8465133,-1302159728.1631298,2261404317.514801,
2020-07-31,raw,2020,7,104.818,563000000000.0,626000000000.0,62991726395.0,106000000000.0,-41057947323.0,-2365059170.0,373000000000.0,67990824846.0,72475000000.0,21885214305.0,3740470907.0,435898254.2,6226009171.0,2871010480.0,5012827682.0,9752243987.0,563000000000.0,491000000000.0,72475000000.0,451468094.8,681599332.8,17198349999.0,1107663426.0,61876846543.0,5879737782.0,2612555658.0,170000000000.0,5848755569.0,3968974595.0,1387798198.0,2331978214.0,110000000000.0,3286207530.0,10890775456.0,31302742794.0,24526107936.0,27162090762.0,814046971.4,10881826524.0,665395463.2,38605210.99,-1138061.49,1033414251.0,1835239058.0,676559984.8,9443362629.0,26137418603.0,101000000000.0,1647721275.0,-1585857978.0,-6845453100.0,626000000000.0,547000000000.0,79253101453.0,-62991726395.0,-56213624941.0,-6778101453.0,,79463130100.0,11899524525.0,43271013967.0,1473837365.0,44744851332.0,41642433082.0,66702291419.0,2062073027.0,2982157856.0,2280372143.0,1009173914.0,6271703913.0,10228662493.0,
2020-07-31,real,2020,7,104.818,696356522734.6448,774279188688.9656,77912432599.42155,131107977637.42867,-50783249428.89253,-2925265328.0335436,461351657158.12164,84095656070.37451,89641987540.30795,27069114978.210133,4626467698.381212,539148477.0174321,7700749727.942394,3551060168.006258,6200204713.5088625,12062235722.286266,696356522734.6448,607302047358.2781,89641987540.30795,558406310.1608578,843048208.3247991,21272083840.2789,1370033129.111374,76533473705.98349,7272457826.758495,3231385743.2603936,210267511305.31012,7234136927.804136,4909096532.497949,1716522784.0438473,2884348561.623423,136055448491.67126,4064603993.916884,13470448537.165142,38717351907.791824,30335551045.34198,33595913096.321735,1006868416.2464881,13459379892.103493,823006165.1818123,47749539.0487277,-1407631.513027724,1278196721.7953594,2269947937.505657,836815201.4862026,11680190343.255299,32328529185.87015,124923639069.62543,2038013245.9944854,-1961496531.2807722,-8466919924.083649,774279188688.9656,676566639317.6743,98025602386.76216,-77912432599.42155,-69528817751.73048,-8383614846.454215,,98285380039.15929,14718137691.695604,53520520108.81415,1822941851.8078,55343461960.62195,51506180993.23562,82501910676.67455,2550511550.100574,3688534768.827644,2820518678.579805,1248214631.59423,7757268079.001678,12651502390.500465,
2020-07-31,zscore,2020,7,104.818,1.5854620104514259,0.9129384011627865,-0.411496512487594,-0.19940792142819494,-0.23816880006577584,0.016912873981081437,2.100238004476416,1.239786263673888,-0.7943171477039843,-0.9332607440976147,-0.11182057413468326,-0.5026584651181253,-0.4503022976519345,0.5519424195218474,-0.32261341491649514,0.4927685714992237,1.5854620104514259,1.8773709753993262,-0.7943171477039843,-0.232043451140903,-0.3502586197303708,0.2390331660423658,-0.06297373686178807,0.13132528970177973,-0.15153617769459587,-0.3080627856293126,1.0404092296848129,-0.3032933718380762,0.06648356668007127,0.14265133994743223,-1.019440834642397,5.185435830251253,0.74898772627896,1.004674882536496,-0.9479314557153277,-0.04132928841749017,0.4626771601667842,0.32427410598497697,1.3724531583688242,-0.2598859101698485,0.18417958133384704,0.219591191813494,-0.3234291071236809,-0.031583737781930264,0.016527686675128855,0.0609243162815167,0.385749367784734,-0.28839600921128483,-0.11475309744329569,0.5991762942784579,0.4117293609326967,0.9129384011627865,1.0511792784188478,-0.470428964460629,0.411496512487594,0.4493323495968898,-0.19862740653320518,0.0,-0.4689702745778711,-0.33261235086110713,-0.051449266389637746,-0.15877590790821322,0.00021147674492812306,0.7325098022249641,0.8295225614655156,-0.3196899128033153,-0.9166112305976086,-0.29540001904810514,-0.38669232784909785,-0.5423990513353706,0.703391490689383,
2020-08-31,deseasonalized,2020,8,104.818,-28204204227.169434,-1172071903.6019287,26938277871.732544,-32474447503.96411,31652064169.981102,28292566282.655396,-25208796364.904953,1941054812.7089424,-2097538542.665268,-1028945093.8373146,-1206201855.954708,-69375052.27246553,-195033814.80245972,-564526445.6041796,-1505964996.9330177,1920992115.5121021,-28204204227.169434,-25771018777.124237,-2097538542.665268,-44724487.25449997,-87200686.01506078,4600973677.526794,-71860753.18181372,-8548008373.234924,26587443629.04236,-43787561.949035645,-41170375618.84668,958172099.537694,192779823.9753399,48725510.587436676,517878376.8835001,42453437758.889656,-45809543.4590292,944530617.4351044,-9886867693.607162,575979870.2243614,-13074948800.081146,45362131.4534142,-5622156797.346851,-407275278.2863606,-19065090.968112156,-154685132.7136586,1230578114.0424519,-240097534.45444727,-114310998.44397914,-266914119.82916832,12489579343.803146,-11648947514.831589,-1772744413.4924471,850682068.0069923,730685868.0107098,-1172071903.6019287,6511504159.435852,-7098427884.486206,-26938277871.732544,-32548288706.658722,4990306325.775536,0.0,-5671353603.806671,-868912331.7391834,-1734120131.1452332,32885141.677886724,-2026689753.114563,-13566524309.217434,-28731205519.884895,880189168.1058159,-465917475.88643074,189590809.51066244,-1366883297.237414,-1645881082.405836,1122008524.0866213,
2020-08-31,raw,2020,8,104.818,223000000000.0,423000000000.0,200000000000.0,189000000000.0,57107529732.0,-45764110052.0,89484899028.0,2087528224.0,74262000000.0,22176105053.0,3523876202.0,413899521.1,7651902948.0,1436223838.0,5896052805.0,16288789390.0,223000000000.0,149000000000.0,74262000000.0,387069071.8,602596385.7,17820054613.0,1466958250.0,48705073900.0,10002407277.0,2453942029.0,80724012354.0,6954876949.0,4519367533.0,999523901.0,3778663130.0,54522245138.0,2543250882.0,10739179377.0,47167143724.0,16355401400.0,9926582913.0,713768145.2,-1060035298.0,602827538.1,33256046.46,-169506568.7,2373178384.0,1641941138.0,741012208.6,8433664353.0,12351132916.0,92388783698.0,585838512.3,-7749017194.0,-7238900589.0,423000000000.0,334000000000.0,89764307117.0,-200000000000.0,-185000000000.0,-15502307117.0,,79779264714.0,11877598554.0,38990730013.0,1565515619.0,40556245632.0,16412418708.0,16903605782.0,3369950520.0,4342580809.0,793742387.3,375960454.6,5512283651.0,9270602969.0,
2020-08-31,real,2020,8,104.818,275821500124.0245,523195042836.15405,247373542712.12958,233767997862.96243,70634459726.71556,-56604150163.1551,110680982458.9678,2581996261.4122,91852270144.44083,27428908352.58484,4358568700.83852,511938954.3068041,9464391703.68074,1776418894.6683583,7292637351.953195,20147077689.48024,275821500124.0245,184293289320.53653,91852270144.44083,478753237.82730824,745332013.7806693,22041050204.707184,1814433296.5664291,60241733393.495384,12371654618.805376,3035201666.619607,99844924589.73347,8602262750.005285,5589859787.281936,1236278842.0790894,4673706425.919021,67436804682.03121,3145664903.430441,13282944241.547653,58339517213.09034,20229467933.98462,12277869911.072506,882836773.7659485,-1311123435.3308399,745617918.7211413,41133330.14704688,-209657202.06147987,2935307721.689633,2030863981.159228,916534076.1716079,10431327145.233051,15276717529.696577,114272703651.19452,724604741.2242724,-9584509179.084927,-8953562420.209257,523195042836.15405,413113816329.2564,111026573303.15958,-247373542712.12958,-228820527008.71985,-19174303158.71875,,98676396736.35486,14691018166.077236,48226375081.23984,1936335724.2160122,50162710805.45585,20299990801.36396,20907524234.512886,4168182994.484916,5371197996.180179,981754331.7359211,465013347.8703238,6817965675.91011,11466509497.595583,
2020-08-31,zscore,2020,8,104.818,-0.9287703685818924,-0.40242415595124253,0.35455311234118897,0.2090202952722573,0.4282804963799655,-0.42845641305687876,-0.9045331381511044,-0.8533472975332262,-0.7020360423508356,-0.8830605229148704,-0.16232309116515592,-0.6547612212813919,-0.004597456784297488,-0.7191896542716879,-0.2041504736547389,1.9911522649085942,-0.9287703685818924,-0.9105420073511845,-0.7020360423508356,-0.8242249286844281,-1.1237830825173019,0.35784667068961606,0.39253424405036985,-0.9431983884071727,-0.07372333318075362,-0.46306591865641816,-1.0679061260134661,0.047014636383972616,0.18987611827089865,-0.39295631125004166,0.5548274840067553,2.2921598264734238,-0.04486155125744128,0.9407567599431658,-0.49355354699377424,-0.19082948161660765,-1.1085834731408548,0.043474945566828016,-1.5377260304134739,-0.30027924215089197,0.1372444690242001,-0.3972050835836847,0.095613447777379,-0.5912612551972107,0.4881575701938938,-0.7200075535646686,0.09421154271138879,-0.6847393337133438,-0.24921225276601833,0.29981513097592016,0.37184120080914435,-0.40242415595124253,-0.41786393233057834,-0.03420513675663348,-0.35455311234118897,-0.296214840170145,-0.6259032388382808,0.0,-0.45336603016974186,-0.35059754038859997,-0.4596604525456603,0.09127179248320504,-0.40623351966647264,-1.0720350378053118,-1.2254860102087153,0.15706492096498853,-0.4918823694524681,-0.4553870773523226,-0.4916617910082152,-0.5940578889212283,0.3501513582947754,
2020-09-30,deseasonalized,2020,9,104.818,-44955159575.33746,57660768053.6004,102187437318.83862,49496528510.06738,25100515400.733307,26994711683.239624,-37486603847.31299,-23417437903.05362,1951942755.6585236,-1038070388.2522163,989752873.1940169,-71805338.8657772,11986042853.844704,56287016.84518719,-1757025649.738328,3726663014.027458,-44955159575.33746,-46763430486.67883,1951942755.6585236,-10292554.349976003,-91715407.65889156,5099043666.04071,550806814.9245502,341850292.8322754,-4161230190.739685,-178370053.98087645,7399167145.954712,22519389360.15886,-474568768.55941296,-35977405.95036793,1357468987.544942,28061148205.157616,-284932383.44586945,672717892.8639374,-4168106586.36705,8457812148.034546,357235006.3099289,-444553061.3492002,-869746085.4561348,-226544554.5436343,-10577587.31805589,85442960.045989,-683200803.8996782,52656156.92687392,-74265994.77925992,331108199.85635376,1202113379.8068545,-1199965428.4441223,-5594454720.792144,-1576205589.845256,898939478.5971565,57660768053.6004,59189007631.59454,-1592080051.3001556,-102187437318.83862,-104876616434.64084,3498733240.826927,0.0,-1640589404.2640076,220619041.72045517,-753326996.9129562,-139071766.625597,-903854977.0145493,4845499966.1636505,3933080478.862671,22650309155.632454,-1359959971.0604792,205221893.11552966,-1482091934.1769767,-2638165571.9178963,599276277.3569708,
2020-09-30,raw,2020,9,104.818,373000000000.0,498000000000.0,125000000000.0,197000000000.0,-75696724616.0,3028757531.0,161000000000.0,49660133581.0,85905267932.0,26694660009.0,2080812828.0,422308001.2,26197646500.0,2149233426.0,6049394549.0,12531854903.0,373000000000.0,287000000000.0,85905267932.0,486245632.0,649897910.6,16949982239.0,1535494817.0,63026075669.0,52675676257.0,3045390259.0,125000000000.0,32017450747.0,2114078953.0,1656646591.0,4813295171.0,34194200545.0,4060091938.0,12560762167.0,38759221605.0,-18207286866.0,20723906234.0,-150938141.8,4797553407.0,654542969.9,25811113.6,-143059351.7,1310382405.0,2072189508.0,722162980.7,9358597169.0,1960496693.0,97001672943.0,-2295602761.0,-3676845998.0,-10085027658.0,498000000000.0,408000000000.0,90033038654.0,-125000000000.0,-120000000000.0,-4127770722.0,,79817430206.0,11741437218.0,41228843948.0,1534325061.0,42763169008.0,36838925256.0,47676354358.0,28144590155.0,5917258570.0,529214759.5,245239988.6,6691713318.0,8685115277.0,
2020-09-30,real,2020,9,104.818,461351657158.12164,615960121353.2026,154608464195.081,243662939571.44763,-93626834699.82193,3746172402.297563,199135701883.2643,61423015877.447815,106253452329.86768,33017763089.61069,2573690204.9160256,522339131.8626113,32403023127.125107,2658317433.524738,7482300804.247876,15500246720.547403,461351657158.12164,354981033791.90594,106253452329.86768,601421523.0806922,803837742.7316643,20964885776.84552,1899203963.4870155,77954918107.41641,65152843252.25649,3766744886.549199,154608464195.081,39601351099.482544,2614836000.883798,2049052681.1882117,5953409392.847278,42293702645.12841,5021796632.20008,15536001182.076378,47940029805.96681,-22520005276.09223,25632730519.692837,-186690514.33725888,5933938913.201186,809583066.6074089,31924933.062886145,-176945493.24064755,1620769689.162453,2563024298.8243237,893220074.7565513,11575346682.556181,2424875062.1141214,119978237424.56616,-2839356938.2415805,-4547772102.660878,-12473845100.546354,615960121353.2026,504642027132.7443,111358958664.89041,-154608464195.081,-148424125627.27774,-5105506335.022724,,98723602401.18181,14522604605.743553,50994625946.71151,1897757130.0578716,52892383075.53252,45564877251.42033,58969343405.68669,34811134874.11637,7318866078.023048,654568649.5653131,303329423.9733213,8276764151.437996,10742338674.673643,
2020-09-30,zscore,2020,9,104.818,0.1804497986386892,0.08354723214507358,-0.06479179545467129,0.24838687037591534,-0.47333282563992496,0.07226524343886963,-0.14659639712375008,0.657591031363016,-0.10077491493738895,-0.10327477937659367,-0.4987963794733181,-0.5966236461519416,5.792417588759425,-0.0875073332223718,-0.18358344771830928,1.129943625564565,0.1804497986386892,0.2144053365656882,-0.10077491493738895,0.08775353342547625,-0.6606498959671615,0.19156778884800071,0.4794237597557807,0.2250768249680461,0.7317083047580301,0.11491927247325527,-0.02229747911823877,7.984317419642252,-0.34936534852001055,0.513516105953165,1.680703910581463,1.232011596413412,1.5758833195027058,1.7087987360494226,-0.7343678132230451,-0.823226270129521,-0.12425453847786325,-2.377861727377746,-0.11025743298480974,-0.26689218956921046,0.07192048095799626,-0.30031912070064454,-0.2368008417300512,0.654485929219316,0.35022812983072615,-0.004635911708980563,-0.12551866993306784,-0.47242462754361686,-0.6140700066811797,0.4976114013102815,0.083297556652735,0.08354723214507358,0.09250788736640544,-0.0230525531765775,0.06479179545467129,0.08007160560221531,-0.06882507121634894,0.0,-0.45148220081746315,-0.46228643363198874,-0.24621126226358184,0.006201157283006377,-0.19208279078823126,0.3889449856156627,0.04439212590559395,9.188055410571996,-0.00026239889459870014,-0.48385482249844847,-0.5133316669974773,-0.5138283129404188,0.13427985484788396,
2020-10-31,deseasonalized,2021,10,105.346,-44655159575.33679,96060768053.6001,140826077369.33786,-84778484302.5328,203337480214.73303,22244187645.81939,-38986603847.3125,-3408307915.053591,-114278362.24145508,-580259199.2522049,-1000636143.5459442,50026532.27422267,-2579057768.4552984,-271992925.7548108,-1976108182.2383242,4224424382.627471,-44655159575.33679,-44963430486.67822,-114278362.24145508,12153945.810023665,110508609.0811081,9459863825.940704,473172472.54454994,4882794482.632248,-3748771851.339754,101299662.0791235,44894439827.254684,5926278146.258859,-498959440.7814121,-111979124.28037,-125275468.6550579,21414765105.257607,942944521.2541289,230769135.36393356,-22942947658.76712,2852615641.93458,10272168986.209927,64822509.09079945,7008106781.81386,-12090167.553634286,3237182.6889442503,-65063817.82201135,-1023252177.9656777,272023830.0268729,-62147222.59926057,-929465367.5436478,1702244799.8997958,1173805558.2558746,-683000095.4521284,10285467506.934807,3642220224.197159,96060768053.6001,97689007631.59436,-2123911317.3001404,-140826077369.33786,-142563371897.9401,1999922453.8269215,0.0,-3658279449.264038,-321291120.77954483,1725988774.387024,-5001966.325598717,1709530595.4854507,12615166130.963654,28157967225.26265,5654218539.432457,-1846743256.8604908,322246777.5563769,-1409060938.4569817,-2846746051.417923,445271346.65697193,
2020-10-31,raw,2021,10,105.346,238000000000.0,522000000000.0,284000000000.0,78615745682.0,183000000000.0,22574343822.0,109000000000.0,9152029869.0,69463000000.0,23991994955.0,1891385256.0,521668337.7,4747335097.0,2148508995.0,6155928280.0,10878536480.0,238000000000.0,168000000000.0,69463000000.0,505114006.8,810430371.0,31857103349.0,1282364015.0,76529902595.0,7709293774.0,3235338260.0,158000000000.0,13079077893.0,3875925357.0,1208115655.0,2597473363.0,22851943726.0,3492981905.0,7943289883.0,20075658454.0,16212571892.0,29923604362.0,847227542.7,11663294952.0,812507745.9,44167933.76,55521551.34,1035541208.0,1992829302.0,600183106.7,8887905095.0,2475672189.0,102000000000.0,4832703462.0,11168270033.0,-26101271694.0,522000000000.0,439000000000.0,82413320176.0,-284000000000.0,-271000000000.0,-12950320176.0,,80453743082.0,11853851948.0,41625505428.0,1274419117.0,42899924545.0,38635759506.0,68707362474.0,9302204998.0,3620107193.0,809325457.6,425835791.4,4855268442.0,8990931548.0,
2020-10-31,real,2021,10,105.346,292899094412.69714,642408938165.6635,349509843752.9664,96749918978.3055,225212328897.1579,27781533035.39775,134142862567.15962,11263114540.622082,85485923509.19824,29526191577.619743,2327668187.680367,642000771.8323827,5842395591.533252,2644102264.5925803,7575906800.342489,13387871779.52727,292899094412.69714,206752301938.37445,85485923509.19824,621627878.8524746,997371099.7917907,39205532443.419334,1578164952.5249176,94182937670.45135,9487584726.748085,3981628766.6922326,194445617299.18552,16096008700.053896,4769979105.363487,1486789837.3752205,3196628553.713458,28123166482.837463,4298702675.522848,9775556358.774115,24706479751.74457,19952300946.502304,36826036215.099304,1042656218.5643896,14353649282.81085,999927659.5689573,54356083.19489073,68328622.30199191,1274407907.7740777,2452512175.944905,738626421.9925597,10938064510.720575,3046731690.00336,125528183319.72736,5947455746.155069,13744437726.143543,-32122011941.98473,642408938165.6635,540263455660.3952,101423474147.45404,-349509843752.9664,-333511153722.0207,-15937550638.255802,,99011884415.25041,14588161768.367168,51227196824.92441,1568387417.1072652,52795584242.03168,47547810803.58889,84555984235.79636,11447930335.947334,4455151758.431055,996011317.7150493,524062679.28392524,5975225755.43003,11064855917.377098,
2020-10-31,zscore,2021,10,105.346,-0.8178483518598343,0.23905807633589474,0.8242194090725525,-0.33416095946159735,1.2829694436044274,0.27284575509176495,-0.6977067220445456,-0.6289739164690663,-0.9498575446394536,-0.5696848815420761,-0.5429644452668521,0.09036959869812872,-0.912505165409643,-0.08814913420684899,-0.1692945662211638,0.7509505623633951,-0.8178483518598343,-0.755657952753934,-0.9498575446394536,0.26125775052996586,0.9111368505904794,3.0404565752518087,0.15850875396183353,1.3266887469429909,-0.1170044365236087,0.3005435183395154,0.757020774003999,1.986545571627473,0.04562286497462501,-0.1052129806141194,-0.7305316207540177,0.6404901917580127,0.9699261735607333,-0.23808644374481044,-1.2694903425563009,-0.1934428466844208,0.7144282339406509,0.41718580944520905,1.5628935762663358,-0.16491144419398687,0.23298851523242353,0.42715636381683975,-0.32276385159586723,0.4247052721090624,-0.5423609908297399,-0.3686837170858405,-0.11462428205769189,-0.24236960474040814,0.2885400245705191,1.2186784788675573,-1.540447732228391,0.23905807633589474,0.3063122983205473,-0.339277243925814,-0.8242194090725525,-0.794070753038191,-0.5009173792376813,0.0,-0.4200741195842464,-0.37007613997010536,-0.20838161007382822,-0.7026788745646849,-0.17881259833607369,0.5174612807775313,0.9122644682474779,2.3195235706989097,-0.7174411895638277,-0.4537100696326225,-0.48339382504656786,-0.6387507206397076,0.24703545859726558,
2020-11-30,deseasonalized,2021,11,105.346,-20055159575.337402,-82639231946.39972,-62497161992.16162,84475271824.96738,-66530725526.616844,-80249226066.36044,-15168611041.71289,-4227383683.203619,23821637.758499146,-517306656.1522293,31828542.05402565,-26503968.80577731,-2013826984.7552948,-80776737.35481167,-1834728023.3383293,3328865066.9274645,-20055159575.337402,-20663430486.67862,23821637.758499146,-17622473.189976215,-8992383.098891973,228962684.8407097,-91548685.1354506,-4870393687.86776,-1505041883.9396915,-78601213.08087683,-45639654218.745346,1219125260.2588568,-355487713.281415,-282967125.2103691,-203254927.45506,20135614733.12761,-385729816.9458709,149977495.1639347,-15605922285.267113,-905097496.5654335,-11881032369.790077,-212756903.47920048,-5447955136.00614,-1698296333.7036347,11326901.858944174,-227408736.39201117,-1954869226.5696793,-139092703.1731267,-28064575.52926016,-490786799.74365044,-178266845.44315338,-8850838654.744156,-4154101939.961138,1257624881.8447762,-352682153.8028431,-82639231946.39972,-78510992368.40558,-3933363653.700165,62497161992.16162,58547238485.859406,3898289743.326927,0.0,-3464718451.464035,-361707047.27954483,-1917359389.2129593,-287106700.82559824,-2215922302.8145523,-13085957533.036362,-28322146470.13733,431458271.7324581,-1621902824.0604868,159235899.22653237,-1511220766.127974,-2975223250.317897,778604192.6569681,
2020-11-30,raw,2021,11,105.346,220000000000.0,365000000000.0,145000000000.0,251000000000.0,-24188116424.0,-81795809740.0,93775289361.0,-3192121638.0,75279000000.0,26166174928.0,3809967255.0,466160491.2,5601608180.0,1838586408.0,5965298349.0,9842632255.0,220000000000.0,144000000000.0,75279000000.0,467654722.0,683843787.7,19239737496.0,1399537096.0,51529023787.0,7075767934.0,2457438905.0,75848994017.0,7683830727.0,3965053457.0,905526285.5,3290076181.0,26829054479.0,2421637793.0,7774300219.0,32743751593.0,10663058961.0,8847815944.0,616877862.4,486519813.9,686704053.5,33239921.02,-234248180.1,2825510530.0,1818496324.0,564606643.4,8743395658.0,670280869.5,92719349907.0,2870791966.0,-2848172721.0,-7960596913.0,365000000000.0,275000000000.0,90191611894.0,-145000000000.0,-130000000000.0,-14912611894.0,,80298772872.0,11588167394.0,37583293144.0,1061683247.0,38644976391.0,16162960585.0,17538418032.0,3440704432.0,4016891380.0,336427355.2,164366239.5,4517684975.0,9107022535.0,
2020-11-30,real,2021,11,105.346,270747062062.15704,449193989330.3969,178446927268.23987,308897784443.6428,-29767552084.61549,-100663523527.72804,115406291311.45183,-3928443432.879729,92643491295.35054,32201886305.27488,4688806549.292141,573689015.6447818,6893722534.35612,2262690310.51552,7341304555.981754,12113017118.179426,270747062062.15704,177216258804.32098,92643491295.35054,575527918.3681581,841584983.7692385,23677738190.405098,1722366168.131832,63415144551.18752,8707924454.382357,3024292562.390883,93344964956.6949,9456248157.8099,4879666247.282496,1114402642.8144684,4048992999.8474164,33017671264.067295,2980233262.8792543,9567586108.561064,40296702475.8992,13122690392.210485,10888728056.839594,759172131.3453798,598744592.03842,845105022.6877241,40907322.54246881,-288281847.9794638,3477266703.7417645,2237966077.6992383,694843590.5514816,10760221303.866001,824893528.0617868,114106779925.6063,3532993139.0279264,-3505156347.5287714,-9796855574.799212,449193989330.3969,338433827577.6963,110995972467.95818,-178446927268.23987,-159986900309.45642,-18352481172.60763,,98821167464.95653,14261192166.409012,46252573642.54004,1306580090.7539155,47559153733.29395,19891245875.523605,21583977979.0089,4234366438.128376,4943461544.353653,414030536.4442807,202280347.4855903,5559772428.652724,11207725434.023216,
2020-11-30,zscore,2021,11,105.346,-0.9509547719263041,-0.7782420294123937,0.04703351329089145,0.5141112523256072,-0.12363885256194992,-0.7982205455592835,-0.8590623994884761,-1.0210325710174912,-0.6495179202780028,-0.19447763866444062,-0.0956163899260912,-0.29342052244014477,-0.645477105775983,-0.36272134529157374,-0.19486288592891926,0.5134884316847823,-0.9509547719263041,-0.9513009690873031,-0.6495179202780028,-0.08319925498373139,-0.32828297408041157,0.6291612065938682,0.3070588303291088,-0.7128268885629813,-0.1289618460960249,-0.45964864147018536,-1.1830331191749728,0.2778738808342675,0.06560448704522363,-0.5226219688666165,0.023151964196366195,0.8479044812267348,-0.17480515308334496,-0.3093383002031668,-0.9066590138860995,-0.294982811642171,-1.2069283600889147,-0.22783566998280888,-1.160837353585485,-0.24612926152503128,0.1371029797629897,-0.6343776132713496,0.2370909014984955,-0.0800608853884043,-0.802692167210168,-0.48045178436817937,-0.15280279298102548,-0.6695245596735054,0.04011621373536169,0.5378622836104551,0.2986747952858621,-0.7782420294123937,-0.8247820047916871,-0.01647163106969327,-0.04703351329089145,0.022181383175698337,-0.5970223840169229,0.0,-0.4277233706492345,-0.5880088854899007,-0.5938878729478275,-1.282904967049689,-0.5916951924611847,-1.0898772142698319,-1.1992896438093472,0.1828565335086392,-0.5935637619643608,-0.5046020795567735,-0.5267383214213048,-0.661714513372201,0.2898386400180691,
2020-12-31,deseasonalized,2021,12,105.346,-38455159575.33728,42060768053.600464,80547162106.9385,192251877892.8673,-81799693861.8667,-30693868291.46044,-35486603847.312775,-7335705474.65361,-152041998.84143066,77714792.14778137,2863557014.8740315,-12958268.525777161,-1210521925.1552944,480947395.4451885,-1322130489.4383297,3228817489.727463,-38455159575.33728,-38763430486.67865,-152041998.84143066,-39254024.04997599,-67059026.288891554,2890944665.1407127,1235801205.8545506,-129799323.56773376,-1702803271.2396908,252922116.31912518,15363472995.954758,-93238763.34114265,-868982702.5814133,295859398.2696316,-14951763.255057335,22028524121.027622,166726791.65413094,1760822871.3639374,-22327995130.267075,-3224367331.1454277,-181023183.69006348,205767185.07079983,1130662841.1838627,-705284388.0136343,91192101.84794421,297308189.93498886,2641832252.0203238,20222744.02687359,-81205313.23925996,134311453.35635757,-51198478.24017024,19827651535.655853,-1392187088.132135,5260078466.244774,-407775185.5028429,42060768053.600464,24689007631.594482,16832287869.49987,-80547162106.9385,-63306869656.74071,-16985689232.873085,0.0,13337542125.035995,5188659354.120457,481932612.68704224,-194383524.52559757,276092875.6854553,3403351584.463661,5406788503.162693,-178682381.7675419,-1485279200.2604809,156054845.99154097,-1523227717.8119736,-2853787631.2178917,530495755.7569723,
2020-12-31,raw,2021,12,105.346,346000000000.0,490000000000.0,144000000000.0,284000000000.0,-106000000000.0,-34918523944.0,144000000000.0,62920419836.0,81640033576.0,29548646447.0,3665664496.0,476794431.2,5333498829.0,2212324960.0,6047110081.0,9794146463.0,346000000000.0,264000000000.0,81640033576.0,415526286.8,655941213.1,20972501259.0,2494904597.0,66999759140.0,6696038802.0,3254542723.0,123000000000.0,6878665508.0,3817469768.0,1654273741.0,3152133654.0,29950913768.0,2726587770.0,9895501860.0,79625002154.0,8219632880.0,28048646408.0,1089477333.0,10623008022.0,686316520.9,33157829.96,333631004.6,1213018629.0,2402597491.0,517192349.0,8867519468.0,595459992.5,127000000000.0,-2229818837.0,-51432232922.0,-8030468114.0,490000000000.0,412000000000.0,77449011207.0,-144000000000.0,-148000000000.0,4191022369.0,,99108152287.0,17768336998.0,44282551109.0,1492071436.0,45774622545.0,30308050332.0,39510208184.0,2580073725.0,5842968636.0,218131304.8,108961127.7,6170061069.0,8985729624.0,
2020-12-31,real,2021,12,105.346,425811288515.93787,603027547320.2589,177216258804.32098,349509843752.9664,-130450857175.40294,-42973126224.47765,177216258804.32098,77434176428.70213,100471814715.26299,36364587333.81202,4511217694.534352,586775870.2499876,6563768811.198659,2722638560.212632,7441987674.532739,12053347183.016895,425811288515.93787,324896474474.58844,100471814715.26299,511375097.0940785,807246165.146874,25810195908.950634,3070400408.014181,82454490663.75978,8240603786.798662,4005263093.6728296,151372221062.02417,8465356714.54225,4698039655.441382,2035862523.737835,3879231482.0352354,36859645039.83186,3355525582.645947,12178082073.752775,97991979090.40193,10115642970.406849,34518584589.93761,1340785395.8775651,13073400964.632845,844628098.5381635,40806295.66375714,410589155.94680005,1492823772.8564348,2956800963.6643624,636492313.6944354,10912976562.454462,732813834.2951322,156294894917.69974,-2744167722.9482083,-63296027086.03659,-9882843858.406052,603027547320.2589,507035407134.585,95314055654.15602,-177216258804.32098,-182138932659.99655,5157759061.106961,,121969277536.88228,21866931999.721943,54497139151.723015,1836245262.1993809,56333384413.9224,37299161746.459015,48623967214.91906,3175215367.943253,7190757235.992405,268447317.8108404,134095023.65342963,7593299578.072009,11058454073.558596,
2020-12-31,zscore,2021,12,105.346,-0.01920983146101549,0.031710284081466526,0.041442247853613313,0.6764983746281966,-0.6790629577142915,-0.31715695248659803,-0.3267670802709332,1.0787467491224896,-0.32103263231954066,0.3892494807629986,-0.12926288439575837,-0.21989576192223978,-0.729282531923502,-0.03161214288212374,-0.18388985295005714,0.5023739490925716,-0.01920983146101549,0.026914112579542734,-0.32103263231954066,-0.5625464925771945,-0.6014794157336283,0.9603083957440317,1.695747465424242,0.5492410126310345,-0.13612899930622718,0.3193108333040014,-0.0695288883983744,0.022878516620658585,0.03251771085025523,0.5102428616901178,-0.12695573904210825,1.0107156943066902,0.15103393803707288,0.5850332919183608,0.43608343709898995,-0.33969041062003036,0.5434992628863884,1.0955297859896083,1.3093802280821412,-0.2463794493479495,0.13638268912711393,1.445974418131249,-0.2672536389388376,1.6111538522866218,-1.1496468078194249,-0.38445059139819887,-0.15438502595123219,0.908290507031509,-0.6057402256869353,-1.821995748610124,0.291591172359213,0.031710284081466526,0.12009555329597213,-0.5453002187953175,-0.041442247853613313,-0.08202101719203221,0.3385953150771415,0.0,0.5006980693291635,4.48139130846231,0.045021150296342,-0.10904342148538225,0.10013622186293931,-0.07816757604550886,-0.2925946875103452,-0.1308653952253105,-0.023455979238701918,-0.5173327793426068,-0.5359229727510914,-0.5493132086639259,0.24511748974832098,
2021-01-31,deseasonalized,2021,1,106.535,-30955159575.33716,111260768053.60059,143228157449.3385,-49238952836.44257,171749065023.94327,20379690497.039516,-13286603847.312805,972649023.0464058,-8527078362.241425,-3024054753.952198,-1767030397.8459654,-58068577.855776966,-2875488510.45529,-609911579.1548104,-1790989119.5383234,78453558.42747307,-30955159575.33716,-23063430486.678467,-8527078362.241425,-65772211.639975786,-72021324.87889123,-669279790.3592834,-67447762.92544937,1544241436.8322983,-3413719115.639683,-273471039.480875,-12965370269.745224,-543754441.5411367,-405349877.58140993,-183795501.4703679,699669505.2999439,24199218782.227615,-185249897.9458685,-464513373.6360569,-14591274817.76706,150710144942.43457,-5094694049.590059,109561712.28880018,-1638301395.5041318,-219664750.23363364,-7297200.874055784,-170165410.4020111,-2280434620.589675,-59856034.72312522,-66269569.78925961,-318690768.8436413,1560564193.953826,-29876964033.34407,-1176856533.6821346,-99377145.82522869,8249154706.897146,111260768053.60059,135589007631.59473,-24104061195.00009,-143228157449.3385,-158628663215.9407,15460505979.226906,0.0,-22259525061.66397,-6057301136.679537,1752282276.587059,-7929078.525596619,1732896984.7854767,-4121156660.6363373,-16652799439.137314,735457.2324595451,-1972836059.3604803,-55476018.8614656,-51664133.58997184,-2081311771.517889,-24675295.343025208,
2021-01-31,raw,2021,1,106.535,385000000000.0,547000000000.0,163000000000.0,11544434536.0,117000000000.0,34070505724.0,232000000000.0,16463234507.0,89338000000.0,26231935301.0,2171898169.0,428923639.7,3478562414.0,1679754366.0,5870767385.0,7419018768.0,385000000000.0,295000000000.0,89338000000.0,448836452.9,639193972.4,14684579465.0,984786766.2,50864394799.0,9565907170.0,2540040040.0,120000000000.0,5945486136.0,3373442798.0,1182427969.0,3659831092.0,36313789287.0,2082218427.0,6039364238.0,27265863759.0,176000000000.0,9457185448.0,588763203.1,1576956404.0,595775924.9,33169632.84,-410926541.6,-1112297624.0,1355237733.0,497355172.8,9270542277.0,2426097955.0,69568925109.0,1420147824.0,-1299810607.0,-7508389326.0,547000000000.0,487000000000.0,60299412276.0,-163000000000.0,-192000000000.0,29038587724.0,,62840070295.0,5714115432.0,41273815647.0,1354651007.0,42628466653.0,30580850480.0,38290444284.0,2421642407.0,3594670267.0,150530231.1,85510220.32,3830710718.0,8430195997.0,
2021-01-31,real,2021,1,106.535,468519359834.796,665662570986.0608,198360144553.43314,14048807996.003716,142381208053.69125,41461536444.3019,282328549303.0459,20034659979.298088,108718396282.91171,31922518271.304695,2643055427.9642744,521971504.13053167,4233178793.1237993,2044149195.423438,7144332927.166752,9028451750.09272,468519359834.796,358995353639.6489,108718396282.91171,546204071.6447495,777856495.4782033,17870155247.753223,1198419909.8020856,61898581011.97872,11641071957.214247,3091059567.5209084,146032008260.19617,7235260671.026948,4105255221.190294,1438936091.1341248,4453770702.14889,44191463142.651726,2533921154.426639,7349504069.082911,33180740347.29726,214180278781.62103,11508764862.171192,716485607.8199897,1919050921.7908103,725019623.2185234,40365234.140654616,-500070234.31054205,-1353592131.798038,1649234065.166546,605248122.5215074,11281632553.09468,2952399638.3717084,84660748718.08714,1728225323.0422301,-1581782944.150955,-9137209767.293339,665662570986.0608,592646566855.9628,73380368929.78172,-198360144553.43314,-233651213216.31387,35338027353.12999,,76472180536.58957,6953697933.046153,50227484895.77098,1648520058.6992254,51876004953.25327,37214858415.82653,46596920633.06391,2946977533.1855445,4374474317.693546,183185266.26170364,104060243.33417861,4661719826.7783165,10258987095.574806,
2021-01-31,zscore,2021,1,106.535,0.2691874120163357,0.4010485390346668,0.14767629116189793,-0.6642069354028256,0.8348928398430591,0.39082154778566147,0.6058811619027208,-0.39676508041605596,0.07649218613493329,-0.1831290987319854,-0.4775583765171567,-0.5508820643501322,-1.309097208867113,-0.5034366941959176,-0.20754189125172096,-0.04208071136455925,0.2691874120163357,0.2796196753434779,0.07649218613493329,-0.2562427249203743,-0.7654530501505016,-0.24137164405211076,-0.218754715233823,-0.7670458311548216,-0.08196200353680808,-0.378927742532838,-0.14037600231857783,-0.27265885660977507,-0.06702866233275927,-0.14064803585589924,0.4255156272265246,1.3425523935376082,-0.5374747909502416,-1.0408470005379382,-1.0635531335699595,2.7302028952945436,-1.1513756997807965,-0.3065618879297267,-0.895102753864226,-0.3048317049748431,0.13648625100023828,-1.2816159663474167,-0.9945506605632247,-1.421386328166996,-1.2948055711474205,-0.07274028812832181,-0.1156726256571333,-1.735055375098867,-0.14356921073769882,0.6130703818301614,0.3445201219015855,0.4010485390346668,0.6373642894753476,-1.257022920111227,-0.14767629116189793,-0.3367379958687069,1.5555272142896892,0.0,-1.2894760860932442,-5.406310334073926,-0.24192230601919862,-0.48385054050241944,-0.2051537509396206,-0.05865589079097332,-0.34292985675939835,-0.18861766719347967,-0.7253826878950553,-0.5246078233661788,-0.5398104914412425,-0.7084452807006454,0.04029016218121199,
2021-02-28,deseasonalized,2021,2,106.535,22144840424.66284,80860768053.60046,58702838007.83847,-56051137011.13257,86968537007.2332,27604140232.339542,30920715807.28723,2817353878.0063934,-7196978362.241425,-2130507423.9521904,676973912.0540323,-34485239.825776935,-936033174.0552921,-1270550952.2548103,-812446786.8383217,652476801.2274714,22144840424.66284,29879750990.42163,-7196978362.241425,-31289210.779975712,-29740247.15889108,764415976.6407146,53610609.42455077,-2236466856.1677017,-998950604.4396858,-235217528.38087368,-519746554.84521484,169811186.4588623,-68879353.98140907,-81563469.71036768,6134222.774943352,35964720984.327614,-595487264.7458677,2157523470.6639433,-12843859803.767082,-12292866020.965424,-2162912996.590065,-28526837.899199963,-628005767.8161335,-177502682.97363412,51977204.52794423,-65701148.26001117,3293392769.7703238,5241935.826874495,-73064562.85925984,-591673916.7436409,81371161546.58783,-6223919969.544098,471010256.6578655,358734425.3447838,-4007195731.3028564,80860768053.60046,87289007631.59485,-5816191454.000076,-58702838007.83847,-57452761514.140625,-1298532633.373085,0.0,-5648250551.063965,-542726211.2795372,-1950204764.3129349,-299817771.7255964,-2261478748.614517,675409298.863678,-620916643.3372955,-557786500.647541,-1522064471.6604795,-14323622895.546463,-5842433965.630966,-21689456892.617874,1776086610.7569752,
2021-02-28,raw,2021,2,106.535,248000000000.0,559000000000.0,311000000000.0,110000000000.0,197000000000.0,3829023790.0,126000000000.0,3779772798.0,74462000000.0,20861192638.0,3681178331.0,433571052.0,4903749526.0,1151533701.0,6323345584.0,6890651677.0,248000000000.0,174000000000.0,74462000000.0,391225182.2,648013680.6,14259464313.0,940018792.9,50862300772.0,9100598326.0,2511537898.0,115000000000.0,5830347335.0,4335985542.0,1008597424.0,3060712771.0,44990430465.0,1325823769.0,8979284331.0,32282366545.0,47649963697.0,18694183796.0,610279515.7,4687633351.0,600911644.0,34994660.32,-285562074.7,5918685838.0,1605712875.0,559117080.3,8119484136.0,90967647580.0,98942175606.0,2687127250.0,-5196402954.0,-12207468494.0,559000000000.0,467000000000.0,92525508361.0,-311000000000.0,-293000000000.0,-18063508361.0,,81783426123.0,11735842166.0,39758001218.0,1126515291.0,40884516509.0,29678157371.0,40363822680.0,1761134864.0,4676182604.0,18201616840.0,10401715665.0,33279515109.0,9105088483.0,
2021-02-28,real,2021,2,106.535,301799483737.7388,680265771812.0804,378466288074.34174,133862674238.51315,239735880227.15536,4659666947.748063,153333608673.20596,4599731770.49334,90615294992.25606,25386682130.24966,4479748870.33206,527627095.3920495,5967536594.0563755,1401339824.4693854,7695090454.623025,8385464188.448321,301799483737.7388,211746411977.28442,90615294992.25606,476094991.98855954,788589492.984161,17352818419.51657,1143940267.7459369,61896032720.577385,11074822082.626328,3056374358.8877645,139947341249.35464,7095144418.204439,5276605637.378626,1227395894.6065047,3724683605.472999,54750357610.78884,1613439229.8847702,10927191029.96035,39285490149.651,57986832434.98626,22749576687.625813,742669527.3144244,5704537601.950026,731269451.3354671,42586171.040941656,-347510027.0949096,7202646493.202683,1954045631.8791945,680408250.7398863,9880871453.474031,110701568856.77644,120406038378.1431,3270054906.401652,-6323676325.848631,-14855676166.26577,680265771812.0804,568307898812.5967,112597381677.10335,-378466288074.34174,-356561486835.3123,-21982086684.847286,,99524982992.84232,14281738334.380587,48382839685.63221,1370894085.6712441,49753733771.30345,36116341019.57728,49120084058.49044,2143183841.7247288,5690602805.445947,22150155506.06505,12658195232.595766,40498953544.10676,11080286304.660608,
2021-02-28,zscore,2021,2,106.535,-0.7439003407117956,0.4788039611300774,0.9751835758790622,-0.17972463387636592,1.378015995917445,0.0804777274902015,-0.5175360388973624,-0.7996004579490649,-0.6917079947455588,-1.1099804044263184,-0.12564558582746954,-0.5187491130277186,-0.8636132568317663,-0.9714074779119611,-0.14683964987708514,-0.16319922037471457,-0.7439003407117956,-0.7067471986705917,-0.6917079947455588,-0.7860073986218059,-0.6790985494923542,-0.32261508338062844,-0.27551080456566496,-0.7672166571821973,-0.09074442103910842,-0.4067810949580792,-0.2584545255189169,-0.3091232490143273,0.1487637234289137,-0.380439777501437,-0.22643904613828236,1.7950566049308696,-1.3456825839649604,0.19872445908383923,-0.9198737059599233,0.38177009577241405,-0.309292484055756,-0.24631225455922312,-0.13704446704776213,-0.3015161274447248,0.1524995684560003,-0.8223594371282732,1.2045537943278506,-0.6961570776463497,-0.8428621078697162,-0.9630042488769327,1.7567106538100223,-0.3831102670995655,0.016859971668529487,0.42380244682608126,-0.13187794271138562,0.4788039611300774,0.49942595982751414,0.08038702462063191,-0.9751835758790622,-0.9214292423765282,-0.75134037722976,0.0,-0.35444163823530894,-0.4668758801215503,-0.386485707116981,-1.1060789171788523,-0.37437946966023017,-0.12321987271464202,-0.2573691572830567,-0.4293895785927347,-0.3877307082695473,1.4180011111581656,1.1703340598026777,1.2947814953744508,0.2891255478067567,
2021-03-31,deseasonalized,2021,3,106.535,-14090909090.906982,413090909090.91174,428090909090.9099,100409983949.90982,244293283562.09094,83409037144.00003,-7448017969.54454,1908764047.5455818,-8846284075.363144,-2668801474.4543877,540868749.418222,-82211582.572725,-764392208.2726746,279553047.3727393,-594284397.0909052,2874238304.2728214,-14090909090.906982,-5818181818.180481,-8846284075.363144,-27367835.918179274,-34692188.15454042,684687307.6364479,-423308520.8454493,5026235198.909439,1839215577.8182468,188077348.18182993,4633948310.182556,841496025.7272997,-1829761984.999981,233531208.04273558,-681717999.727253,42644826999.72738,1528017856.6363816,-477774414.54540825,-21585761446.817986,312408079319.3639,-252329832.27265167,-166434960.83636022,86575944.83639717,-196698449.34545386,-6521099.539090276,-40321238.44636381,-36272871.0363493,308774437.7272854,-51849034.44544995,145130205.72733116,78816148523.1574,-8728636219.908524,-3156433915.485454,1517889678.681738,93344844.3635912,413090909090.91174,422818181818.1841,-9145280747.63588,-428090909090.9099,-428000000000.00085,368016503.34549713,0.0,-7928692570.726807,-603121175.7271786,-1962971633.1816025,32745715.181827545,-1930225917.9087677,-175986407.54525757,-841204308.8179474,1083640434.645465,75456712.54546547,-157255537.8181343,256114095.6363821,174315270.36369705,2953290243.000046,
2021-03-31,raw,2021,3,106.535,268000000000.0,927000000000.0,660000000000.0,226000000000.0,293000000000.0,141000000000.0,120000000000.0,15255474248.0,82247503378.0,22905376019.0,1138928060.0,430746800.2,6434412467.0,2447876248.0,6275426245.0,10165001972.0,268000000000.0,185000000000.0,82247503378.0,441990151.6,703440406.1,16332804033.0,995333592.4,66640192765.0,11946995768.0,3223414015.0,126000000000.0,7049840972.0,2900381052.0,1375661206.0,2635506055.0,51928169966.0,4019341176.0,6942708281.0,36639451155.0,373000000000.0,20092896554.0,604734000.5,5186038905.0,631864529.0,30416459.79,73086146.88,2492655097.0,2177832523.0,571305495.1,9362088841.0,86532362977.0,99120198871.0,-1151485491.0,-3513395762.0,-7968727123.0,927000000000.0,836000000000.0,91652957632.0,-660000000000.0,-650000000000.0,-9405454254.0,,82102067977.0,11904778559.0,45433849507.0,1890504142.0,47324353649.0,30770841291.0,40572758945.0,3367608536.0,5933807827.0,13425319439.0,7313070057.0,26672197323.0,10932339106.0,
2021-03-31,real,2021,3,106.535,326138151781.1048,1128097263810.0154,803176045431.0789,275026948890.03613,356561486835.3123,171587609705.7305,146032008260.19617,18564896178.309547,100089734105.6384,27874317166.74589,1385999598.8807433,524190169.0404955,7830251454.420444,2978902370.5656166,7636775810.384098,12370130432.833452,326138151781.1048,225132679401.13574,100089734105.6384,537872578.9114714,856040126.6179246,19875934778.826843,1211254694.8917294,81096676502.66287,14538698205.642538,3922680183.870934,153333608673.20596,8579186958.801445,3529570581.194837,1674088071.6485286,3207235349.9463086,63193124545.09818,4891270531.7848215,8448813608.659369,44587771947.633446,453916159008.7764,24451716962.874958,735921004.6353123,6311063968.438822,768937050.9854413,37014805.89416004,88940973.37405057,3033395247.624367,2650277141.5671654,695240739.8294889,11393038624.68002,105304122875.26297,120622680835.68466,-1401281156.110067,-4275568657.8143516,-9697410208.74321,1128097263810.0154,1017356324212.7,111535545549.89694,-803176045431.0789,-791006711409.3959,-11445811444.258543,,99912748908.30376,14487322673.864119,55289969054.15611,2300617637.3373256,57590586691.49344,37446064579.83748,49374345578.29323,4098155312.885493,7221048946.724006,16337719660.098501,8899519224.760143,32458287831.58265,13303928621.922146,
2021-03-31,zscore,2021,3,106.535,-0.596004318415718,2.863303572056002,2.926535213489132,0.39109070512667576,2.029763783206708,1.488152288002004,-0.5811256917728389,-0.4351243683664738,-0.2896627471504202,-0.7572072118451295,-0.7184118660876506,-0.538276441302776,-0.3851597467983929,0.17707170490085436,-0.1532668513837379,0.587385803678879,-0.596004318415718,-0.6170774828511308,-0.2896627471504202,-0.3191979163297553,-0.1364108442836171,0.07361932265443535,-0.20538362501351576,0.5199083939880433,-0.037020424524819726,0.2888907029690103,0.0013182255218290415,0.07708968813813258,-0.17308433977488497,0.1259088828032177,-0.6891448188136973,2.15687361192107,1.5323411248674708,-0.6599660723153263,-0.7950809071678251,6.334730598065797,-0.18178000730108543,-0.2618407172592193,-0.015585226232212866,-0.28153320236645557,0.11232911663188429,0.4915019904868993,0.13298258301060342,0.9603662013270824,-0.7536732434134611,-0.0019353446102113757,1.6629179342844709,-0.37491649629944945,-0.46919804235699664,0.5055506173967338,0.29785054522102533,2.863303572056002,3.044388141830041,0.04417543947641684,-2.926535213489132,-2.988110183003184,-0.3273043770267732,0.0,-0.3387136377308294,-0.32830263079106364,0.15482061447158924,0.9776611954680562,0.2505157271488907,-0.04506703853900918,-0.2487471261989756,0.15621120783162243,0.004904337716914679,0.9039889518816544,0.6583211413348148,0.8453250172364952,0.96283969167518,
2021-04-30,deseasonalized,2021,4,108.148,-159818181818.17944,145090909090.91187,304636363636.36426,-8465173222.181122,322292067357.818,-9885024744.818184,-163205175044.7262,9478283604.63655,-6668181818.181335,-2138237788.1816444,1441350921.909131,43163438.57272971,-819728937.1817579,1344959468.9327416,-632879542.4545374,1614077642.1819153,-159818181818.17944,-153090909090.90747,-6668181818.181335,-45183332.927269936,139973122.13636887,7942821350.091,-202014879.74544883,11516963147.18219,907405940.3637199,417949271.0000138,24497294561.6371,1884069305.4545813,-1152289742.3636146,73684043.48182738,347826096.2727499,27344419730.272835,317655517.4545646,2291043812.5455046,-17167407954.363419,29210453869.454758,9125900736.727379,-22463853.018178105,4482485625.300039,3396345.7181835175,2630904.2063642144,82136215.262727,-871637698.0908947,131612042.90910435,-34838982.50908601,-818126162.181757,47890870812.71555,-3180200502.9994354,-1346739054.2727246,710115699.7271729,505531132.1817627,145090909090.91187,146818181818.18408,-2038749817.7267303,-304636363636.36426,-300165861732.3643,-4300006471.454479,0.0,-7016261315.999496,-582846288.8180828,2184120745.3638916,-448923700.54544425,1735197044.363922,1768064477.0001907,20192284699.909332,1611769102.627286,1388607018.9091086,2411956304.9091396,1124906567.090929,4925469891.909164,2838944461.5455046,
2021-04-30,raw,2021,4,108.148,439000000000.0,665000000000.0,226000000000.0,65521428103.0,151000000000.0,8823585262.0,195000000000.0,72768883363.0,102000000000.0,31116869283.0,10029631052.0,546444165.4,5889004548.0,4576466980.0,7128113887.0,10200185601.0,439000000000.0,337000000000.0,102000000000.0,393716742.3,819176737.0,22233167471.0,744575855.6,67178929657.0,10296879973.0,3346991398.0,158000000000.0,8245800720.0,2050610441.0,954518837.5,3560739164.0,39056299201.0,2444381843.0,9431857005.0,45537476232.0,90121205772.0,31254636351.0,632008423.7,8243715565.0,802721006.8,45438942.25,-62426119.58,1326737589.0,1817620856.0,564289024.3,9074069973.0,56919966561.0,104000000000.0,2438630019.0,-7816236050.0,-8680189769.0,665000000000.0,578000000000.0,86856150859.0,-226000000000.0,-241000000000.0,15424849141.0,,82130296992.0,11854018831.0,45768339340.0,905170256.7,46673509596.0,38779292502.0,65810747454.0,4151719700.0,4381038613.0,9972396424.0,5298780445.0,19652215483.0,10642132277.0,
2021-04-30,real,2021,4,108.148,526265802418.9074,797190794096.9781,270924991678.07077,78545983909.47163,181016255501.71985,10577565326.009283,233762714058.5124,87234111148.42159,122275881199.83725,37302378546.6566,12023352696.0054,655068057.3607315,7059639416.632836,5486191497.661353,8545062812.016884,12227810615.334967,526265802418.9074,403989921219.0701,122275881199.83725,471980996.15550727,982015268.3831601,26652746513.530216,892584988.8589488,80532968841.87799,12343726199.093445,4012316887.8306394,189407737544.84595,9884926953.296593,2458237241.871195,1144261097.8152623,4268554107.8516846,46820033345.16446,2930283763.1539927,11306751241.541498,54589559155.72985,108035782848.65843,37467531386.26462,757641048.3689963,9882427304.619503,962288416.3146132,54471438.278502606,-74835380.21108739,1590470664.8619854,2178933253.4764953,676460173.5066556,10877842176.64273,68234696755.99554,124673447497.87328,2923388573.4666753,-9369972065.48711,-10405665225.355753,797190794096.9781,692896660132.4111,104121690038.33556,-270924991678.07077,-288906738913.34094,18491049226.375763,,98456416057.85434,14210398022.744997,54866313959.33018,1085102850.7242687,55951416809.215294,46487962382.23815,78892815072.13525,4977011615.806117,5251915264.461645,11954740788.418686,6352088707.812164,23558744761.891277,12757608843.28829,
2021-04-30,zscore,2021,4,108.148,0.6685066722157451,1.1656435229728708,0.49992601371042056,-0.398595764012204,1.065720181174673,0.13173286410367288,0.21374496917061625,1.3915406546068234,0.7303608800250107,0.6598841907780127,1.3545976253787,0.2616736307196914,-0.5556429578670979,2.0628712183764333,-0.038899762610526675,0.5954510082660558,0.6685066722157451,0.621994953926874,0.7303608800250107,-0.763096247603156,0.9967732516341551,1.2012333743675512,-0.5232900983555038,0.5638573416668866,-0.06816534262749441,0.4096551143065163,0.757020774003999,0.45584945610828376,-0.3635943494766926,-0.45503885583121995,0.3176847642936433,1.4855797771084966,-0.15050313262312587,0.3895446692762361,-0.540229429064189,1.15887044415029,0.8357706500917484,-0.18546731496016744,0.7295571238127555,-0.1712296815471728,0.24414071028832415,-0.0049296914719326596,-0.2316853755666971,-0.08259572775409825,-0.8050163486007308,-0.22469804361101828,1.0367062161803613,-0.15031679579865476,-0.014605580795415303,0.2965501309616765,0.22572164177395249,1.1656435229728708,1.2649836893729898,-0.15489605414311003,-0.49992601371042056,-0.62040008575864,0.8887821021429331,0.0,-0.3373202678499193,-0.36993925105495007,0.18672094934504044,-1.7097860604210717,0.187360508507526,0.5277272966214542,0.7927318215762248,0.442039803896232,-0.47987570692222853,0.5323947512390987,0.32440704636441525,0.36779746118580986,0.8558393476153685,
2021-05-31,deseasonalized,2021,5,108.148,165953437888.4184,89803577698.9881,-76073130045.88467,-158754289360.4684,78007854209.661,4577893423.377243,167251485364.94092,1846125737.0847015,-4547727272.726791,-1527891558.3961983,-2341755106.709959,-67149346.47181588,-410368079.9535761,647061924.8109217,537957965.3845539,3882474825.1919155,165953437888.4184,170284750893.96326,-4547727272.726791,-61028489.38090646,-139947297.2845403,2290198891.7691784,-202969615.62363112,-8537573297.255997,1356315216.0410137,-564932818.6918054,-50701664087.27202,139856898.6882143,1289810501.3682032,-96239984.70090008,-256115587.52997923,21203968583.13464,-166555447.35179806,-896767410.1008596,-16698915709.07528,133677965325.22108,-13220643613.479,-83417442.23908734,-5570126518.881779,-156647927.6018163,-7669438.179999437,-148257326.026364,-2502285492.245441,-142641627.98907733,-54288817.76544988,-306419647.84539413,44191729197.20282,-12728474773.34578,-2573498506.2481756,686713916.1180973,496096466.9744873,89803577698.9881,97645806447.73859,-8059530814.204971,76073130045.88467,72744623356.40656,3559088385.841852,0.0,-7119291799.974106,-598537116.0353565,-1488854682.9397736,-359096739.71089935,-1684557940.0848541,-14980872120.774357,-34619247507.6734,642987280.8836498,-816266029.3063459,3791438273.096391,1947269238.641836,4922441481.413704,3284193216.1418676,
2021-05-31,raw,2021,5,108.148,464000000000.0,596000000000.0,132000000000.0,-30179098266.0,194000000000.0,-31884388155.0,306000000000.0,13807804801.0,79790000000.0,22929570231.0,12469321747.0,439390909.7,6896890568.0,3036283722.0,6432510563.0,11482894386.0,464000000000.0,384000000000.0,79790000000.0,401647206.5,590520377.2,16895355549.0,747585876.4,49438565504.0,8994591941.0,2267176991.0,82127592906.0,6284084579.0,3852766278.0,1131400881.0,3477138516.0,36434051115.0,2269855566.0,7339631999.0,45713674667.0,170000000000.0,9393167377.0,654119841.7,-529503325.5,669031972.7,33352578.91,-166655092.3,882220675.1,1622092915.0,542896765.2,9125613355.0,53160996400.0,95041756237.0,1394390719.0,-6386761349.0,-7687986190.0,596000000000.0,503000000000.0,92585513018.0,-132000000000.0,-119000000000.0,-12795513018.0,,82248309605.0,11790872835.0,43613115010.0,1219536759.0,44832651769.0,14212123037.0,17563809858.0,3223434138.0,4789586301.0,6098192290.0,3114861890.0,14002640480.0,11463266043.0,
2021-05-31,real,2021,5,108.148,556235381144.3577,714474756814.7354,158239375670.37762,-36178194453.839516,232563930909.4944,-38222467236.96351,366827643599.5118,16552563720.368809,95650907460.1472,27487582407.14785,14948012789.987442,526734418.38005507,8267876193.539667,3639845761.571291,7711185268.804768,13765500291.890335,556235381144.3577,460332729222.91675,95650907460.1472,481487903.00235784,707905877.3391205,20253867528.80917,896193351.0721825,59266119237.8184,10782565251.164015,2717853572.6521616,98453174445.12405,7533254700.30915,4618631291.171247,1356304310.9269335,4168335059.782298,43676526527.122925,2721064603.2255425,8798627160.394588,54800782870.491196,203793135333.0621,11260370767.453323,784147843.6682898,-634759663.9583995,802024255.0270389,39982509.573601544,-199783316.34728152,1057591279.0251747,1944537652.643507,650815493.7781485,10939631514.427729,63728506669.32722,113934455829.99316,1671572097.0843103,-7656341881.980748,-9216228294.45519,714474756814.7354,602987923956.0602,110989952849.16621,-158239375670.37762,-142655194733.14346,-15339045389.01901,,98597887589.69032,14134699666.812239,52282667350.17254,1461960116.2972407,53744627466.46978,17037253608.526297,21055199290.326847,3864198526.603802,5741675348.406313,7310410156.723564,3734043945.2503977,16786129449.181492,13741970165.05879,
2021-05-31,zscore,2021,5,108.148,0.8533767000858421,0.71854984592426,-0.02565293739372433,-0.8695210088578097,1.3576488775646554,-0.28602007585771877,1.3901535473669298,-0.4811033354343868,-0.4165688065409835,-0.7530319164736101,1.9234505014142578,-0.47850968684694417,-0.24059867798956816,0.6983642725669783,-0.1321978511347753,0.8894885783187068,0.8533767000858421,1.0051291942463887,-0.4165688065409835,-0.6901716318436588,-1.2420202917665872,0.18112812290371852,-0.519474044225229,-0.8833617880076835,-0.09274522618817106,-0.64557965478641,-1.0347595822588909,-0.16542492342749004,0.040430832786334935,-0.21103770357868135,0.22671136012707935,1.3488242886780726,-0.3369844828883541,-0.4926093765836091,-0.5351828674720703,2.6204203256669927,-1.1572118535897733,-0.12355127699546746,-1.408437722747011,-0.2575382098865013,0.13809147258089857,-0.38675906816163624,-0.37071843273646266,-0.6487300793508534,-0.961554448804128,-0.18483279808151495,0.957215480957391,-0.5626325465832012,-0.14683066172222442,0.3659835488574811,0.3263123847340982,0.71854984592426,0.7477149531936144,0.08287726808016711,0.02565293739372433,0.085860627844867,-0.4933355592040043,0.0,-0.3314952250518726,-0.42173594028537487,-0.01882304951967107,-0.8523676700118424,0.008731268498395015,-1.2294084003720693,-1.19824181655421,0.10365594824498522,-0.35232567267363685,0.11546342029258042,-0.03762688531923171,-0.016509479401323284,1.1585944405395558,
2021-06-30,deseasonalized,2021,6,108.148,51203501675.57477,72903022076.81445,21143857140.057922,113433715176.3298,4435502137.268997,-96849668718.7227,83248840484.30093,14109777042.633835,-45141106416.46765,-10505051795.484383,21416323.788206577,-6770924.259088635,65094374.71369648,604880800.6254678,2728330793.1663723,6408804541.839187,51203501675.57477,96471866550.76965,-45141106416.46765,63321305.6790936,38554598.40818691,5601274639.45373,108816112.19273257,705371548.1122131,21369656076.953762,-383464559.59089565,3794988697.3088684,2080553835.8118534,920314226.0082064,668727331.4327366,543156258.9272923,23383213963.871902,267027746.94456625,-60857941.65995216,-13664176347.587067,55625713743.54378,-2928752386.9508247,182084254.71909428,-420479067.8454132,-148878718.88454366,67522372.40727323,36199832.3890905,210038337.0500121,2701294.908195734,-108627145.92726827,-6688663.215393066,-19084517626.558975,-8631099247.58847,1060694793.9809113,1854490180.5989609,-527954276.2700758,72903022076.81445,79860606317.0232,-7495653028.026794,-21143857140.057922,16625880472.019318,-37713116374.07721,0.0,-7217690362.48407,-622620963.925354,-821432438.6243286,-39808174.700899124,-25888569.984840393,2175798641.6492844,2589977515.5693207,1958685843.8763785,1355204516.0182018,1533568304.977313,804453818.6609306,3693226639.574626,6172020423.139143,
2021-06-30,raw,2021,6,108.148,449000000000.0,623000000000.0,174000000000.0,311000000000.0,-75228872566.0,-62026814312.0,265000000000.0,74188859130.0,58066093026.0,19916388206.0,1351981933.0,507407606.4,7099583495.0,2385489791.0,7149802017.0,13692863601.0,449000000000.0,391000000000.0,58066093026.0,532680430.0,745057011.8,21422486366.0,1251889774.0,61491173698.0,53979852410.0,2470672113.0,128000000000.0,8833746290.0,4044024618.0,2048170045.0,3760240660.0,40952835338.0,2465984195.0,9356796461.0,99289765533.0,80415664602.0,17919883121.0,831566062.4,4100061805.0,837040207.0,28896373.11,39418343.87,2221922681.0,1925239534.0,575341053.8,8772698841.0,31094913895.0,104000000000.0,-3814890035.0,-57860292768.0,-8592159318.0,623000000000.0,561000000000.0,62011486051.0,-174000000000.0,-170000000000.0,-3945393025.0,,82690342876.0,11692443507.0,43488604548.0,1531403033.0,45020007581.0,35011243721.0,49232363804.0,4756813776.0,7712863408.0,2498267137.0,1319377409.0,11530507954.0,14536776146.0,
2021-06-30,real,2021,6,108.148,538253633909.0875,746841901838.2217,208588267929.13416,372821559344.6018,-90183104751.74423,-74356699784.49487,317677534489.77325,88936354169.91512,69608653848.88112,23875430570.65388,1620733159.0571992,608271688.2358841,8510861058.852406,2859684963.6053,8571062176.794596,16414774146.680899,538253633909.0875,468724211266.0428,69608653848.88112,638568323.2956688,893161790.8035543,25680915665.628914,1500744365.4991677,73714582842.50201,64710137455.58734,2961800095.8131266,153444243074.30557,10589746195.152384,4847908566.272405,2455311736.269464,4507713139.460369,49093568907.70377,2956180298.710748,11216769926.238173,119026897790.90984,96400943641.96187,21482053917.827106,996867382.9003808,4915085001.766376,1003429695.2021489,34640485.15200521,47254046.39355346,2663603468.403724,2307944711.1824903,689709160.2337055,10516563542.000647,37276058797.49205,124673447497.87328,-4573225889.314735,-69361943967.52716,-10300135804.096497,746841901838.2217,672517346599.1049,74338324523.50432,-208588267929.13416,-203793135333.0621,-4729670674.623201,,99127789626.27045,14016704247.03667,52133406306.45049,1835820150.315475,53969226456.76597,41970888998.89749,59018928114.559525,5702388197.685542,9246050684.188038,2994880545.5810738,1581647405.104246,13822578634.873358,17426442284.871803,
2021-06-30,zscore,2021,6,108.148,0.742454683363784,0.8934995456389337,0.20918021097195744,0.8093605656030425,-0.4701565596152765,-0.5953473669922201,0.955624252717841,1.4366400515467987,-1.5383965335413723,-1.2730292184121008,-0.6687349506266256,-0.008231376447743192,-0.1772410701293225,0.12180116910014456,-0.035990833048445664,1.3960836725978534,0.742454683363784,1.0621917406769545,-1.5383965335413723,0.5147449070224813,0.2710608228981255,1.046304713605906,0.1198740198646329,0.09986296377282589,0.7563238254382901,-0.4467166588093551,0.04854963480196467,0.6420514817572927,0.08330902572133586,1.0536058291358,0.5347803330677291,1.584487934245153,-0.12742101662826769,0.35789656145601967,0.9993088686220578,0.9812872359388588,-0.3798809563903046,0.37333078355595106,-0.28023306783526175,-0.14907349137805861,0.09899143770163865,0.3681643435511038,0.04830469046160459,0.22900490680293406,-0.7241429965515351,-0.45778779648529333,0.4905852480250438,-0.15031679579865476,-0.8064472546507986,-2.1342238455707285,0.23464627040523733,0.8934995456389337,1.1477361091723313,-1.1859704262950308,-0.20918021097195744,-0.20937950653036955,-0.05989295919598313,0.0,-0.3096766867085553,-0.5024744452822009,-0.030697626984176916,-0.0017685230937527086,0.026911502635973323,0.2582223774430074,0.10860291195815339,0.6626120877390012,0.5603317870743031,-0.27195075135006913,-0.335269077352992,-0.184673931999706,2.291809119275826,
2021-07-31,deseasonalized,2021,7,109.62,-37091806868.706055,72334749983.8872,109535981064.68439,-202878952759.73383,354366402789.88367,-41296713687.60185,-36830710810.82266,-377146745.0189438,-3881090909.090454,-1380892890.723465,819008243.8963938,-31467680.242724895,-985199162.6762991,-412244862.6236236,1045346176.9063787,4647697732.61646,-37091806868.706055,-33224079595.979553,-3881090909.090454,-71798554.7772699,-65822888.013630986,4189109375.3710136,-274158072.43454003,4996857606.257668,-3943417292.290785,-399611423.6708951,32134791025.476166,-258909738.63632774,-9023937272.41452,-545407156.6327171,109017446.38456774,13011091785.515535,2577522554.747295,-722852270.4844971,-12276374068.112572,32153290887.783775,5567867799.753723,-319147083.54726934,3683393111.903679,-223622149.19817853,823079.8200005367,-96996630.1363641,-2613299099.840894,-119788326.19816685,-14706649.089086056,-191547794.57993507,9357027893.900064,-3700452672.0366364,471631303.7381935,-2187005261.894617,714792783.8780985,72334749983.8872,79890072575.5813,-7741916215.8758545,-109535981064.68439,-112995516894.56073,3815157409.0582047,0.0,-7043274853.020462,-652886528.3598976,3116785911.900223,-107222579.53999019,2794521068.8151627,7176191666.094723,18228115054.682053,37908746.15819764,449154732.84002113,3844906466.226397,15221251839.015478,19515313038.272816,5422230746.400959,
2021-07-31,raw,2021,7,109.62,262000000000.0,564000000000.0,302000000000.0,-40279235819.0,393000000000.0,-50193779698.0,115000000000.0,16941651171.0,75222000000.0,22607500478.0,4697762858.0,471502277.7,6821648890.0,1503038606.0,7508859270.0,11145894400.0,262000000000.0,187000000000.0,75222000000.0,409921716.0,663244569.1,18660432901.0,742369202.0,63369696551.0,11923317170.0,2230031905.0,167000000000.0,5867316612.0,-7455115009.0,1124857740.0,3167257161.0,29598084835.0,5271093692.0,8687994531.0,47815052504.0,50027884110.0,28447754841.0,444791840.4,9358666681.0,578118536.2,40122120.78,-239761208.1,-705046204.1,1601430469.0,761368232.7,9580621960.0,13060955901.0,104000000000.0,3215713715.0,-7955793844.0,-7714766134.0,564000000000.0,482000000000.0,81848367297.0,-302000000000.0,-295000000000.0,-6626367297.0,,82732840650.0,11665929334.0,47752722044.0,1330959045.0,49083681089.0,39760572230.0,70967611462.0,2179551717.0,5929125188.0,4933894004.0,17168485065.0,28031504257.0,13843040514.0,
2021-07-31,real,2021,7,109.62,309863638022.25867,667034701696.7705,357171063674.51184,-47637673845.92294,464795457033.38794,-59363462531.71781,136008848750.22803,20036647579.962284,88963979310.3448,26737566201.15661,5555976678.418791,557638973.6790202,8067866192.236269,1777622177.6452832,8880620041.218937,13182089266.39664,309863638022.25867,221162214924.28384,88963979310.3448,484808527.57285154,784409828.5489745,22069426052.572937,877989395.753439,74946430204.807,14101536013.700233,2637426713.6985035,197508502098.15723,6939191110.010508,-8817057475.431616,1330353097.6102898,3745869566.6393533,35005229944.52116,6234046823.508775,10275166383.561628,56550176034.789116,59167260201.834145,33644751177.85336,526048923.01129705,11068360705.390675,683732491.7367742,47451856.14526436,-283562138.1621291,-833848022.0466026,1893988821.236763,900459276.5610672,11330864026.876116,15447005005.847889,122999306695.8584,3803178437.282338,-9409203144.492098,-9124143132.718151,667034701696.7705,570054479109.6514,96800888766.52855,-357171063674.51184,-348892264185.36755,-7836909456.183743,,97846942701.23972,13797127115.816126,56476458694.731094,1574106151.6882865,58050564846.41938,47024257866.544235,83932375073.91397,2577724520.180459,7012291225.355299,5835245594.2582,20304920769.357685,33152457588.971184,16371965247.929607,
2021-07-31,zscore,2021,7,109.62,-0.6403731251045413,0.5112020536698317,0.9248621869435589,-0.9192219867999911,2.70866772829969,-0.47391452266892464,-0.6341170691690692,-0.3815702415083334,-0.6524614138455067,-0.8086128276852373,0.1113873434296538,-0.2564865569343889,-0.26411766703387196,-0.6599959092773197,0.012167872092629156,0.8122374842668192,-0.6403731251045413,-0.6007738981566834,-0.6524614138455067,-0.6140833461307228,-0.5299716462919271,0.5184507379239253,-0.5260876569585428,0.2531086460455155,-0.03746734346089121,-0.6818792132976227,0.9695621157646094,-0.29741510013894873,-2.4946822269112063,-0.22006368446266422,-0.11049848724273391,0.9923149589520108,2.869838855261254,0.07590665753247725,-0.4749965628506148,0.4252791313239052,0.5798836488115402,-0.7097081881246212,1.0012658056462036,-0.31623116823876746,0.19748938531500312,-0.6545738791461735,-0.867173257870821,-0.7085564162354266,0.6371130089539164,0.16708492738635974,0.10922213032956846,-0.15031679579865476,0.08379136192691275,0.28977143482620804,0.323597403131123,0.5112020536698317,0.6028797070633892,-0.36272326098871177,-0.9248621869435589,-0.9330072868618317,-0.19119608954104214,0.0,-0.30757901811128663,-0.5242231936760454,0.3759717621632723,-0.5484691425960071,0.42123359515859116,0.5979120869881818,1.005536629651813,-0.2768659223133527,0.003442401246908781,-0.00983520033005971,2.2920792480881413,0.9377905724060468,2.0360261951925653,
2021-08-31,deseasonalized,2021,8,109.62,-4093885076.4908447,-16893608010.797424,-12867398143.942932,-263902286752.6975,78327338149.91455,172124178753.37634,-2320487698.2773895,764035376.01651,-4053181818.181381,-1436620991.3325615,1219228138.137291,-73359905.2409066,-506792889.4917526,-423001444.2945318,-1319329891.856349,4540376813.65736,-4093885076.4908447,155842196.2359314,-4053181818.181381,-67547566.5145427,-50153395.15726757,5871335711.645557,-821989061.8709033,-11294029393.698692,30887918894.52195,110268122.61274242,-42657785194.55472,195152185.42003822,-657286389.6617899,177273446.24819183,-302020220.80634356,18715666653.23461,691922171.2327499,-898753917.2926769,-7485061263.272629,48965716714.95557,-14672752897.30082,-87727199.74817812,-6845025212.514497,-517331818.71908736,-8264019.829999492,-280099762.33363706,-70404639.41816854,191071200.29183245,-43553437.82544994,-897904.5417518616,-17469052214.356342,-14965939222.742142,-319222377.0281639,-3043628197.682766,-262387154.18371964,-16893608010.797424,-6666511103.748718,-9955700211.684967,12867398143.942932,7557234321.621155,5888935881.321823,0.0,-8718397439.877747,-1212402874.1798973,757751935.6811371,-233991019.6708989,221218577.31515503,-16079463513.34436,-31793762776.809776,875066574.440927,554384659.0345688,2294204726.903674,15723277773.024578,18571867159.03011,6174441387.97278,
2021-08-31,raw,2021,8,109.62,268000000000.0,439000000000.0,171000000000.0,-30374920062.0,103000000000.0,97591596261.0,124000000000.0,3032509989.0,77147000000.0,23279195880.0,6031165166.0,453717785.6,7441274536.0,1727671943.0,7270443117.0,18148524048.0,268000000000.0,191000000000.0,77147000000.0,391218143.7,662098696.3,20039043042.0,810510392.2,48948119359.0,14781409150.0,2846700722.0,87297846671.0,6722158833.0,3828260435.0,1174667450.0,3093814480.0,30581787375.0,3313483983.0,9372046942.0,57718583455.0,65880374970.0,10501828007.0,634575331.4,-2198873371.0,639982283.5,35793888.39,-296444560.3,1160222113.0,2130532118.0,836707431.7,9067619917.0,-17950019429.0,95726023983.0,2376275470.0,-12241826240.0,-8871784481.0,439000000000.0,346000000000.0,93452848814.0,-171000000000.0,-154000000000.0,-16305848814.0,,83138667114.0,11675982673.0,44719230684.0,1362325357.0,46081556041.0,15356712758.0,17335589968.0,3624576124.0,6064869427.0,2996953949.0,17610536094.0,26672359470.0,14776587425.0,
2021-08-31,real,2021,8,109.62,316959751870.0966,519198996533.4792,202239244663.38254,-35923981813.155,121816621054.55206,115420179610.04929,146653019521.98502,3586506021.108319,91240649169.8595,27531970708.43349,7132972442.175113,536605510.2344243,8800688546.745628,2043292799.8739095,8598648680.410343,21463998802.472244,316959751870.0966,225892957489.50916,91240649169.8595,462688081.17250675,783054621.2416509,23699888471.292934,958579002.9845027,57890237934.83774,17481760359.979015,3366752069.0057645,103245909774.75336,7950200730.36962,4527628647.655627,1389262326.4249222,3659009962.361612,36168640813.89572,3918809929.39261,11084185347.952305,68262939888.769646,77915773520.89598,12420361191.34758,750503132.7739863,-2600575962.932548,756897857.3858874,42332917.845374376,-350600724.9101787,1372178033.7711911,2519749744.3005652,989561865.4458874,10724143876.659203,-21229230239.84796,113213794064.03955,2810386878.1574526,-14478232117.415068,-10492532118.443037,519198996533.4792,409209231891.9904,110525342431.48915,-202239244663.38254,-182133588761.17493,-19284693261.62966,,98326907833.07463,13809017055.49861,52888792020.232285,1611202638.511421,54499994658.743706,18162163676.55234,20502553338.727673,4286734137.676554,7172833987.710653,3544454403.138605,20827728174.080673,31545016564.92993,17476057775.055187,
2021-08-31,zscore,2021,8,109.62,-0.596004318415718,-0.2987502598240284,0.192406414660123,-0.8704846130377056,0.7398462875300416,1.0426870201725469,-0.5387325898558546,-0.8233340334260413,-0.553053955644717,-0.692695570159287,0.42229140162554346,-0.3794513773664273,-0.07043553278051742,-0.460984689667727,-0.019809794748141728,2.417462481362766,-0.596004318415718,-0.5681667287677885,-0.553053955644717,-0.7860721211771416,-0.5411909827164313,0.7819158927674598,-0.439699393360976,-0.9233712848250936,0.0164773802468237,-0.07924752724548144,-0.9126603964304522,-0.02668705781268753,0.03493686967764727,-0.151353337200282,-0.19041809147461772,1.0436170161624547,0.7781326199495334,0.364326688940816,-0.1913460359678101,0.7153336615919158,-1.0561417360812768,-0.1782795011978354,-1.815255858579119,-0.2762924475877885,0.1595122260431978,-0.8622260172647322,-0.28376698364599484,0.8234119431377686,1.1884084577971727,-0.2296867163783397,-0.5465652591365153,-0.53113816253943,-0.022501122830348948,0.08158735275869018,0.20629754894137148,-0.2987502598240284,-0.3351009345418783,0.11887242914257859,-0.192406414660123,-0.11675515064794238,-0.6652574173847883,0.0,-0.2875476294208256,-0.5159767535389526,0.08666733293202276,-0.4629191474427427,0.12991978054936776,-1.1475430694862199,-1.2076596119071878,0.2498824731882639,0.04582223312959223,-0.21828343051172014,2.3653592116047624,0.8453360471312151,2.3802284354264582,
2021-09-30,deseasonalized,2021,9,109.62,21155159575.341187,48939231946.40485,27926012516.16315,-129611257894.66602,242580043728.66675,-84558139690.03943,4886603847.314575,11513263963.253937,-1407375260.8575897,737186183.2525368,4490005703.2860155,-84957832.93421817,-3689118278.844589,189669971.15483475,-1136950695.6616592,5580348751.172717,21155159575.341187,22163430486.681396,-1407375260.8575897,-59919734.81001872,-74543003.00109828,5796927443.159473,-338315501.16453934,-1940496079.6315002,50684566944.7399,-151932041.41909838,1337923253.2466736,-1379041757.9587975,442660805.80345726,264947170.71038723,215664794.85509777,9353107619.502573,-396747350.7540903,809037757.1361561,-13395374862.032501,8981802563.765755,-1340480356.909748,33664356.449207544,-864355135.6237793,-260586798.07636118,6476924.620056771,143831219.51601058,706515396.6397014,-277778507.3268461,-57352061.36073077,284723217.1437702,2350981070.6473665,-5173814309.354691,-4121358944.2278605,-1496952518.535016,-897490572.597271,48939231946.40485,55010992368.40991,-5609685761.498932,-27926012516.16315,-32140690842.36099,4154021438.3732166,0.0,-4717720486.335068,-132755335.72026062,70540802.913414,-193161564.97438288,-111164549.58482361,4978435199.03672,2425994328.9377823,-1061102745.0324326,92451338.86052036,693281752.3085412,14075733951.085014,14862802601.518051,5075460772.243128,
2021-09-30,raw,2021,9,109.62,460000000000.0,521000000000.0,61544251213.0,29945132782.0,141000000000.0,-109000000000.0,215000000000.0,86712836649.0,87386593191.0,29980683305.0,5662924628.0,452958624.6,10623616030.0,2432539484.0,7857224710.0,13625890600.0,460000000000.0,372000000000.0,87386593191.0,463590602.7,689525335.0,18596492411.0,740052951.8,63732795776.0,108000000000.0,3310531280.0,127000000000.0,8649321427.0,3190267643.0,2004166781.0,3806540926.0,15283473302.0,3980778357.0,13173234131.0,37681586630.0,-16548059725.0,21199240062.0,381175793.4,4886974699.0,767712012.2,34602396.33,-86194454.21,2788125088.0,1799177089.0,764014576.6,9680151535.0,2766843597.0,99682056055.0,-485592063.2,-4196091707.0,-12521268579.0,521000000000.0,429000000000.0,92561246968.0,-61544251213.0,-56369597436.0,-5174653777.0,,83146745360.0,11529937502.0,45289340352.0,1543921162.0,46833261514.0,38429093743.0,49663809651.0,4692926452.0,8071656363.0,1115872263.0,15947480443.0,25135009069.0,13614851364.0,
2021-09-30,real,2021,9,109.62,544035395000.9121,616179219120.5983,72787502214.56482,35415678568.2829,166758675424.19263,-128912734902.39005,254277412880.86108,102554026821.71365,103350869009.67326,35457723661.37593,6697459645.335594,535707661.4202845,12564398137.432764,2876929519.637511,9292626845.034298,16115145162.630903,544035395000.9121,439959058565.955,103350869009.67326,548281949.2578379,815491713.0214375,21993804553.151848,875249999.900226,75375862444.58397,127730049261.08371,3915317809.951468,150201076445.904,10229428258.756083,3773083733.300291,2370299274.671829,4501941296.225104,18075544423.564053,4708009404.046906,15579794856.300179,44565471448.941605,-19571152628.237087,25072036827.933327,450811137.66772836,5779754805.934628,907961973.4873307,40923757.29428187,-101940943.354403,3297475507.74355,2127860909.3276222,903589069.4935558,11448576226.113937,3272306193.9122596,117892536392.14128,-574302760.6789563,-4962657411.473471,-14808724559.323423,616179219120.5983,507372140120.4159,109470857730.46274,-72787502214.56482,-66667513493.77535,-6119988720.789472,,98336461858.62578,13636291528.774782,53563052538.5458,1825973389.6063852,55389025928.15218,45449537378.261055,58736674566.80847,5550256730.487063,9546232082.07898,1319726102.9821014,18860856134.949623,29726814320.010704,16102089216.722712,
2021-09-30,zscore,2021,9,109.62,0.8237974956266265,0.23257845782794387,-0.4195897304440285,-0.5736603767202121,0.9978297866653748,-1.0773951029357527,0.4257104787555376,1.834410102644233,-0.02427892596813365,0.4638078707421048,0.3364302350672224,-0.3847003378382311,0.9242984593643604,0.16348428217336983,0.05889253331622737,1.3807313348704917,0.8237974956266265,0.907307686079704,-0.02427892596813365,-0.12057088051269577,-0.27265446926693726,0.5062311186148711,-0.5290241603017954,0.2827294666700543,1.77592080019784,0.3740249319812764,0.024933930161896854,0.5836442331566426,-0.10809468662737931,0.9929052237695314,0.5851638278444373,0.2457793041683561,1.4911367476197193,1.9670379882660292,-0.7652327370525832,-0.7928672336070619,-0.08092112827845577,-0.8878448223837238,-0.08846585752603074,-0.19383119724295786,0.14905773107701797,-0.09200191486518643,0.22539773047987308,-0.1359980702435874,0.6564776606559355,0.24406417847279632,-0.10846689630933838,-0.3490562302937977,-0.38488038415404896,0.4723902454000865,-0.16369135717509908,0.23257845782794387,0.23734313349663055,0.08187020670655983,0.4195897304440285,0.44842942135409286,-0.12009711200477266,0.0,-0.28714889129032467,-0.6357730480798012,0.14103875929400758,0.0323740268903812,0.20286217478712457,0.502679773692189,0.12640709498943192,0.6393235223370107,0.6723482175733625,-0.4207203346697241,2.089670095560672,0.7407592552654585,1.9518920015043943,
2021-10-31,deseasonalized,2022,10,111.455,-19544840424.658142,-8660768053.595398,11020401353.662384,181552850828.73376,-41742844225.33353,-128854250018.45966,-15613396152.684937,1024199531.2539768,-3125921637.7575684,-786701296.747448,-541298820.4539461,55238232.40578157,-1842001886.1445932,-112380540.44516277,-1549753695.1616554,3013301901.77273,-19544840424.658142,-16036569513.318054,-3125921637.7575684,-11647432.65001905,92398741.8389014,2521072904.0594673,-102253654.34453988,-9154056497.831528,2732002158.1398354,61486008.64090109,-166804065.45333862,-1343970097.8587961,154839527.58145905,-91585450.61961484,-97399200.34490156,859030381.6025639,-398141049.05409193,-544290458.3638477,-32229276024.43258,19934695396.665787,108420479.99024963,-187318326.31079292,2156122047.6462154,-185709314.18636107,15035788.11705691,-185926467.4619898,-58969973.426297665,-13588632.226847172,-43446990.28073144,-820768182.2562313,1901854950.7403078,-6480426434.654694,485461141.31215477,9673560163.245047,3140276014.0027275,-8660768053.595398,-1489007631.590271,-7412246315.498901,-11020401353.662384,-15457848869.660248,4273614680.373209,0.0,-6501680047.335114,-689011668.2202587,236041061.21339417,-184263558.67438436,63233714.91518402,-2201610440.1632767,-4021470580.6622314,-759293473.2324324,-6962470.939491272,193775076.84938836,13957229199.005009,14233524290.018024,4382259025.543131,
2021-10-31,raw,2022,10,111.455,284000000000.0,449000000000.0,165000000000.0,357000000000.0,-62863128152.0,-129000000000.0,144000000000.0,15706538517.0,71292000000.0,25296319582.0,2432581549.0,570683155.3,5585521642.0,2458044484.0,7770037974.0,8907763959.0,284000000000.0,213000000000.0,71292000000.0,508284779.5,814775523.5,25866938822.0,800618339.0,65482118094.0,14668594391.0,3434227615.0,121000000000.0,6339131447.0,4688683441.0,1275104942.0,2760399579.0,2093522345.0,2184397721.0,7644382389.0,18938963389.0,34429888372.0,21932905047.0,648983224.7,6895340560.0,786099885.1,47703309.98,-66864460.28,2087849895.0,1764639085.0,643821001.5,9364541629.0,2332761553.0,101000000000.0,6338079620.0,9957863909.0,-27243026774.0,449000000000.0,365000000000.0,83670799202.0,-165000000000.0,-153000000000.0,-12378799202.0,,84016788720.0,11628006062.0,43372186319.0,1158843424.0,44531029743.0,25276216189.0,40022466111.0,3148441183.0,6161874462.0,779451401.2,15936540498.0,22877866361.0,13381470819.0,
2021-10-31,real,2022,10,111.455,330352734287.3805,522283020052.9361,191930285765.55557,415267345565.4748,-73123261517.15213,-150054587053.0707,167502794849.93942,18270063187.609184,82927842016.9575,29425029370.848965,2829612556.6520476,663826551.9898056,6497156150.9015465,2859231395.385258,9038215810.66084,10361634437.472647,330352734287.3805,247764550715.53537,82927842016.9575,591243896.8467722,947758176.1220312,30088781575.676384,931290342.9903907,76169706898.88046,17062712201.476702,3994741136.550984,140748876228.0741,7373765515.92806,5453941531.4870205,1483219732.7220132,3210935030.4520564,2435214193.529855,2540921689.8009596,8892051493.466366,22030064577.90403,40049323115.84327,25512658989.9364,754906277.4165016,8020755661.403794,914402276.28796,55489151.00863199,-77777666.47939418,2428615921.1086984,2052652629.4370818,748901507.8773406,10892964551.014614,2713500554.486007,117484599165.5825,7372542016.190569,11583125246.478075,-31689466144.560616,522283020052.9361,424573056390.47144,97327032733.7714,-191930285765.55557,-177971719528.06064,-14399190716.813887,,97729492534.14488,13525857735.534985,50451127966.56115,1347982724.3991206,51799110690.96027,29401644825.616558,46554687016.52421,3662310399.8135386,7167577735.412964,906668667.7132044,18537604678.15448,26611851081.048008,15565512231.84311,
2021-10-31,zscore,2022,10,111.455,-0.4776875005788559,-0.23395407474451962,0.15885882203645418,1.0357183724490762,-0.3862050329485155,-1.2826388942107734,-0.3267670802709332,-0.4207982601427756,-0.8554075492891968,-0.3445921784578911,-0.41677588029680274,0.4292658804026327,-0.6505054241367562,0.18608013203221185,0.04719857566419594,0.2991869430775281,-0.4776875005788559,-0.38882729712886677,-0.8554075492891968,0.2904146037704361,0.953680602142373,1.8956807044610084,-0.45224037330063604,0.42543525899439866,0.014348071236829052,0.49490558763395304,-0.11676029767851002,-0.14799161182479592,0.2278350390175122,-0.012804147624941465,-0.5532369124941379,-0.4421030495754511,-0.42829620167529975,-0.36411612717453207,-1.3020468272775183,0.13988112246436749,-0.014037174578558059,-0.13793474951550772,0.4009640671592125,-0.18196013945595557,0.2640089258053163,-0.02118897925720273,0.0063702921564791504,-0.2359998930009095,-0.2230401974092951,-3.828252274844204e-05,-0.11764640541602155,-0.28839600921128483,0.4791558003958869,1.1598858089640325,-1.6562001788094374,-0.23395407474451962,-0.2040595213764365,-0.2870908124626828,-0.15885882203645418,-0.11096612840529069,-0.4729266246348497,0.0,-0.24420399176372626,-0.5553304698109388,-0.04180044723185281,-1.0179056049493467,-0.020536887077855438,-0.4380631434454268,-0.2714556872048646,0.07631909598919151,0.07610754840602045,-0.4569250344782574,2.087856552060304,0.5872192795824351,1.8658437210489873,
2021-11-30,deseasonalized,2022,11,111.455,20055159575.341248,-6360768053.595276,-27302838007.837097,-171065769677.76602,23309996996.316612,121022489831.36052,17429307291.914673,-3478314447.1960516,-3040821637.757614,-686734373.6474724,7694824146.146024,26816909.22578168,58263134.555410385,-265592089.0451641,-1171561422.2616615,3513166062.0727234,20055159575.341248,23263430486.68155,-3040821637.757614,35468357.949981034,22676090.858901262,3669547116.9594727,393112399.9754596,1428287654.6684723,2484063381.539896,-524065348.51909924,4450107871.546631,1084131331.141201,-93738936.91854382,7255525.950386047,-82378223.14490318,-1010147824.5274343,1204542481.7459083,174969120.43615246,-20469809042.93257,17997578945.16577,-2694458947.009754,-71990598.58079267,-981591093.0737839,-1773834995.9363618,21435233.74705684,-44184998.94198961,-1691234826.0303001,317289963.57315326,-42998835.71073103,-475531231.456234,4770558362.897359,-8224420554.654709,-6080691255.196856,582159324.155016,-1571341473.9972725,-6360768053.595276,310992368.4098511,-7548005138.898926,27302838007.837097,22652761514.139282,4445288456.873215,0.0,-6323245906.53511,-743797815.7202606,1552109699.613411,-120116670.17438388,1443449242.615181,-3044194380.1632843,-5327267163.06221,678453571.0675688,-362979877.13948727,-18681808.88045618,14031037593.234016,13650711467.11805,5745719616.543125,
2021-11-30,raw,2022,11,111.455,281000000000.0,473000000000.0,191000000000.0,7511877684.0,64869802387.0,119000000000.0,138000000000.0,-321051200.3,77055000000.0,27507513935.0,11554821829.0,563284486.7,7774828962.0,1803694160.0,7816220157.0,9267283210.0,281000000000.0,204000000000.0,77055000000.0,547717704.3,737967281.4,23628948323.0,1977878632.0,60816771609.0,11543399807.0,2250677778.0,134000000000.0,8079138596.0,4385761349.0,1242344550.0,3546002833.0,5480605264.0,4044411478.0,8275443944.0,36029498136.0,30700972128.0,20207438558.0,811540684.7,5036914199.0,758376677.1,35085023.7,-52547804.63,3177171413.0,2332301236.0,574610045.7,9126590575.0,5276585291.0,100000000000.0,1281117572.0,-4122137059.0,-9819067103.0,473000000000.0,379000000000.0,93122784433.0,-191000000000.0,-175000000000.0,-16067784433.0,,83846691653.0,11347951287.0,44289390837.0,1292359177.0,45581750015.0,27661956992.0,44027838782.0,3947447929.0,5977800810.0,257107291.4,15851039168.0,22085947270.0,14527689551.0,
2021-11-30,real,2022,11,111.455,326863092728.0068,550200152527.926,222173845946.79465,8737920185.00618,75457452786.0123,138422448521.82492,160523511731.19193,-373451203.7512341,89631443452.51445,31997121274.209408,13440728821.879087,655220318.1796079,9043788754.272593,2098082033.7119014,9091935565.693974,10779832210.700819,326863092728.0068,237295626037.41415,89631443452.51445,637112821.2433518,858413764.8771646,27485520024.078396,2300695824.5414915,70742911237.9024,13427442567.657995,2618019570.2892466,155870656318.69363,9397765936.180664,5101578357.655143,1445112390.9138215,4124759618.564604,6375115966.592292,4704515458.945655,9626111036.416704,41910011352.92141,35711796083.68119,23505572466.829372,943995366.8172463,5859008373.276693,882154256.6893059,40811385.605044186,-61124334.29689991,3695729801.352994,2712965107.3747787,668394365.3027877,10616176588.636219,6137797107.684589,116321385312.45793,1490213707.2317257,-4794926931.507011,-11421674878.969429,550200152527.926,440858050334.2155,108321712893.99951,-222173845946.79465,-203562424296.80136,-18690269441.48506,,97531633269.43463,13200094141.621298,51518032968.0472,1503290097.89908,53021323067.1095,32176771577.630714,51213791994.358,4591726115.5007305,6953460713.411331,299070763.095818,18438148346.637905,25690679823.842983,16898809739.616398,
2021-11-30,zscore,2022,11,111.455,-0.4998719039232675,-0.07844323055369846,0.30423172340568577,-0.6840504294245792,0.48097887166363434,1.2623841175994812,-0.3903567331464096,-0.9298454195733349,-0.5578048575431445,0.03700278928111446,1.7102202302349099,0.3781103033572162,0.03382666736303927,-0.39363371529923813,0.053392780391396256,0.3816001674877664,-0.4998719039232675,-0.4621934282538802,-0.5578048575431445,0.6530202239197772,0.20164467957346513,1.4679800109714818,1.0402705766274527,0.04484675351491845,-0.044638049415147665,-0.6617032989121083,0.19024386264237153,0.4030676567866794,0.15992295787610888,-0.05799569583455297,0.30164883361526784,-0.26545989311165374,1.5591287459001308,-0.09803886381452459,-0.8125507869580869,0.07165278793232825,-0.17133788146863957,0.31725604217434217,-0.0519262610225314,-0.1998580119286919,0.1532924428133309,0.031258239212520106,0.34708106412593664,1.4076170864383835,-0.7294921566693312,-0.18407698591466215,-0.0553935267610338,-0.3344224136821615,-0.16117368733800938,0.47598242088687825,0.11026094440074743,-0.07844323055369846,-0.10750269062295306,0.10517448123145588,-0.30423172340568577,-0.23832461774362804,-0.6535979998456412,0.0,-0.25259989682768086,-0.7850506590082323,0.04567345596341237,-0.6537482879515927,0.08142066819702423,-0.26742605256291424,-0.10616869084407934,0.36757751308696424,0.018639102722726463,-0.5131382894793911,2.0736827713608306,0.5333497402112178,2.2884588576893483,
2021-12-31,deseasonalized,2022,12,111.455,81655159575.34131,28339231946.40497,-52955384483.73697,394198958706.1339,-168016890149.93323,-279299438189.7395,61886603847.31479,10907105434.653961,-503448005.35754395,-211134831.34746552,667344112.9660301,-48801641.594218254,509558669.15541077,472015558.7548361,-370388351.3616619,7712860563.872722,81655159575.34131,82163430486.68146,-503448005.35754395,-55208149.41001868,-98842559.83109832,5928599447.259476,-376216099.8345392,808137966.9685059,4070010288.2398987,-331338737.11909676,19302229103.246735,-552235947.4587975,-1194731554.218542,-97575383.06961322,-295144412.944901,-2013337989.6274223,-514857293.6540899,584222551.6361561,-12133996844.932526,17871768265.585777,243646127.09025955,-22472055.93079245,-354823070.9837818,-548331630.5463607,97865140.74605688,99914330.61501038,424804001.4597033,-208157339.22684622,12564248.679269195,140434999.64377403,2922250103.100342,-8826580457.2547,2105159995.6321478,2125495198.5550156,-727040028.6972704,28339231946.40497,34510992368.40985,-6209986371.698906,52955384483.73697,47318804091.539154,5702179505.6732025,0.0,-8459355915.03508,-1280573838.3202572,2568932552.5134125,-116277949.87438321,2464110816.115181,8313103865.336731,8487663177.237808,-84237829.43243122,1147112744.6605186,-44110184.91544764,14247550144.350018,15351888263.218056,5426125989.643131,
2021-12-31,raw,2022,12,111.455,487000000000.0,508000000000.0,21303129425.0,498000000000.0,-193000000000.0,-284000000000.0,253000000000.0,83285231947.0,86129270845.0,30770563548.0,1551310564.0,484754175.6,7154710086.0,2353316227.0,8186607426.0,13518539497.0,487000000000.0,401000000000.0,86129270845.0,426544312.6,646612699.3,24958782436.0,976567742.2,70926762910.0,12947378969.0,2908984878.0,135000000000.0,6949970122.0,3650680032.0,1307434573.0,3006990952.0,5706365000.0,2077505071.0,9195053640.0,97968633740.0,30451005202.0,30646364910.0,915134609.4,9221552452.0,990480564.2,31567639.65,134713783.3,-915983139.1,2231639653.0,635899573.4,9241582363.0,3226387787.0,105000000000.0,1604443168.0,-55165314970.0,-8989543827.0,508000000000.0,447000000000.0,60952550990.0,-21303129425.0,-46479849280.0,25176719855.0,,83717700483.0,11440978467.0,49606179653.0,1633862910.0,51240042564.0,36675035867.0,46085624301.0,2934266475.0,9177347064.0,116563918.2,16024153559.0,25318064541.0,14334911450.0,
2021-12-31,real,2022,12,111.455,566485146471.67,590912637387.2863,24780095262.065853,579280498856.0405,-224500273653.0438,-330352734287.3805,294293104840.51855,96878535561.44417,100186761006.42294,35792745787.4838,1804505938.5433042,563872772.417905,8322457887.12535,2737410036.029267,9522775168.015755,15724952416.922182,566485146471.67,466448755102.9563,100186761006.42294,496162253.3878211,752148849.4320378,29032401486.67763,1135957126.241633,82502993174.1946,15060570578.394632,3383771508.619514,157033870171.8182,8084301524.712322,4246521586.5476823,1520826007.367619,3497773531.5866666,6637722818.98524,2416582678.5237627,10695813774.271587,113958471938.05606,35421031092.53503,35648276211.223,1064497255.1278307,10726637559.48133,1152140713.5280893,36719915.75132474,156700938.94138262,-1065484276.6296585,2595874159.551729,739687192.9748902,10749936629.433384,3752978969.390354,122137454578.08083,1866310519.5686867,-64169058585.08473,-10456761912.836946,590912637387.2863,519956592346.68695,70900851694.85028,-24780095262.065853,-54066004573.638504,29285909311.572647,,97381588953.55988,13308304646.114412,57702595372.95623,1900531971.0184376,59603127345.137886,42660909784.33521,53607436616.817955,3413179412.479027,10675217239.776985,135588764.4247203,18639517404.42433,29450323408.39339,16674567581.95415,
2021-12-31,zscore,2022,12,111.455,1.0234571257263312,0.14834341722458239,-0.644588523854573,1.7295542586510495,-1.2697093899451861,-2.8732782765921825,0.8284449469668882,1.7255470441320353,-0.0892073511914655,0.6001207757729647,-0.6222582946911155,-0.16486081713284484,-0.1600096403653715,0.09329738468266387,0.1030711286958628,1.3561230544581984,1.0234571257263312,1.1437096641491917,-0.0892073511914655,-0.4612301915852262,-0.692815674577389,1.7221236155177357,-0.22917465667809098,0.8695971749529385,-0.018138808482573095,-0.018381135253725204,0.21385956728243935,0.04546064708032117,-0.004874867584681882,0.0317931843586151,-0.2848986020073947,-0.2536860708217502,-0.5425110124652442,0.289700223335236,0.9614698664499854,0.06707911935596494,0.7803180937770784,0.6073380882302517,0.967851671261679,-0.05001367314429895,0.1224299007290419,0.717266875115691,-0.9331487157803207,1.1161601226359161,-0.2810053379713695,-0.09513878115160268,-0.09874894060180321,-0.10429039132777806,-0.12023311643935733,-2.0033215501068447,0.19435897065426286,0.14834341722458239,0.36148763017968066,-1.229917117128173,0.644588523854573,0.5056813934034005,1.3663887561274535,0.0,-0.25896683563802747,-0.7087433673718349,0.5527362332102779,0.277685496899228,0.6304780060058709,0.3772230045310845,-0.02125145204309845,-0.0017530689164821246,1.0175487680190165,-0.5282631857464057,2.1023803999703143,0.7532114288120876,2.217380850306562,
2022-01-31,deseasonalized,2022,1,113.563,28155159575.341553,-121460768053.59497,-149577518566.33698,268163693440.82404,-281468131264.1233,-136214909069.23953,32086603847.31476,-4035222951.6460266,-3033721637.757538,-773064196.4474449,107145933.24603319,-64834424.52421808,-1169812493.1445837,-103824621.84516287,-262907134.46165657,5279866271.572732,28155159575.341553,30863430486.68164,-3033721637.757538,-73029073.90001851,-41374518.12109792,4186724259.7594833,-322876939.7145393,-8091780978.63147,916400558.8399048,-810066550.919097,-4026614162.453247,-536188718.65879154,576535087.7814608,-380733021.80961275,-29886006.38989973,-6741368099.427427,111538422.74591112,3244224463.636162,-6804846863.432526,-14448736546.83422,-6544604416.809736,123285350.68720782,-3315102746.7917767,-302112524.3663603,1088238.9440568872,-161436677.5219895,1757421862.9497051,-65841026.976845264,-23120748.37073052,84965235.44377518,2544469973.7943377,-4100121135.2546387,-1327590563.9178514,-4608107611.514988,-72326773964.29729,-121460768053.59497,-117589007631.58997,-3654750761.198883,149577518566.33698,148476859812.33917,501552773.77319336,0.0,-2431560596.7350464,203062043.8797474,3183225465.4134293,-196418241.8743825,2998263436.2151947,-8236228292.76326,-8271875990.062195,641829352.5675707,-1029835711.4394808,-99495034.36845425,1565332321.9520197,437337134.9180584,4602556170.543133,
2022-01-31,raw,2022,1,113.563,465000000000.0,346000000000.0,-119000000000.0,341000000000.0,-337000000000.0,-123000000000.0,289000000000.0,13577363734.0,99672000000.0,29993692583.0,4127933470.0,465960910.5,5285369094.0,2335764427.0,8586604577.0,11860781441.0,465000000000.0,365000000000.0,99672000000.0,468551741.8,692295798.9,20489209910.0,823038040.3,44217438863.0,14374553452.0,2242147537.0,137000000000.0,6483353657.0,4514286879.0,1032086062.0,3065325528.0,5170515748.0,2411508134.0,10224254175.0,43201925014.0,11976355236.0,10180324272.0,656383358.9,-15814605.12,660539436.6,33291843.45,-403721170.7,3013585342.0,1406674986.0,565441656.7,10042137630.0,3067482948.0,102000000000.0,1606328715.0,-6407039853.0,-88724128867.0,346000000000.0,259000000000.0,87294536734.0,119000000000.0,106000000000.0,12377463266.0,,89074480996.0,12116353274.0,45941387440.0,1229847743.0,47171235183.0,27923012102.0,50165909176.0,3322484500.0,5239657098.0,205108859.9,1846921245.0,7291687202.0,13510979055.0,
2022-01-31,real,2022,1,113.563,530854151440.1697,395001153544.72845,-135852997895.44128,389293044389.45776,-384726557065.2413,-140419485219.6578,329928709174.6431,15500214846.896997,113787731144.82709,34241454246.67909,4712538966.491022,531951147.84465885,6033892742.889179,2666559662.062837,9802655239.7325,13540527026.407244,530854151440.1697,416691968334.75684,113787731144.82709,534908897.4173172,790339997.5712986,23390929334.306595,939598194.5944874,50479593519.30204,16410304032.457682,2559684576.683444,156402190854.4156,7401538073.27582,5153608452.707606,1178251979.9058847,3499442542.052323,5902773655.725966,2753030331.5390043,11672231772.426317,49320260739.54583,13672468593.877018,11622080436.125427,749341572.0608771,-18054298.454492394,754086241.0947543,38006695.27855639,-460896902.1298503,3440374816.1719217,1605890873.2153604,645520539.476134,11464323548.858166,3501905499.823076,116445426767.5211,1833819928.893125,-7314416568.618633,-101289402455.827,395001153544.72845,295680054243.0192,99657348867.29095,135852997895.44128,121011914091.73761,14130382277.536133,,101689372094.84969,13832293410.362564,52447690850.41994,1404021032.2814472,53851711882.701385,31877520204.431828,57270497090.00022,3793020838.5389605,5981706930.314521,234156752.2044627,2108485613.5296705,8324349295.021194,15424428648.103077,
2022-01-31,zscore,2022,1,113.563,0.8607715012006459,-0.9013547810634605,-1.4290605621505368,0.9569852222417602,-2.247331070879081,-1.2210657568282672,1.2099828642197465,-0.4884223005839551,0.6101424058995881,0.4660529357279042,-0.021477485246254115,-0.29480045529395954,-0.7443268895223616,0.07774757728990075,0.1567209148826885,0.9761122864478691,0.8607715012006459,0.850245139649138,0.6101424058995881,-0.07495070576971918,-0.24552862550309026,0.8679469468383503,-0.42381705019755495,-1.3092895924282566,0.008798229830706057,-0.670039367437949,0.26109097656257496,-0.10231652042887511,0.1887370868307639,-0.3480382141576555,-0.22141948926973815,-0.2816316822890923,-0.18562869507665936,0.7236465786974409,-0.6071227761769764,-0.27095330501687254,-1.085451354729745,-0.11721301244414167,-1.2832540415216895,-0.26302092054855414,0.13755856213847514,-1.255220020884575,0.2959156959468602,-1.272454182069916,-0.7965819478539252,0.5240354181450615,-0.10210929249117212,-0.24236960474040814,-0.1199943621570139,0.36499856756222016,-7.889225203549281,-0.9013547810634605,-0.9351326685099538,-0.13670267361980554,1.4290605621505368,1.3883906324414987,0.7395336334292368,0.0,0.005441136990860091,-0.15475449700486604,0.20322456707746483,-0.8242449939629214,0.23565774365240424,-0.24875441628356676,0.14712689541207455,0.1397623413305342,-0.21181197682415517,-0.5187342195085201,-0.24781674601705853,-0.4730156628437687,1.9135938923951594,
2022-02-28,deseasonalized,2022,2,113.563,43255159575.34149,-3860768053.595093,-46102838007.837006,108895943802.13403,-137669366359.83334,-17378737618.939503,42293923501.914795,1739276981.313961,-5427621637.757553,-951328227.4474335,18510674.146030903,-40665962.49421793,-455306670.744586,-862321241.9451623,-275011310.761652,6799333311.37273,43255159575.34149,48806611963.7818,-5427621637.757553,12409238.259981513,-37356221.5010978,3402852035.7594795,-122014682.16453886,-801135659.6314697,3229032721.0399017,-471234767.8190961,4419009552.446747,-278614331.6587925,-131733925.6185379,-177071511.74961257,-151224116.9149003,-3156904662.327429,314087670.9459114,-464584762.06383896,-11898761576.43254,19794903347.765785,-2167577079.809742,-28769605.60079229,-908384921.983778,-257964198.1063608,58655493.8860569,44586553.120010376,-618487700.6902966,-113845531.42684555,-123522469.14073074,-77879594.45622635,-7065574552.571655,-4820327568.454651,1119837667.4221487,-1979546938.3449764,572301243.5027161,-3860768053.595093,1110992368.4101562,-4887513839.198853,46102838007.837006,47652761514.13922,-651167971.8267975,0.0,-4418519883.13504,-483762090.7202511,2628518438.5134354,-162723111.0743823,2477251538.815201,-2334573764.2632484,-2592390390.262184,-18243591.312429905,-606875650.73948,-3696406335.8534546,16494553753.231024,12192607325.81807,3567568354.643133,
2022-02-28,raw,2022,2,113.563,290000000000.0,506000000000.0,217000000000.0,287000000000.0,-28420707079.0,-41629760219.0,149000000000.0,4823697103.0,81072000000.0,23551138559.0,3104574063.0,471193446.8,5485606692.0,1709686515.0,8048536267.0,12277858147.0,290000000000.0,209000000000.0,81072000000.0,461895782.4,662852726.0,17846526767.0,858073952.2,55286698448.0,13807108259.0,2514223667.0,128000000000.0,5912223615.0,4432090086.0,959684995.3,3038404379.0,5666118161.0,2267900091.0,6833328198.0,41377098073.0,80872969791.0,20862568904.0,663933265.4,4491284539.0,667661414.7,33409720.47,-176797735.3,2094831850.0,1544047653.0,533596836.5,9001217807.0,2188390694.0,107000000000.0,3672869582.0,-8133183098.0,-8267782389.0,506000000000.0,406000000000.0,100000000000.0,-217000000000.0,-197000000000.0,-19118314952.0,,89419603027.0,11936680948.0,47573353025.0,1327295851.0,48900648875.0,28125407562.0,41886890376.0,2560425971.0,6293357908.0,28927431044.0,32883117953.0,68103906905.0,11350121819.0,
2022-02-28,real,2022,2,113.563,331070331005.69727,577660646513.3889,247731937338.74585,327645465512.53485,-32445699655.38101,-47525443087.55909,170101652827.06512,5506837919.177355,92553565087.22029,26886493925.135067,3544249526.4452147,537924725.516522,6262488356.16382,1951815449.7828515,9188384710.438099,14016670899.200989,331070331005.69727,238598962690.31284,92553565087.22029,527310308.85966724,756727142.7753404,20373984565.699055,979595956.4904166,63116501915.143196,15762496212.202158,2870292626.400165,146127594374.92844,6749523548.957758,5059770799.376169,1095597341.5695586,3468708770.636862,6468564189.929871,2589084254.5352445,7801076649.594567,47236998465.804504,92326347855.58662,23817164112.677402,757960710.1436945,5127348479.1982765,762216846.7740039,38141266.25796799,-201836154.29940912,2391505772.3475075,1762718508.8526895,609165797.5298203,10275986754.544367,2498314591.146095,122153535922.79173,4193028097.4258513,-9285019380.637249,-9438680869.687256,577660646513.3889,463498463407.97614,114162183105.41284,-247731937338.74585,-224899500717.6633,-21825885722.17176,,102083370939.81702,13627175560.56469,54310778389.78496,1515269919.7691677,55826048308.412506,32108579280.07407,47818988488.21267,2923038185.2915645,7184634778.409939,33024186796.14332,37540085328.27274,77748906902.826,12957546853.694195,
2022-02-28,zscore,2022,2,113.563,-0.43331869389003264,0.13538418020868062,0.4496046247749173,0.6912608402920684,-0.1523740774983818,-0.38602893134777033,-0.2737757028747029,-0.7664447114211153,-0.3503660213911589,-0.6457652957222738,-0.26009008604973133,-0.2586218631297433,-0.6817367666170788,-0.47691866460342636,0.08455227639804426,1.0717195065682208,-0.43331869389003264,-0.4214344665177616,-0.3503660213911589,-0.1361556074646057,-0.5338082148574089,0.36290574427773925,-0.3793991058717405,-0.406284215278962,-0.0019119482775772053,-0.4041564616764898,0.04854963480196467,-0.2831930779806287,0.17030939395790756,-0.44791236389921996,-0.25071481923662176,-0.25578502406519465,-0.33907390818681443,-0.7060844785470773,-0.6593882889365766,0.9896545923975976,-0.11161347233759461,-0.09607188538101369,-0.18489380871170957,-0.2584230307304847,0.13859284910822486,-0.42391533050991764,0.00855406181364479,-0.8747034291012549,-1.029606783245284,-0.28104416162372714,-0.12069940802980893,-0.0122375823860247,0.14167797039897523,0.28115516327233536,0.2675319775099488,0.13538418020868062,0.07871405440162209,0.39058468006877967,-0.4496046247749173,-0.36568310708196533,-0.803000480332346,0.0,0.022476185618448708,-0.3021340970214621,0.35886531763937424,-0.5584603149386614,0.40347290511264083,-0.2342783372146253,-0.194517756076704,-0.13802750462953628,0.11715714563302239,2.572284116618092,4.897135337007988,3.663677467517794,1.1168777416662141,
2022-03-31,deseasonalized,2022,3,113.563,12019410059.771667,-37630627016.28375,-49714766924.765594,-37990547851.82358,72076087274.02438,-83825471679.27902,11925189725.083008,-5281146701.146851,-6319492668.879272,-1344382054.9496307,3606304981.51022,-85654982.34116614,126133369.03803062,1296287090.6823869,93784594.98576355,8576188308.418081,12019410059.771667,19108679155.179688,-6319492668.879272,-55073106.278222024,-91437455.29674709,2003644904.7552128,-614943256.6345389,-2934898702.554329,-7434161242.702164,-807117601.2563925,9572704417.474518,97430836.60964394,-504864044.63710976,-363880184.0965092,75333625.58290339,-4633352477.927666,146899007.32816076,4093797918.7268095,-13602229103.483444,-6438067977.904938,-313133844.4923248,-82760339.73795259,-800563949.3312473,-112336874.37818062,2694755.079022389,108089632.15365773,620162.5030303001,41917245.4735651,47552549.77307916,235569056.01474762,-5218138572.0021,-7503067083.819092,-1203090959.721171,-2175533554.0080223,203108615.16916275,-37630627016.28375,-30359833445.00061,-7344052403.834656,49714766924.765594,49105523028.27902,893069010.8917847,0.0,-6527061926.797882,-615931482.1678944,6345102306.644768,-201223155.1669581,6166791576.520958,4844080208.327816,1796690304.2571716,-2024051.0194239616,1412656003.466465,2143863635.874876,15135053260.498375,18694244018.799644,3489358476.886204,
2022-03-31,raw,2022,3,113.563,315000000000.0,508000000000.0,193000000000.0,99652387385.0,120000000000.0,-26710414981.0,151000000000.0,10187564701.0,89614938060.0,25740562163.0,4286223262.0,471106517.9,7426068707.0,3614533395.0,8151250444.0,15107301936.0,315000000000.0,226000000000.0,89614938060.0,441257032.4,669150158.7,18600388025.0,897379307.5,61668125343.0,3152145555.0,2466922074.0,139000000000.0,6836077581.0,4384238108.0,824845427.2,3527607628.0,4447303831.0,2670723713.0,11990432714.0,52772616799.0,55289089428.0,22205141733.0,742305139.0,4382929353.0,863437389.8,31369085.2,219973655.5,2617574613.0,1968397576.0,695644741.8,9820467040.0,2155555095.0,107000000000.0,1138772386.0,-7805317775.0,-8498774222.0,508000000000.0,408000000000.0,100000000000.0,-193000000000.0,-182000000000.0,-10582572999.0,,89910144857.0,12033842914.0,56978552051.0,1720221171.0,58698773222.0,37248141161.0,46705195001.0,2541692248.0,7972993601.0,15825036257.0,22336423791.0,46134453649.0,11921958932.0,
2022-03-31,real,2022,3,113.563,359610876782.0505,579943890175.4972,220333013393.44678,113765340955.37903,136994619726.4954,-30493192858.82484,172384896489.1734,11630346267.938025,102306369677.8595,29385987708.886677,4893246048.671239,537825485.5865325,8477762154.819104,4126430232.8061953,9305645457.260057,17246825698.463898,359610876782.0505,258006533818.23303,102306369677.8595,503748661.29399884,763916429.4252547,21234609035.41778,1024467808.1782358,70401678171.75116,3598558180.248232,2816292095.187728,158685434516.52383,7804215405.249297,5005141936.632248,941661546.9366888,4027193879.5178704,5077139142.80026,3048956495.4747405,13688539750.088003,60246371419.59224,63119231510.10881,25349874564.043903,847431751.9860693,5003647833.352746,985718973.9440732,35811632.484516956,251126727.37558004,2988280322.6138616,2247165644.955628,794163223.8968923,11211259564.011517,2460828754.4919558,122153535922.79173,1300047416.4591987,-8910721170.254835,-9702386189.035265,579943890175.4972,465781707070.0844,114162183105.41284,-220333013393.44678,-207775173251.85138,-12081296364.382359,,102643384201.99026,13738097782.098429,65047958923.27558,1963842043.0550969,67011800966.33068,42523291115.583466,53319670236.781746,2901651358.1378436,9102143553.75647,18066206868.21431,25499749027.482418,52668099449.45319,13610368585.701962,
2022-03-31,zscore,2022,3,113.563,-0.2484486660199357,0.14834341722458239,0.315414254280242,-0.23064339252036054,0.8552599581958485,-0.2329237823483682,-0.2525791519162108,-0.596084625314326,0.09079333347189839,-0.2679273963074694,0.01543030950445309,-0.2592229034360256,-0.07518855976192734,1.210657657865253,0.09832885860776548,1.7203178369508458,-0.2484486660199357,-0.28285399661495847,0.09079333347189839,-0.32593931691081,-0.47214952458046866,0.506975606498136,-0.32956843246427175,0.1142982822061331,-0.20301779903584669,-0.4503813362878197,0.3083223858427106,0.009390944504770168,0.159581462590285,-0.6339177341143974,0.28163135218149,-0.3193486319080378,0.09134318567745157,1.468328216390132,-0.33300521337236244,0.5215439045152679,0.01078105482329569,0.12338377780541195,-0.21129949084017888,-0.13203168974406632,0.1206877267207337,1.0296054025827568,0.17205408212920525,0.3539653088758814,0.1561806139166234,0.3525885290561797,-0.12139378063565644,-0.0122375823860247,-0.17919791199455284,0.2970804608445671,0.24411375912112368,0.14834341722458239,0.09250788736640544,0.39058468006877967,-0.315414254280242,-0.2788477734421899,-0.3849548280663672,0.0,0.04668908186185401,-0.22243516950879605,1.2558402594184186,0.513223191289131,1.354242421339693,0.4182136352041883,0.0043159516538418905,-0.14485642633094095,0.6415453540600078,1.1622399609193428,3.148782063946564,2.1692264047914764,1.3277162255434123,
2022-04-30,deseasonalized,2022,4,115.647,244292137332.49915,3369372983.7164307,-240169312379.3112,-126694033708.91452,-99925128930.2485,-14076197180.097229,223168032649.90137,23118042202.944115,-3508825093.6974487,-650413170.6768951,-3561211603.998871,47556610.6042887,-183838039.8710518,803053048.2423892,213641331.62213135,4387747061.327175,244292137332.49915,247835951882.4527,-3508825093.6974487,-34145562.487312615,70743929.59416223,2789271038.2097626,-219548016.03453863,-487453595.2815857,5720161357.843311,-1208223165.4382086,28436050668.929077,-402854494.66307354,1600661036.9992561,-473541384.75741744,-53720698.41709423,-8163782306.38221,-55443750.85365629,301891042.8177233,-10802995905.02887,-14114419553.814041,11908417165.507698,-188598474.1197704,3825762552.1323943,-229428988.31454325,14557631.594476879,-104973915.2772514,-243977216.5515151,26125251.655384302,-14910477.790556788,-558725777.8943405,-6144293131.4439335,-834432495.9099884,131798771.49155855,-2854972477.9625874,-3723804925.0126686,3369372983.7164307,8640166554.999512,-5358191423.925507,240169312379.3112,237939661295.91553,1716792363.0918083,0.0,-5388685813.070572,-494736241.2587986,-276528735.80973816,-253025448.59422994,-506641759.20635223,-2026727.1267318726,22691614534.984444,-70747497.03760338,-65087174.169891834,5302908949.602151,14482188231.95292,19722681125.34511,2812662228.4316616,
2022-04-30,raw,2022,4,115.647,864000000000.0,555000000000.0,-308000000000.0,-40654513197.0,-272000000000.0,4156506669.0,593000000000.0,88530643163.0,110000000000.0,34115460625.0,5108927496.0,594640454.9,6626026108.0,4184483663.0,9162389968.0,12214204980.0,864000000000.0,754000000000.0,110000000000.0,431726663.9,772402564.2,18028243554.0,820723170.2,58163579394.0,15588161998.0,1959521970.0,170000000000.0,6489178718.0,4962520336.0,453889022.6,3294242317.0,3345410507.0,2103783961.0,7918856335.0,60051521582.0,47931569074.0,36210201971.0,519770320.0,7671022834.0,717106958.6,49102440.43,-251059612.1,2042424553.0,1769556310.0,609155191.5,9701409706.0,2542281830.0,113000000000.0,4254082766.0,-11979823008.0,-13549336696.0,555000000000.0,465000000000.0,90082523277.0,308000000000.0,288000000000.0,19739476723.0,,90164318731.0,12084003540.0,46544318463.0,1164754408.0,47709072871.0,38466434552.0,71804618732.0,2728951298.0,3629330903.0,12961946713.0,18800476679.0,35391754294.0,11069401636.0,
2022-04-30,real,2022,4,115.647,968586681885.3925,622182417183.325,-345283215301.7371,-45575717640.21774,-304925436889.84576,4659649308.751407,664782294395.877,99247224428.73828,123315434036.33469,38245116675.648735,5727360105.721859,666621325.3777909,7428102594.946413,4691012901.098151,10271491779.218897,13692727168.340551,968586681885.3925,845271247849.0577,123315434036.33469,483986917.67170256,865901431.410008,20210551625.220573,920071217.7899053,65204245800.70838,17475099660.10971,2196720929.402578,190578398056.1536,7274689910.450144,5563230446.799795,508832016.60224295,3693008374.0155983,3750370442.7310863,2358445747.9035854,8877429145.65367,67320722258.42409,53733656767.29879,40593425205.42915,582688205.5454961,8599595547.975857,803912325.9112263,55046261.39880653,-281450227.59186655,2289658820.3605623,1983760040.1762254,682893062.1391734,10875759533.27,2850023520.9921565,126678582237.32562,4769036933.779829,-13429973399.181715,-15189475777.924335,622182417183.325,521287971153.5966,100986958699.92252,345283215301.7371,322862227295.1308,22128928543.153366,,101078655444.57896,13546764922.106407,52178480301.72937,1305747230.6204915,53484227532.34986,43122773387.36492,80496524770.45552,3059289216.1535354,4068659232.4084315,14530982589.72215,21076263106.917027,39675904927.92656,12409346066.053211,
2022-04-30,zscore,2022,4,115.647,3.811297146007393,0.45288548709827386,-2.4858097297961046,-0.9210686599357087,-1.8060435065686422,0.08383841887338245,4.4318586099105515,1.8921448749130325,1.1434827842360846,1.1773635181200501,0.20725694990467416,0.5949104783358262,-0.32526529410665245,1.715598284516293,0.23394837272687657,1.0571281801738703,3.811297146007393,4.021292362719163,1.1434827842360846,-0.41357585915872996,0.5388034136023395,0.3976335037804344,-0.4267518038730626,-0.17159471832501108,0.03170434277648033,-0.9462315750985034,1.0404092296848129,-0.10047172694275522,0.2892265120195867,-1.1456360994546244,0.027685512478681805,-0.3768145751673223,-0.5144320149932968,-0.24838846822167052,-0.12452753131703048,0.38692265609041326,1.287540638112759,-0.499754652379013,0.5899944247826328,-0.22650139889526255,0.276285299889214,-0.6959641226104136,-0.007837545551723194,-0.2217624905468513,-0.47670765786988545,0.26050590529668166,-0.11321569164349729,0.2639208444392354,0.2152731322456213,0.09431355202950012,-0.26791808835348757,0.45288548709827386,0.4856321268627308,-0.02099889992807522,2.4858097297961046,2.4419926806041077,1.1000948751547783,0.0,0.059234975529976815,-0.18128997391277493,0.2607261699417065,-1.0017837015342743,0.2878472913983465,0.5053505277870795,1.0400768407517955,-0.07659570792865517,-0.714561514654496,0.8541220371055276,2.5626187968906655,1.438464547381825,1.0133751594939204,
2022-05-31,deseasonalized,2022,5,115.647,70063757039.09705,-82917958408.20746,-152656244851.56015,-90448590569.20181,-46209270088.40555,-16018842757.901802,66624693059.56848,-6376162418.607731,-3896370548.2429047,-696594503.8914452,5524177012.382038,7066813.359742999,637621770.3571291,633833742.1205692,1013082868.4612217,6720660814.337174,70063757039.09705,74211611867.32343,-3896370548.2429047,66818556.759050846,-72383781.72674704,2979104525.8879414,158723567.08727908,-6661768454.719757,3585571379.520603,-2118834951.1300273,-50289509601.98004,568344409.5705595,2452770820.7310743,-92757610.04014492,-24511180.219822884,-6783047340.520403,277808128.3399811,-64074567.82864189,2197305974.2592773,17302202831.952286,-13923071119.698677,-108446742.34067976,-7637375941.549423,-412534280.3345432,4507104.198113225,-188901981.9463424,2021422492.1939392,-81939677.24279737,-57871353.046920896,-698488746.5579777,-6094905264.956671,-10424463003.256332,47509137.51610756,-6600989001.571662,-1615998534.2199402,-82917958408.20746,-76532208815.44604,-6190857856.403748,152656244851.56015,150662075531.6864,2022282300.3881378,0.0,-5447702213.045166,-457695190.4760704,3734017650.8865967,-229116230.05968523,3691207328.3448715,-18608569421.901287,-39704964484.59829,504000102.2187605,-535091472.3853464,-275064042.21059704,1619550459.503827,812066063.8496513,3149856405.0280266,
2022-05-31,raw,2022,5,115.647,389000000000.0,455000000000.0,66222561210.0,50179519712.0,69000071990.0,-52957030494.0,217000000000.0,7707517847.0,85282000000.0,25271634010.0,20417112836.0,557410187.0,8046011081.0,3172978643.0,8095390673.0,13561430335.0,389000000000.0,304000000000.0,85282000000.0,556466403.8,680538912.5,18532887578.0,1202959510.0,54303436826.0,11702374712.0,951977867.0,90600991284.0,7242873888.0,5174685713.0,1181478869.0,3843792871.0,8244348534.0,2746720528.0,8648476941.0,72759529651.0,54759474232.0,10863789062.0,682987059.0,-2512722406.0,560356905.8,37265892.08,-208823110.2,5493955142.0,1740217111.0,564251892.4,9101483605.0,2531841151.0,104000000000.0,4352313284.0,-14272963047.0,-10439892061.0,455000000000.0,354000000000.0,101000000000.0,-66222561210.0,-50188070853.0,-16034490356.0,,90326345428.0,12073589422.0,52072615948.0,1413203168.0,53485819116.0,12041658990.0,15972634324.0,3344195157.0,5772747341.0,2130287619.0,2931557680.0,10834592640.0,11782480824.0,
2022-05-31,real,2022,5,115.647,436088216728.4927,510077477150.29346,74238762532.8081,56253720482.00084,77352489327.13809,-59367447278.57292,243267719871.67844,8640508260.414553,95605334958.96996,28330750152.277702,22888592101.27418,624884355.8743589,9019975897.406122,3557065804.9960475,9075332859.406277,15203033344.673098,436088216728.4927,340799017700.41583,95605334958.96996,623826328.283957,762917739.7595699,20776282505.70605,1348577037.30715,60876835289.66246,13118940153.328247,1067214216.9280827,101568186948.26033,8119619428.810499,5801078315.4565,1324496177.5953891,4309081693.028491,9242321980.154814,3079209400.789367,9695369888.47861,81567027083.56935,61388075750.18695,12178844213.270138,765662232.9253157,-2816885946.4428473,628187773.218041,41776905.969058245,-234101022.46482134,6158995117.380753,1950869348.7311037,632554245.6102656,10203212737.501446,2838319004.0601654,116589137634.3528,4879158197.077866,-16000696664.7761,-11703634734.497269,510077477150.29346,396851487716.93164,113225989433.36185,-74238762532.8081,-56263306733.49103,-17975455798.196026,,101260295376.08832,13535090181.367538,58375974882.136215,1584270564.0313017,59960245446.16752,13499294589.721651,17906112130.615612,3749007975.342395,6471534944.886472,2388157657.811045,3286420979.1977305,12146113581.895248,13208743062.14864,
2022-05-31,zscore,2022,5,115.647,0.29876661647555125,-0.19507636369681433,-0.3934320574529296,-0.4740905626256719,0.5090194349413776,-0.5022715261496625,0.44690702971402974,-0.6748526015697145,-0.1329606193000812,-0.3488522698597069,3.776605013325624,0.33749445648833176,0.11859257709955648,0.8194675037523251,0.09083664331797446,1.3659549959951405,0.29876661647555125,0.35298580646849137,-0.1329606193000812,0.7334689257035651,-0.36064128358020864,0.4940756464645018,0.057841047855721237,-0.48649649370576137,-0.041637496113610735,-1.9308411172456332,-0.8346543088664131,0.13822310219912293,0.3367918520153914,-0.14195727838284283,0.6257010285665611,-0.12132514750804985,0.1725457926468121,0.059244681979580834,0.23944701495717582,0.511853484993488,-1.0231438597497708,-0.04271775820974142,-1.8917394876555973,-0.32769792907709033,0.17242801095183,-0.5412361542425942,1.0717093393877024,-0.3067116201560725,-0.805288061702922,-0.20349549290265673,-0.11343648010799424,-0.15031679579865476,0.2277114097477536,-0.017070406364520185,0.04732099427845379,-0.19507636369681433,-0.2799256026827449,0.43208551657110644,0.3934320574529296,0.4842144162366226,-0.6519673924288873,0.0,0.06723253121880088,-0.18983234980078806,0.7879605539283737,-0.32415254700662177,0.8483988866030702,-1.384648093795364,-1.2639037777000044,0.1476764316978922,-0.04537931608605291,-0.3115517080612465,-0.06801370706610078,-0.23201290618609297,1.2762901250748684,
2022-06-30,deseasonalized,2022,6,115.647,42313820826.25336,-31818514030.381104,-74820305949.61755,-206356195936.4036,152281783801.20245,-20603048791.001747,7622048178.928497,20354364319.941406,-2047842717.9837646,6139253427.0203705,203818877.88020515,-42923930.42752963,515266658.02440166,468518884.93511534,2754355134.24304,5937144040.984447,42313820826.25336,43398727524.12982,-2047842717.9837646,-58448736.88094902,-37097013.13401973,6327022859.572493,-333746920.7963573,-3560410202.351555,19659605150.43335,-1919931608.0291176,4733744804.60083,-224469923.30580235,-21822830563.62892,398430497.0934918,-28603696.762551785,-13951333943.783142,-200560540.3636546,534875369.61226654,-23248191528.252533,50902078223.27498,-1484887748.1705017,-300184530.48249793,296620322.9869423,-259800015.51727033,81955159.1553859,116760187.39911208,1765649355.5893917,94275728.65447569,-1624369.8087391853,305658961.0720215,-50981559453.71846,-6285331240.499039,711336578.7451935,6742735821.909203,-485718126.46450424,-31818514030.381104,-30317408946.161377,-2362827932.2255707,74820305949.61755,74731403500.29916,557388434.4690742,0.0,-5758367260.555145,-488943909.3660698,3735496819.2020416,651236154.950315,5244997442.444878,8959016966.522362,5226202554.64444,491188674.2114897,708305325.9392014,-305721984.5296755,482705669.52292204,887960130.0105724,2249120625.025301,
2022-06-30,raw,2022,6,115.647,461000000000.0,550000000000.0,88841512926.0,3263008074.0,71834605386.0,13743899458.0,201000000000.0,82555447609.0,106000000000.0,38071460153.0,1616243457.0,515057717.7,7650886441.0,2399050979.0,8363581565.0,12461553060.0,461000000000.0,354000000000.0,106000000000.0,437882538.6,691860420.0,23096860981.0,903007191.9,60214458427.0,52748328091.0,1172908073.0,137000000000.0,7059024329.0,-18540161056.0,1824468824.0,3323530652.0,3415600773.0,2030897294.0,10428681872.0,97855383653.0,76827265807.0,21536796951.0,403193794.6,4901191538.0,873330196.2,35065930.65,118455336.9,3865560182.0,2074236213.0,707281492.4,9452985814.0,-1144648719.0,113000000000.0,-3827333329.0,-53570545907.0,-9189734038.0,550000000000.0,476000000000.0,73690125171.0,-88841512926.0,-121000000000.0,32622940531.0,,90556112214.0,11967995223.0,51282162410.0,2286133262.0,53568295672.0,43251695300.0,55363130286.0,3549064804.0,7767950701.0,757574491.8,1142043829.0,9667569022.0,11067427940.0,
2022-06-30,real,2022,6,115.647,516803773552.2753,616577170181.6735,99595724790.13025,3657993244.630677,80530141290.94014,15407590245.591045,225330929466.39337,92548735036.0702,118831236435.01343,42679987574.220146,1811888758.2576458,577405145.5630858,8577021656.6783905,2689454661.369806,9375988098.05693,13970016585.097406,516803773552.2753,396851487716.93164,118831236435.01343,490887957.31264615,775609708.9532801,25892722152.262707,1012315670.973457,67503382510.80305,59133481574.84228,1314887891.8792357,153583767845.2532,7913514990.942556,-20784436433.856266,2045319681.0665555,3725842044.4040217,3829057198.3394113,2276736193.57116,11691067558.84123,109700719163.28859,86127160261.9551,24143813306.95431,452000161.65323436,5494477834.578916,979046292.7403667,39310640.52720692,132794284.39767048,4333483923.971845,2325321262.727074,792897492.9197505,10597264078.115677,-1283207760.0238135,126678582237.32562,-4290629733.3396792,-60055228364.40998,-10302145832.494987,616577170181.6735,533619514557.2301,82610270633.21542,-99595724790.13025,-135646977439.96815,36571927919.289085,,101517875293.74944,13416713867.900229,57489837417.37234,2562868322.4402876,60052705739.81262,48487287079.33452,62064804007.52942,3978676970.257628,8708256475.151503,849278429.7379333,1280287549.6513872,10837822454.765034,12407133455.335978,
2022-06-30,zscore,2022,6,115.647,0.8311922967414305,0.4204873945585194,-0.26696349449579576,-0.7049583600005436,0.5282631939917997,0.18222606109624007,0.27733462204609266,1.7023685967916455,0.9369218321305477,1.8600667414774052,-0.6071181529477134,0.044662715607301305,-0.004915195803840063,0.13381554149597008,0.12680785955559726,1.1138282115846545,0.8311922967414305,0.7605754238296771,0.9369218321305477,-0.3569694883537127,-0.24979145672766426,1.3662931962722746,-0.32243349455642417,-0.004288605349637601,0.733079563324729,-1.714939909220667,0.26109097656257496,0.07999805204613515,-4.979837870825272,0.7450196402595968,0.059556791004187024,-0.3731540122476126,-0.5923114284096046,0.8098403291196937,0.9582262307198594,0.9156299625116077,-0.050148037294759015,-0.8261903686437595,-0.08500127640754486,-0.125644976224308,0.15312491488610824,0.657706157084516,0.5623907454509819,0.6604119876749965,0.2413326692909319,0.06836718514101128,-0.19118300915422537,0.2639208444392354,-0.8080228662526088,-1.9258593419816377,0.1740634562214951,0.4204873945585194,0.5614982081690392,-0.7012971336062329,0.26696349449579576,0.07428258335956361,1.7310741222684463,0.0,0.0785737033867253,-0.2764479748063487,0.7125749066638594,2.0567191764793487,0.8564020709341817,0.8476102452409693,0.3615970926335222,0.22235666361748538,0.5775302349304373,-0.4592793680749543,-0.36466613203708326,-0.3113985725394647,1.0126474503914256,
2022-07-31,deseasonalized,2022,7,116.98,-50981487718.027405,-43386786123.30835,7730305049.008911,-137945848421.46722,125149206501.81711,20585258344.119102,-35457503116.1951,-11205675029.711376,-3929734184.6065674,-718924982.2187119,-935891049.0116081,-59502058.01116598,-1447108125.365594,564867190.686024,879053238.9830475,1422293619.7617188,-50981487718.027405,-47297218622.619446,-3929734184.6065674,-23532697.237312555,-3683124.8558377028,3307133272.4897785,-280819243.0236299,-2510241624.2061005,-6709997795.811195,-2266012480.9091177,-3926452867.2318726,-1287607921.7539825,2930799836.948351,-541972714.971962,-138471510.30527592,-13406775031.139507,-795380165.560926,-1572219864.2122765,283544305.2219696,1416993796.5149803,-3817069980.46595,-87829840.4488616,-1892286861.2639656,-284626417.8309053,4621801.358113207,-198309494.65634257,1349970516.7984855,-18943781.45188713,32977411.42944312,-192596163.29252052,-2947683965.1594234,-6354684664.947205,1721845639.5024762,-5391941350.584376,863018532.68367,-43386786123.30835,-36287942687.60327,-6777254926.074631,-7730305049.008911,-10889993866.280884,2798853347.604492,0.0,-5501709243.091522,-463988269.8006115,3608998061.726593,-901716057.7887758,2515152165.2448883,-3574412075.0322,-6128076362.242836,-320319366.5066905,47012987.76102066,-181104630.08059144,-565588270.1225305,-697008793.2912369,1930962458.287117,
2022-07-31,raw,2022,7,116.98,269000000000.0,480000000000.0,211000000000.0,36706787706.0,163000000000.0,11212286176.0,128000000000.0,8235124088.0,80014000000.0,24780235111.0,3024722535.0,487271017.4,6460870590.0,2630073763.0,8530321539.0,7160840247.0,269000000000.0,189000000000.0,80014000000.0,485159724.7,747839352.0,18727083193.0,829388482.3,58851663800.0,9635263274.0,602333856.2,139000000000.0,5368920227.0,4658581216.0,1174887795.0,3054818152.0,2977531361.0,1930692358.0,8314779037.0,68524604178.0,20426823744.0,21235866252.0,730005600.9,3867017050.0,664325553.4,35657613.11,-342597434.6,3346249895.0,1759697259.0,833989955.7,9947512940.0,413723255.1,108000000000.0,4802842972.0,-11759228713.0,-8206351255.0,480000000000.0,391000000000.0,89358842611.0,-211000000000.0,-202000000000.0,-9344842611.0,,90680852496.0,11996702254.0,51481562798.0,600151466.1,52081714264.0,30467201743.0,50105961488.0,2081071802.0,6228969926.0,1006480552.0,1526059525.0,8761510003.0,10805323818.0,
2022-07-31,real,2022,7,116.98,298125953154.3853,531971961018.9775,233846007864.5922,40681212163.89191,180648811762.69443,12426295551.151442,141859189605.06067,9126781479.849955,88677509352.02597,27463313055.229145,3352224121.8380055,540030247.2374798,7160420828.441955,2914844786.0993156,9453941410.883858,7936179643.208769,298125953154.3853,209463959651.22238,88677509352.02597,537690354.4918463,828811597.1054195,20754756604.886967,919190452.8660094,65223822918.574104,10678520622.508152,667551505.5642433,154050213711.74557,5950239628.565925,5162988718.83686,1302098675.5904424,3385578339.3246017,3299923327.305573,2139737916.2700286,9215061061.984116,75944100130.45808,22638536426.009773,23535177945.860756,809046898.0533543,4285718007.0465026,736255348.7441988,39518438.27371396,-379692144.00881857,3708564830.63062,1950228336.8123949,924290150.4247067,11024579095.736362,458519106.9472952,119693691229.26993,5322870404.752195,-13032458246.92766,-9094893270.693535,531971961018.9775,433335493246.70874,99034164037.833,-233846007864.5922,-223871533595.48636,-10356654685.807024,,100499314435.77032,13295644216.294098,57055724829.11187,665132817.3533988,57720857646.35444,33766035537.467747,55531180398.98484,2306399682.3567443,6903411138.880115,1115457152.0310478,1691293496.1373734,9710161787.048536,11975269376.888594,
2022-07-31,zscore,2022,7,116.98,-0.588609517300914,-0.03308590099804229,0.4160570321512485,-0.5403874771713789,1.147188654585831,0.1562461656942462,-0.49633948793887034,-0.6580954682130385,-0.40500139322307344,-0.43365501311765686,-0.27870874596909206,-0.14745897072347547,-0.3768894859335323,0.3384874152946641,0.14917192872842214,-0.10126342363905834,-0.588609517300914,-0.5844703134622359,-0.40500139322307344,0.07776806843807563,0.29830294850859557,0.5311882254701936,-0.4157660658245661,-0.11546233532510708,-0.08065294984157902,-2.2725262388827097,0.3083223858427106,-0.4552569501305106,0.2210864234469556,-0.15104938077356259,-0.2328535126469021,-0.39600020926624535,-0.6993804158980661,-0.08145383527566614,0.11815301914201991,-0.11633428045604993,-0.07758213235218342,0.08894280853117204,-0.3370250493675255,-0.2605766350368167,0.15831650743406603,-1.031301109981498,0.39996431225217444,-0.25030852553652233,1.168523296141276,0.4508497567927827,-0.15822820274013935,0.03378882208485198,0.28475898922089743,0.10502840823468551,0.27375993671180154,-0.03308590099804229,-0.024739692834252997,-0.05103225292763619,-0.4160570321512485,-0.3946282182952238,-0.3243358672039168,0.0,0.08473082051869163,-0.25290049345162957,0.7315917452148121,-2.5417090502033766,0.7121503513130641,-0.06678447283968793,0.1446530748460048,-0.31276437286138253,0.09705498975128918,-0.43249277362343946,-0.3010068385470327,-0.37303237143555296,0.9160086795873974,
2022-08-31,deseasonalized,2022,8,116.98,11016434074.187866,35384855882.00708,25326925840.38159,62419714122.56909,-74528124633.15198,36961860189.09729,3052719996.3501587,245303411.3240776,137174906.3025055,1108127628.1721954,3979667719.229288,-84262210.90934765,502925591.81895256,125745993.01511574,-1321956386.7796803,2999637279.80262,11016434074.187866,11082703169.596039,137174906.3025055,-6356629.3745853305,-2451923.999474287,4461019436.764322,-792278490.0599931,-3902185494.162468,49171821962.00154,-2598240920.72548,-1016875758.2627563,-231330976.69761658,68348240.70108128,95497170.90894699,111024241.50381231,-7145036261.420431,1902221791.92453,1928039777.9795418,14778785067.06192,-21431908.313224792,-5077144732.5205,155192932.15022957,-3263766894.6821413,-515955909.6518141,7889865.4681131765,-83783374.05361545,4181282083.121211,223650329.03811264,77532956.59307921,520424952.7456627,1210063751.0841699,-8346195198.652695,-481608687.2638807,-9674523022.372526,-61424630.378147125,35384855882.00708,44155473633.06659,-8954363049.883728,-25326925840.38159,-33337242650.099,8798991415.86811,0.0,-7206921204.948822,-1074296370.620613,4195617013.5075073,-290216781.0196848,3625770318.7448883,-4646272714.471291,-7095984004.734657,-198458614.22396183,23415652.955568314,-48481835.60331476,-817893648.113431,-840288711.5339432,3849617875.858938,
2022-08-31,raw,2022,8,116.98,304000000000.0,523000000000.0,220000000000.0,308000000000.0,-50638266495.0,-38046628461.0,141000000000.0,4635779226.0,86178000000.0,27334711224.0,8873463717.0,486618597.4,8552123680.0,2426342484.0,8455571829.0,15848134474.0,304000000000.0,218000000000.0,86178000000.0,479381232.0,732255187.2,19577353162.0,933901414.9,59329029738.0,33543838825.0,376894687.1,137000000000.0,6825977469.0,4712854181.0,1139486788.0,3641908890.0,4518397803.0,4556284990.0,12674992737.0,88132063086.0,18028463072.0,22270485363.0,931391980.7,1466415289.0,788569478.4,43684544.48,-101651534.0,5499935318.0,2220533492.0,982731488.6,9956882123.0,386575749.6,109000000000.0,2550804081.0,-19471219845.0,-9310632827.0,523000000000.0,422000000000.0,101000000000.0,-220000000000.0,-204000000000.0,-15097964532.0,,91056589585.0,11955963838.0,51393724366.0,1369785495.0,52763509861.0,28247136811.0,45527910183.0,2810799133.0,6235886904.0,752865030.8,1213779242.0,8202531177.0,12905315505.0,
2022-08-31,real,2022,8,116.98,336915575312.0191,579627782526.9276,243820482133.69803,341348674987.17725,-56121120687.38903,-42166124067.830444,156266763549.32465,5137717845.22137,95508915951.44467,30294374861.91403,9834237280.340073,539307186.5149632,9478104176.93007,2689054519.410702,9371098182.104067,17564089947.138004,336915575312.0191,241603932296.11896,95508915951.44467,531286195.96402794,811540058.1272968,21697089485.729626,1035019514.7557306,65752875614.74394,37175795249.666176,417702928.7379603,151833663874.1665,7565059625.11518,5223138084.714703,1262864627.4324498,4036236279.303641,5007626958.178645,5049616377.274234,14047376546.25664,97674555059.39095,19980493447.020958,24681820357.082386,1032238371.771518,1625191285.3282096,873951774.6336671,48414484.98592989,-112657845.5886818,6095440367.904153,2460961575.5157456,1089136660.7200854,11034962726.264812,428432207.4939442,120801966148.05948,2826992185.718293,-21579464592.450584,-10318740840.222616,579627782526.9276,467692015729.1844,111935766797.74318,-243820482133.69803,-226088083433.06543,-16732695415.589602,,100915734427.56802,13250494851.610085,56958375698.02047,1518098908.23021,58476474606.25068,31305593255.24795,50457440960.721634,3115138180.8592744,6911077052.111334,834381430.8693517,1345201090.8559752,9090659574.058315,14302637493.257221,
2022-08-31,zscore,2022,8,116.98,-0.3297914782827783,0.24553769484384563,0.4663784210867517,0.7945980999391707,-0.30320996487698315,-0.3492581540152779,-0.35856190670867144,-0.7724131111106717,-0.08669096602844092,0.007181509736060512,1.0850187336605774,-0.1519699068635225,0.2767928855916814,0.157994124103374,0.13914609242183498,1.8901401706222085,-0.3297914782827783,-0.3480683353927482,-0.08669096602844092,0.024631915346739648,0.14571708750717757,0.6936826844757671,-0.2832663142895024,-0.07651989246596107,0.37060667069160014,-2.492833773221562,0.26109097656257496,0.006192244812752992,0.23325387540970166,-0.19988354351829699,0.40601286301229506,-0.31564093891086237,2.1060656617822273,1.7569622744821412,0.6797371730770928,-0.1602173133670199,0.016738052107966767,0.6528617185382233,-0.9220411372731805,-0.18036579056448085,0.22874711827803235,-0.14862692984555778,1.073579779242057,1.0840031878044685,2.2569411613450123,0.458096172650901,-0.1588022895456304,0.07981522655572867,-0.00040172500695866777,-0.26956367282999016,0.1618065975829194,0.24553769484384563,0.18906471811988887,0.43208551657110644,-0.4663784210867517,-0.40620626278052724,-0.6061001964529814,0.0,0.10327701290101332,-0.28631694432670585,0.7232145835820432,-0.4425720065438482,0.7783089799411954,-0.22557180677403701,-0.04426626214045944,-0.04676007639697886,0.09921449476554044,-0.45978618748220723,-0.3527743636605193,-0.411056371888503,1.6902834745879796,
2022-09-30,deseasonalized,2022,9,116.98,28265478726.019836,413217695839.2093,385576085287.4877,-149298845425.3994,136280449884.60022,397917766467.6815,6259811541.942139,28678426112.56151,-103969267.37371826,1572779543.75729,-855239854.6219864,44727753.29734063,-2735629750.533886,1069636688.4644823,-1440877034.5849895,-3995660264.682024,28265478726.019836,28090291460.041504,-103969267.37371826,-43760188.77006137,84812407.55669498,2114093082.2782402,-461675758.8536291,8647815643.904724,388206040337.2195,-2142723086.8573203,41276679360.538635,-3279706361.0764503,-623633205.8336716,-284191048.6288576,-225627409.83474636,-5055847634.452472,-204150123.06231117,-1181196170.5916252,-19227319513.697968,7312763029.49696,11002661351.870571,74411633.34761518,5629054239.208576,-226672156.20908797,24714187.028169446,160311394.45603213,1320907240.179081,132433266.4194336,-11209579.042201877,-1448046337.5688152,149031190.28787884,1489897642.7347565,-1917747672.2635775,2059520571.7752247,-19965021758.791702,413217695839.2093,417832977105.2253,-4716746753.697708,-385576085287.4877,-389665570378.0811,4556989403.919504,0.0,-3143718360.406143,98642646.8390255,2958712485.7397842,-326957964.32316875,2666123158.844902,21864367893.909798,29780557832.0129,-3088758281.697321,325150082.78152084,40468883.00155246,-1073515277.6529938,-703889634.0460033,2863478039.129286,
2022-09-30,raw,2022,9,116.98,488000000000.0,917000000000.0,430000000000.0,22310464438.0,33917602444.0,373000000000.0,228000000000.0,106000000000.0,93530642460.0,32327043390.0,399538040.0,626447328.3,11678235221.0,3462429305.0,8741053578.0,3290231544.0,488000000000.0,394000000000.0,93530642460.0,506722299.9,871335765.3,15862284445.0,710373145.0,77310173979.0,446000000000.0,1558443243.0,175000000000.0,7278958622.0,2282932747.0,1501624175.0,3500298669.0,671831390.7,4205876971.0,11659152303.0,39999275279.0,-17081862534.0,35715430962.0,475819587.7,11464414416.0,948837939.9,44576429.53,-71237641.25,3490543414.0,2266811108.0,835094721.4,8315321329.0,222372929.8,113000000000.0,2054934130.0,-1238117397.0,-32228610635.0,917000000000.0,817000000000.0,100000000000.0,-430000000000.0,-423000000000.0,-6473857064.0,,91127193722.0,11903210146.0,51414140639.0,1473810662.0,52887951301.0,56772259692.0,80512914597.0,2925019113.0,9006341590.0,561657038.0,942645783.4,10510644411.0,11856420223.0,
2022-09-30,real,2022,9,116.98,540838160369.29376,1016288100530.0049,476558215079.5007,24726128163.18129,37590028094.15988,413386544708.4971,252686681484.0143,117477141391.69086,103657665176.68967,35827251387.75807,442797988.83433056,694275861.8976045,12942695191.158878,3837323556.813386,9687490444.292936,3646481097.225371,540838160369.29376,436660318003.07733,103657665176.68967,561587615.7705196,965679574.526276,17579772005.098904,787288739.5851426,85680926788.18115,494290613780.13324,1727183558.5739267,193948110788.16888,8067087275.669446,2530117104.783398,1664212410.6005297,3879293223.1250973,744573879.9683039,4661267958.473806,12921546071.762161,44330193561.47404,-18931399812.642876,39582516348.94385,527338914.9166882,12705722955.86199,1051573290.7871035,49402938.81728824,-78950891.07110187,3868481718.6822014,2512249896.629919,925514534.5411556,9215662070.606375,246450340.7150863,125235065823.21762,2277431956.0435967,-1372174457.6120872,-35718160834.204216,1016288100530.0049,905460608651.0513,110827491878.95364,-476558215079.5007,-468800290647.97394,-7174813411.859667,,100993983221.7679,13192029257.892937,56981002541.32153,1633387391.739203,58614389933.06073,62919271499.64977,89230443886.49905,3241725319.917917,9981502494.248074,622470408.1770216,1044710679.0449339,11648683581.02672,13140173159.779942,
2022-09-30,zscore,2022,9,116.98,1.0308519268411351,2.798507386976493,1.6405441629151605,-0.6112292198146617,0.2708431651575395,3.8689802667922417,0.5634880599857365,2.446983539478732,0.2930012407288585,0.868728948676707,-0.8908124659878721,0.8148282839241896,1.253950559880268,1.0759028576082135,0.1774364521301496,-0.9885298016071198,1.0308519268411351,1.0866471177186257,0.2930012407288585,0.27604681626285804,1.5074666602506275,-0.016301324541308778,-0.5666517239800603,1.3903415369039847,8.1554623757659,-1.3381806129426796,1.1584877528851518,0.14965111681245807,-0.31151002907648245,0.2996693672989251,0.25191401118103357,-0.5162470796122842,1.7316546467183827,1.3286489973579116,-0.698850998085759,-0.8026342742814659,1.242435253591774,-0.6228247878928532,1.5144272646016999,-0.07689780499337906,0.23657277493044518,-0.03720956278930888,0.4450954837532588,1.2179960483317709,1.1766074317643278,-0.8115377078813548,-0.16227467754354805,0.2639208444392354,-0.06319044058216051,0.6160669864068405,-2.1616444195705378,2.798507386976493,2.9133467286645995,0.39058468006877967,-1.6405441629151605,-1.674002133921249,-0.183726763478612,0.0,0.10676199733860181,-0.3295891510123293,0.7251616859490314,-0.15884873896085905,0.7903842632829121,1.8146514980205855,1.3994361776165813,-0.005123969139707641,0.964160253762153,-0.4803634725627967,-0.3977208713053263,-0.25404917488409257,1.3035518582320011,
2022-10-31,deseasonalized,2023,10,118.172,-5434521273.979492,-83382304160.7909,-76987438351.01309,-144256397488.99963,61426948591.59993,5651960624.261299,3759811541.942627,-2174383068.4384556,-3385564913.273712,268643177.75730515,685267961.6380525,-16099446.26265943,-1716499397.833887,85318133.86448479,-2344296667.0849857,-1338261970.0820112,-5434521273.979492,-2109708539.9578857,-3385564913.273712,137091614.38993835,-77753403.30330527,1606105155.178234,42576086.766370535,-4514802189.295288,2555099710.619423,-2664711339.3973207,-41737639407.16138,62749111.02354908,208749000.94432926,-134501201.95885968,681449778.9652543,-2537534868.052479,36424058.637687206,85708202.90837097,-11743502146.098038,4415669306.396994,-12589782009.229427,-385473305.6123852,-4950278348.32143,-348983025.6190877,17631167.04516959,-401132580.10196817,1354137185.113082,-120308947.48056722,-21116695.562202334,49466146.03118324,201460156.4808196,-9134658427.565262,88548619.07643795,-3821467832.4447126,976143786.8082962,-83382304160.7909,-75667022894.7749,-7124082226.697693,76987438351.01309,73481615162.6196,3722807819.9194946,0.0,-4835504834.406174,-432716383.6609745,496740025.0397644,-20951887.023170233,510156775.34490204,-14794845572.290207,-29741826769.587112,-478599349.89732075,-1203552699.0184917,342602374.3423996,-395594086.13299894,-1164390806.54603,3952922837.429289,
2022-10-31,raw,2023,10,118.172,319000000000.0,406000000000.0,87797836311.0,43243670869.0,39523860953.0,5030304485.0,175000000000.0,14629957119.0,75873000000.0,27862430781.0,3741007301.0,543148594.1,5812154793.0,2805666262.0,8163250209.0,3796550047.0,319000000000.0,243000000000.0,75873000000.0,683995977.7,667078398.1,25900597468.0,1039128531.0,73110438882.0,14970218551.0,946733275.4,87490408551.0,8276152454.0,4901552030.0,1278784804.0,3674298506.0,-1505729562.0,2651464215.0,8750533150.0,47574370568.0,20046099007.0,11407751749.0,504724762.8,-127029493.8,770037459.5,42035459.7,-283593934.9,3588983536.0,1715341015.0,691088958.7,10602715306.0,289845971.9,105000000000.0,6278082019.0,-4135662867.0,-30046969871.0,406000000000.0,316000000000.0,90504777315.0,-87797836311.0,-73166058996.0,-14631777315.0,,92089410169.0,12026176008.0,46869513887.0,1385840995.0,48255354882.0,14140214311.0,17796651365.0,3688883504.0,5667270717.0,1026876343.0,1728131782.0,8422278842.0,13405686223.0,
2022-10-31,real,2023,10,118.172,349973547033.1381,445420878042.1758,96322633841.99222,47442447902.06118,43361460219.95598,5518725715.586687,191991757776.7999,16050463905.577242,83239946501.70937,30567754637.592033,4104243243.2847543,595886018.9443235,6376490372.450986,3078084556.4368205,8955867181.701366,4165178954.3492703,349973547033.1381,266594269370.0707,83239946501.70937,750409086.1193362,731848881.2922909,28415435630.57516,1140023504.129794,80209152415.93416,16423763279.48199,1038657061.0847611,95985356150.38203,9079731755.841349,5377471943.28081,1402949384.7898316,4031057307.2206273,-1651929516.2564058,2908910144.686474,9600172805.44376,52193640174.14385,21992490199.552532,12515396060.410706,553731396.591145,-139363518.88090917,844804830.8764936,46116924.55290762,-311129703.178802,3937458615.4779134,1881893352.3228006,758190765.4911501,11632193993.176691,317988786.45489115,115195054666.07994,6887657155.969891,-4537218190.900399,-32964403207.999065,445420878042.1758,346682259756.9644,99292407336.59825,-96322633841.99222,-80270173007.10333,-16052460834.88889,,101030901319.85727,13193866692.05199,51420344898.91008,1520400277.8811393,52940745176.791214,15513169148.05458,19524630732.041344,4047058446.6674337,6217538667.164658,1126581680.6398976,1895926048.5493348,9240046396.35389,14707321498.045712,
2022-10-31,zscore,2023,10,118.172,-0.21886946156072018,-0.5125776705864076,-0.2727989674809407,-0.5082206394238693,0.30890427534725146,0.09280549770156608,0.0017794595856948786,-0.4549912181741471,-0.6188436188903306,0.09825225937660888,-0.11169550530107514,0.23888752410237205,-0.5796645984517541,0.4940514907207715,0.09993833213759608,-0.8724655288463966,-0.21886946156072018,-0.1442735267121553,-0.6188436188903306,1.9061676404433558,-0.49243430589514126,1.9021131831701679,-0.14986113283350613,1.0477365644510224,0.020041041263207136,-1.9359663270688547,-0.908112911947436,0.4654618329015299,0.2755580320589838,-0.007727936663310803,0.44125892506635717,-0.6298112436070664,0.07076440949424988,0.10227509095389549,-0.4818900191638583,-0.12330043711415552,-0.9735539571162413,-0.5418849802844989,-1.3103566206122481,-0.19232990781002252,0.21427757281474685,-0.8151494112260608,0.4758849333374059,-0.378738218539874,0.122843619068205,0.9576035276668302,-0.16084782883378532,-0.10429039132777806,0.4715587030182653,0.4753254361367561,-1.9404671632416732,-0.5125776705864076,-0.5420084290136284,-0.0034750041345899254,0.2727989674809407,0.35119433178540865,-0.5832682574977122,0.0,0.15425651374897417,-0.22872409315552858,0.2917400959312416,-0.3987814599477665,0.3408562413695763,-1.2345515809716876,-1.1886333040682693,0.2733241597575848,-0.07830949143347973,-0.43029783396790894,-0.2675087882106737,-0.39610824697778463,1.8747720311389864,
2022-11-30,deseasonalized,2023,11,118.172,-29834521273.98004,-10082304160.790771,19891485976.487427,4369433451.50058,22902142642.25007,-7641826964.918533,-18197485013.457764,-2336409368.588484,-3298464913.2737427,451949257.85728073,-935041285.7619777,-51600813.642659485,225478057.86611557,399033712.26448345,-3004064916.184992,-2690637000.7820177,-29834521273.98004,-26809708539.958344,-3298464913.2737427,-44610987.5100615,-45093898.88330543,5024778608.078239,-744539655.71363,-3984897140.7952957,12856504641.019487,-1309036269.9573216,6388863978.838593,-876366652.9764538,23293251.4443264,-55593490.388858795,-125952987.83474731,-2177811088.182479,-604535526.5623126,639362783.7083712,-9630408640.59803,-274930918.1030235,-2568697431.229431,171929573.31761503,-526787781.2414293,-1973399530.7690883,32021905.775169514,138254121.56803197,752174598.509079,36457192.319432974,10445776.6077981,139991663.83118057,-6489243.862129241,-5878652547.565292,-5067516689.432571,-669100882.5347424,164540558.80830002,-10082304160.790771,-3867022894.7748413,-6216603596.097717,-19891485976.487427,-22241715457.58087,2750562852.419506,0.0,-4664309065.606186,-557272189.1609745,1357806539.4397736,-271304564.5231695,1120870613.0449066,1363381442.7097855,-1713211285.9870987,-392357313.5973196,-893462697.2184877,11276891.312555194,-1256424743.0039911,-2134603870.446003,4009211116.429283,
2022-11-30,raw,2023,11,118.172,252000000000.0,501000000000.0,249000000000.0,195000000000.0,63679144321.0,-10140222954.0,114000000000.0,2942855080.0,81638000000.0,30156964291.0,3006815367.0,528669881.3,8043174548.0,2618243065.0,7171471870.0,2303830107.0,252000000000.0,170000000000.0,81638000000.0,494610510.0,692652311.4,25932806209.0,933907027.2,58392653293.0,22394367674.0,1704409865.0,144000000000.0,6648942410.0,4661752653.0,1226091147.0,3637478016.0,4110255343.0,2267834856.0,9215989707.0,55018531839.0,13563698990.0,22506249265.0,1109357374.0,5575747853.0,706023428.1,37408466.52,128367953.9,5708607320.0,2108890710.0,652992320.5,10110052819.0,157016897.4,109000000000.0,2631207059.0,-5971896046.0,-8722995940.0,501000000000.0,400000000000.0,101000000000.0,-249000000000.0,-229000000000.0,-19464681290.0,,91912074730.0,11676351575.0,47331716281.0,1204857182.0,48536573464.0,33526766069.0,51136436102.0,3136385242.0,6149304473.0,385663635.9,707991400.9,7242959510.0,13244732643.0,
2022-11-30,real,2023,11,118.172,276468131198.59186,549644975121.01,273176843922.41815,213933672951.29132,69862119153.77895,-11124795595.354939,125068916494.60107,3228593826.8090577,89564703550.75652,33085077619.664436,3298764386.403564,580001484.5396523,8824132683.292217,2872463361.921521,7867791372.389567,2527522239.211674,276468131198.59186,186506278983.17706,89564703550.75652,542635092.7415969,759905913.1077107,28450771703.72012,1024585438.5841925,64062332268.424644,24568765794.464035,1869900834.0198185,157981789256.3382,7294526518.014927,5114389063.829316,1345139397.1834443,3990661703.807467,4509343704.080306,2488032002.0053477,10110823219.999,60360597931.819664,14880676634.545746,24691510613.42949,1217071269.9252276,6117129321.243932,774575308.528692,41040669.95948211,140831937.77984124,6262888878.996039,2313655053.554649,716395105.3002657,11091696068.206291,172262572.1856311,119583437700.97823,2886686104.7550516,-6551741823.610635,-9569961849.14565,549644975121.01,438838303489.82837,110806671631.18166,-273176843922.41815,-251234928747.92673,-21354619288.18451,,100836347361.85881,12810075790.309464,51927425185.03982,1321843704.2410383,53249268890.37795,36782072858.05075,56101567163.79423,3440914946.724537,6746375856.434333,423109939.2401871,776734363.1408573,7946220159.034796,14530740008.076176,
2022-11-30,zscore,2023,11,118.172,-0.71432113625258,0.10298608766892622,0.6285251187678177,0.23854522660000083,0.4728954470809925,-0.0628773306595383,-0.6447153446483153,-0.8261815343641389,-0.3211376466682254,0.49422941061009756,-0.2828840883759507,0.1387793900309435,0.11770593567522772,0.3280061498277634,-0.03308435489668017,-1.2146443219282097,-0.71432113625258,-0.7393543680594865,-0.3211376466682254,0.16467280304718038,-0.24203798179722621,1.9082685716172054,-0.28325919910923664,-0.1529073832803199,0.1601672779300582,-1.1955366051734404,0.42640090904304967,-0.049874657088883605,0.22179742767070448,-0.08041656446288757,0.40119122943819735,-0.33692638545746906,-0.3391436117930201,0.2985275894911124,-0.26867916768401234,-0.24190952565081206,0.038231270713016074,1.151197557875418,0.07938512990291634,-0.2336568339890902,0.17367900020750826,0.6940197488978169,1.1388468264040061,0.7607511059036628,-0.15592896591624875,0.5765631254784224,-0.16365675796563636,0.07981522655572867,0.009779169614424049,0.38613466865940377,0.22138190279769443,0.10298608766892622,0.03733255550727206,0.43208551657110644,-0.6285251187678177,-0.5509318188468196,-0.8199640837882,0.0,0.14550332630971802,-0.5156741547447157,0.3358203928289678,-0.8924054577250417,0.3681445310149371,0.152046992548363,0.1871769715628553,0.07192439680816089,0.07218315334873054,-0.49930340469786444,-0.43662014641280544,-0.4763303175256604,1.815427843764063,
2022-12-31,deseasonalized,2023,12,118.172,28765478726.02002,28617695839.209473,-63453346.41244507,-152038986918.5995,111871714337.00023,40256430200.98147,13259811541.942352,13317755281.961517,5333841829.1263275,2385363431.1572876,-436129930.2419718,-43140465.362659276,359494292.4661169,-420529990.9355159,-3192363822.284992,-1477849305.9820194,28765478726.02002,23090291460.041626,5333841829.1263275,-76571675.97006136,-36108617.173304915,1321595972.3782425,-412138365.9236288,-271542464.4952698,8527912394.719486,-495644176.55731964,12240985210.538696,359884440.42354774,349429147.1443291,-295888136.40885806,-299952116.6347451,-1716216027.282467,1385423081.0376892,-91873263.09162521,-11252263885.597992,10947014485.316986,2351180051.8705826,80274405.2676152,1656457866.8485737,-837023211.2790878,114704092.99416955,30794491.795031935,1535472205.0990832,510900452.519434,-23090507.6022017,66810561.93118858,145611012.84085384,-6480812450.165268,1699690990.396431,6467496728.865257,388260855.10829926,28617695839.209473,30332977105.22522,-1404405501.8976746,63453346.41244507,-7095823600.18103,6730888974.21949,0.0,-6759475086.10614,-1041096146.760973,3366905932.3397827,-99223948.22316909,3302050621.5449066,5899453401.209808,4776763417.312927,933100315.9026804,-12449581.418481827,-70922588.62243623,-1474168783.087991,-1553534274.3459969,4460331511.529289,
2022-12-31,raw,2023,12,118.172,455000000000.0,540000000000.0,85000736578.0,-36185026438.0,86105800775.0,35079962233.0,216000000000.0,87817882996.0,96807203955.0,34877828535.0,529695490.7,534218469.3,7105776372.0,1610693781.0,6552387162.0,3568179587.0,455000000000.0,358000000000.0,96807203955.0,432152937.2,731801661.7,21300405356.0,1034325927.0,72836148958.0,17883807683.0,2983382447.0,136000000000.0,8392392308.0,5353799849.0,1155717433.0,3137233196.0,5800800305.0,4010286832.0,8995109925.0,107000000000.0,24661488147.0,34926948026.0,1071777588.0,11316863732.0,849000269.3,40143362.69,64070582.5,282711547.0,3008119690.0,625182479.6,9535897274.0,107227909.9,114000000000.0,1535889084.0,-51421812220.0,-8514053813.0,540000000000.0,468000000000.0,72303945884.0,-85000736578.0,-110000000000.0,24503258071.0,,91824027548.0,11822330820.0,53640781637.0,1714602811.0,55355384448.0,35718618657.0,45869265984.0,4211352818.0,8719771221.0,188349158.8,446849200.7,9354969581.0,13822668564.0,
2022-12-31,real,2023,12,118.172,499178570219.67975,592431709711.2683,93253947588.1883,-39698439034.46626,94466308831.83537,38486077782.04243,236972683884.50732,96344626975.08221,106206772873.015,38264317759.27132,581126676.2625004,586088816.9013624,7795717120.166469,1767085315.739143,7188596164.951528,3914634691.2652907,499178570219.67975,392760281623.39636,106206772873.015,474113154.5224858,802856499.2786633,23368584375.181732,1134754587.6505601,79908230103.65288,19620249558.865196,3273056229.257032,149205023186.54163,9207258006.659513,5873631107.398148,1267932694.0283484,3441845233.46153,6364033411.823697,4399668674.656196,9868496947.978792,117389246183.52908,27056014049.909977,38318206544.51812,1175842646.0908506,12415683202.441118,931434594.6050484,44041112.94814118,70291564.3197627,310161639.1561622,3300195353.634871,685885046.7980705,10461792454.938597,117639285.16819043,125068916494.60107,1685017399.927766,-56414652092.49331,-9340732327.795061,592431709711.2683,513440815083.0992,79324352368.3873,-93253947588.1883,-120680533459.70279,26882420504.62771,,100739751171.91896,12970229000.860779,58849074028.62354,1881083471.845327,60730157500.46887,39186745036.09503,50322977166.85563,4620257315.120569,9566424023.607674,206637063.2788207,490236362.87743455,10263297450.312475,15164791055.819855,
2022-12-31,zscore,2023,12,118.172,0.7868234900526072,0.3556912094790106,-0.2884382945426835,-0.8990751116640864,0.6251509024996484,0.4011807818373818,0.43630875423478366,1.8695071268319865,0.46220365623874393,1.3089285058955515,-0.8604641762149544,0.17714321415563494,-0.1753053051359405,-0.564620093914553,-0.11611935185277955,-0.9248152873539024,0.7868234900526072,0.793182593218572,0.46220365623874393,-0.4096560612973344,0.1412765814042391,1.0229739029245235,-0.1559497940249088,1.0253606074714325,0.07503323949313986,0.054322934108437,0.23747527192250717,0.5022749281612578,0.3769474367642395,-0.1774940685696886,-0.14317027111010022,-0.24876108057033164,1.5226665570951583,0.2053970739962887,1.220140416458406,-0.03885222384410684,1.1705538673149254,1.045967243985947,1.4784698120480009,-0.14135217464547192,0.19767576795960673,0.45847463506079383,-0.5582289284555856,3.364391347424497,-0.3594277942117956,0.13249347219973773,-0.1647096429455292,0.3099472489101121,-0.12891366437962665,-1.8214895871815744,0.24256469656647514,0.3556912094790106,0.5063228763099058,-0.7588247335589318,0.2884382945426835,0.13796182802873228,1.333405358513197,0.0,0.14115736200675486,-0.3959319372435927,0.9375167008745692,0.49789940471296945,1.0298137843232398,0.3088164742914417,-0.030179763911186448,0.46377760228433806,0.8746919702442162,-0.5205378530405184,-0.4799103768339322,-0.33266285077918456,2.028514980977929,
2023-01-31,deseasonalized,2023,1,119.304,-10734521273.979858,-13182304160.790466,-2599422743.012459,-17679841849.909378,-64685327552.18982,80058834887.48143,-6540188458.057678,1093348048.6615372,453635086.7263336,1147035540.057312,1864976622.3380313,-59056531.69265908,-1402215635.8338785,-490714365.53551483,-3199579957.384987,-3908136841.282009,-10734521273.979858,-11209708539.95819,453635086.7263336,257142922.93993878,-32256763.26330459,5353119038.878246,-369755804.6036289,-9043540774.095245,2224775253.3194942,-976909868.3573194,-11087858055.161285,-594602403.7764463,-177365963.85566807,-280125714.1488576,60118944.92025614,30014025326.91753,-428302372.56230974,-1057679899.0916204,-7078048502.097977,-18486273396.103016,-7025430349.029411,-311721542.6143844,-1863376668.8394217,-418737820.699087,15300456.372169554,-154817768.74196792,-1606945661.1109152,111773547.76943469,-18729852.452201366,551211837.7311897,27568372.634850025,1245646871.8348083,-389910601.15356827,427327413.7952523,7952417301.508289,-13182304160.790466,-12767022894.774536,-379919389.39764404,2599422743.012459,1654793131.618988,970078630.3194809,0.0,2087512171.1938782,682744985.4390335,1907465646.2397995,-207911628.22316813,1733922654.644928,-5257661431.89019,-9432100935.987083,176943834.90268183,-1034659005.5184813,-435702459.60544276,-411830680.575989,-1878185466.6459951,4605579270.429291,
2023-01-31,raw,2023,1,119.304,447000000000.0,486000000000.0,38783771839.0,67209383896.0,-121000000000.0,92797837799.0,262000000000.0,20827935936.0,108000000000.0,33424559044.0,5967623129.0,515541920.8,5154096614.0,2098797787.0,6837686961.0,1913128288.0,447000000000.0,339000000000.0,108000000000.0,825695889.8,723868573.5,22604231084.0,869839626.3,46254745547.0,16161454754.0,2314007228.0,138000000000.0,6955241770.0,3919344943.0,1179288983.0,3290380427.0,41723222517.0,1904168725.0,6398501912.0,51078356676.0,9074055112.0,11872547531.0,275272983.0,1519941815.0,691125426.1,39240831.67,-398625623.9,-262755699.6,1641711806.0,594770215.1,10876323581.0,208060560.0,114000000000.0,2880923599.0,-1970103608.0,-9084748471.0,486000000000.0,389000000000.0,97115182130.0,-38783771839.0,-49927589709.0,11143817870.0,,100000000000.0,12737910877.0,47902256225.0,1282040256.0,49184296480.0,32358812217.0,52500225673.0,3117347180.0,5936820287.0,-32500921.03,14172811.61,5918492178.0,13967553747.0,
2023-01-31,real,2023,1,119.304,485748692416.0128,528129450814.72534,42145786258.96025,73035504128.7871,-131489019647.28758,100842121632.88031,284711761550.3252,22633428739.678936,117362100181.05008,36322004139.16066,6484933180.633792,560232245.8931535,5600885214.398879,2280734408.682039,7430419464.106869,2078969942.5505261,485748692416.0128,368386592234.96277,117362100181.05008,897272256.8313785,786617926.3057482,24563704009.222355,945242642.2524792,50264389636.44439,17562428443.615334,2514599519.5575,149962683564.6751,7558164642.538556,4259097720.7820187,1281516960.789395,3575610715.8087068,45340046489.96665,2069233709.8617814,6953163170.414671,55506140863.815926,9860649676.87883,12901732525.347229,299135327.85168976,1651699662.6055286,751036402.7372141,42642466.83002095,-433180929.6933832,-285532969.8110843,1784025420.7794874,646328533.0488046,11819149793.65592,226096521.17079055,123882216857.77509,3130659667.0350866,-2140884231.5661502,-9872270001.60318,528129450814.72534,422720897874.33777,105533719761.49985,-42145786258.96025,-54255618381.722435,12109832122.762186,,108668611278.75008,13842110855.960754,52054716610.89611,1393175342.2297323,53447891952.039154,35163871862.51242,57051266157.05892,3387577889.243277,6451460159.998004,-35318299.53610423,15401397.555740459,6431543258.474049,15178346686.47792,
2023-01-31,zscore,2023,1,119.304,0.7276650811341762,0.005791810049663,-0.5468496121037566,-0.3902896342001054,-0.7808985494782389,0.9934925621126673,0.9238294262801028,-0.25813919197091284,1.040202308183316,1.0581317707366382,0.4074755601868369,0.04801057321882902,-0.7853599459480648,-0.13219018467811605,-0.077853396264775,-1.3042055807402875,0.7276650811341762,0.6382985386213214,1.040202308183316,3.2091697576519596,0.06360305132213934,1.272147064430017,-0.3644827806274853,-1.143090681252013,0.0425248900305454,-0.5998154067759072,0.2847066812026428,0.04713017498595459,0.05535709871139103,-0.144978131696886,0.023483041705766126,1.6246651682403508,-0.7277209212981749,-0.8894222009914051,-0.38153111579476556,-0.3240569659240525,-0.9311812390517479,-1.1843921731368425,-0.90899695837253,-0.24327486015311028,0.18975670049606772,-1.2365531434534411,-0.7288365622920636,-0.5919252662968847,-0.5819698869126662,1.1692206284185593,-0.1625773404404204,0.3099472489101121,0.041399115071622195,0.5805124540693497,0.18470701406399523,0.005791810049663,-0.03853352579903634,0.27086232530691895,0.5468496121037566,0.48572234737303,0.6791147387302838,0.0,0.5447192206747833,0.355089800983541,0.3902328546638843,-0.6818926117578763,0.43099689711702727,0.06851057176883182,0.24345555045535955,0.0649845357488035,0.005844838391520167,-0.5443051390529096,-0.5516362815982405,-0.5664259420634771,2.081934690236972,
2023-02-28,deseasonalized,2023,2,119.304,-5634521273.979828,-16582304160.790588,-11908514023.512482,-168771183368.59937,44534144431.10011,112871448826.78145,-6332868803.457642,-2918418517.3784733,2553735086.7263184,-229195541.94268036,-576926269.7619705,-15317079.362659097,216379939.5661192,6923605963.364485,-3162240367.684984,-1941206506.4820108,-5634521273.979828,-8266527062.858063,2553735086.7263184,-78184174.70006108,9234855.156695485,3052101478.8782425,-178820661.25362873,-2796769308.0952454,3618689393.519491,275519527.7426815,4357765659.7387085,-405960852.7764473,257876019.74433327,51700237.611142635,-29512402.604744434,-4697262475.982473,-315460309.36230946,-621118993.7916203,-15860705564.098,-4359488740.503014,-1051464721.029419,-18019711.002384543,1255099378.8485775,-279181944.63908756,73491966.98416957,161759109.72003195,3330081025.849083,-108009474.6805656,-2260305.522201538,242405087.8311901,-8753757762.631144,525440438.6347809,892072527.1864319,3414696816.9652643,248915273.30828667,-16582304160.790588,-19067022894.774414,1566672136.6023865,11908514023.512482,10758284542.419067,775541496.71949,0.0,755430853.7938843,74364576.83903313,1398959217.339798,-469984785.42316794,963343069.2449341,426353380.60982513,666759647.8129272,-261640891.97731876,-1343535394.8184814,-2383369964.1604424,-1840649974.9069843,-5563548655.745987,3475849171.52929,
2023-02-28,raw,2023,2,119.304,262000000000.0,525000000000.0,262000000000.0,21385792016.0,153000000000.0,88144520069.0,112000000000.0,2288002806.0,93894000000.0,25784037969.0,2590996089.0,540345447.4,6258423965.0,9645536824.0,6349062417.0,2777668289.0,262000000000.0,168000000000.0,93894000000.0,398274520.6,731898822.4,18444402605.0,894948424.0,56280131279.0,14675291539.0,3499680971.0,136000000000.0,6315178892.0,4980659147.0,1235052358.0,3295166041.0,3923073690.0,1670853497.0,7152946066.0,45564787386.0,57853814428.0,24151730454.0,728579677.4,6738799182.0,793654954.0,39982964.36,-61148540.68,6131427059.0,1607305955.0,679796662.6,9689441838.0,157686697.1,119000000000.0,3782019363.0,-3337438123.0,-9230979229.0,525000000000.0,411000000000.0,113000000000.0,-262000000000.0,-243000000000.0,-19393776736.0,,101000000000.0,12636682277.0,49580422408.0,1083720076.0,50664142484.0,32343567961.0,48640581857.0,2576776868.0,6258684647.0,30339065060.0,14692328794.0,51290078501.0,11711954228.0,
2023-02-28,real,2023,2,119.304,284711761550.3252,570510209213.4379,284711761550.3252,23239643194.74901,166262975256.4876,95785425877.30145,121708844632.20007,2486340875.299034,102033305874.0696,28019155992.497936,2815599468.2030272,587185893.7975289,6800942410.701987,10481670917.021255,6899437957.774944,3018453555.5865183,284711761550.3252,182563266948.3001,102033305874.0696,432799390.6131194,795344286.2676053,20043276169.515102,972528024.02186,61158837086.74674,15947435516.53921,3803054710.372376,147789311339.1001,6862617201.705155,5412413127.572939,1342114246.0040567,3580811176.083668,4263149698.3650165,1815693291.692332,7773007155.440186,49514621684.481285,62868936710.69274,26245350084.148758,791737417.4897772,7322959487.94317,862453816.8568027,43448932.11808958,-66449269.974177554,6662936636.584807,1746637060.2991517,738725592.7667102,10529381886.016796,171355943.90989906,129315647421.71259,4109867920.06553,-3626747660.5516825,-10031176935.584171,570510209213.4379,446627992355.6628,122795530744.98758,-284711761550.3252,-264064725407.36267,-21074947853.512505,,109755297391.53757,13732107142.123833,53878356496.91182,1177663556.7382147,55056020053.65003,35147306141.21744,52857044821.90556,2800147638.2076707,6801225690.211241,32969040675.65848,15965949664.94773,55736216030.81745,12727218013.170454,
2023-02-28,zscore,2023,2,119.304,-0.6403731251045413,0.25849693185974737,0.7012115694524335,-0.6157793681080297,1.0792982600765326,0.9457393334670438,-0.6659118956068074,-0.8469800883454981,0.31176511058313994,-0.2604245963995876,-0.3798389985562058,0.2195061198614172,-0.4401701048935624,6.553753050135216,-0.14339036882995013,-1.1060255697509993,-0.6403731251045413,-0.755657952753934,0.31176511058313994,-0.7211851787347693,0.1422278899443663,0.4771653493330295,-0.33265026599193115,-0.32524219242810426,0.014474475775597491,0.5588690396468851,0.23747527192250717,-0.1555773722897813,0.29329305070056405,-0.06805496027564217,0.028690699864195316,-0.34668828347081715,-0.9770182735523548,-0.5713225888952824,-0.539447200658966,0.5684709213299379,0.18824018473953,0.08494996042162258,0.36281562203153256,-0.1770826498200182,0.19626838675257743,-0.0002494462164278854,1.2710935848661984,-0.6915444513985146,0.04021211343034353,0.2512495860996859,-0.16364259374822449,0.5400792712644955,0.1554988815884588,0.5140973515726514,0.16988197119762066,0.25849693185974737,0.11319863681358046,0.9300955545990282,-0.7012115694524335,-0.6319781302439434,-0.816491469375912,0.0,0.5940787141218667,0.2720551405526408,0.5502797617129288,-1.2228006546860513,0.5745950409540578,0.06742024565576987,0.08418224787653954,-0.13206718401623732,0.1063320308227769,2.7242003370193624,1.881600300418205,2.519932858398162,1.2502867051575262,
2023-03-31,deseasonalized,2023,3,119.304,-10870270789.549683,113647836876.52075,124479557059.55893,-68664595632.55698,189858890985.95782,3093748007.4419327,298397419.7105713,-6103558677.839283,2224925995.6046143,-536617671.4448776,-182867613.29778135,80571846.8903929,340064699.34873676,-174223719.00796556,-3093614492.9375687,-3277175749.43666,-10870270789.549683,-12964459871.460175,2224925995.6046143,-20241309.138264716,151126058.8610462,672978076.8739777,-627047013.3236287,11789157496.981903,27012491318.777424,284171906.3053856,63511460524.76648,1025780253.4919891,308026538.7257614,-69978924.63575411,-147045498.10694027,-3596807446.5827084,-616248051.9800601,-958835405.0009718,3053985602.8511047,-31475898632.17373,15228823308.287994,13452519.660455108,5545911765.501107,-160504231.71090746,37612462.297135055,254847388.33367932,1491802733.04241,383621488.21984506,18536336.99160838,-85820357.69783783,-6809739313.961588,3842700923.270355,27979959315.043114,-3316271607.6977825,-500969275.02526665,113647836876.52075,116462151291.81476,-2889866428.0334167,-124479557059.55893,-129788953943.44113,5074077256.438072,0.0,-1843653019.8689575,-65528423.608608246,10572222513.471138,42384820.48425627,10660432183.950684,16769602904.20089,32029121318.332283,1151937328.3156872,-633669342.6125355,-1371665751.4321117,-1462988435.639635,-3462981291.764408,2313294904.7723618,
2023-03-31,raw,2023,3,119.304,313000000000.0,691000000000.0,378000000000.0,81031258791.0,237000000000.0,59732898548.0,151000000000.0,11487153926.0,103000000000.0,28059093271.0,578909637.1,681136464.6,7741130700.0,2293945689.0,6151606563.0,2494287838.0,313000000000.0,210000000000.0,103000000000.0,503060980.7,934168692.6,18218347592.0,978956001.7,79381248022.0,38077324724.0,3796914590.0,201000000000.0,8294728796.0,5356087807.0,1165342300.0,3440278452.0,5281162205.0,1940078040.0,7413951490.0,77578464806.0,31386495499.0,39920148077.0,892414515.8,10813435410.0,962481318.3,58023563.21,365208049.7,4196783666.0,2367524064.0,691566191.5,9867016975.0,221433566.2,125000000000.0,30658737582.0,-9544554609.0,-9842662982.0,691000000000.0,580000000000.0,111000000000.0,-378000000000.0,-370000000000.0,-8103736006.0,,101000000000.0,12726120634.0,64442300862.0,2027515046.0,66469815908.0,50630897111.0,80432167458.0,3955401825.0,6628654738.0,12408104514.0,5882796664.0,24919555916.0,11199446952.0,
2023-03-31,real,2023,3,119.304,340132753302.48773,750900103936.163,410767350633.6753,88055543629.86978,257544608730.63766,64910911328.656265,164089603030.9126,12482930646.836618,111928669617.11258,30491426995.00491,629093063.1954217,740181536.9939951,8412179228.962984,2492798923.725055,6684865423.344547,2710507954.8493595,340132753302.48773,228204083685.37515,111928669617.11258,546669381.6119509,1015148145.2492757,19797625326.162003,1063817892.077367,86262499841.24767,41378099989.67095,4126054356.393247,218423908670.28763,9013766591.951786,5820386238.737359,1266361294.0538454,3738502817.9104805,5738965627.551716,2108255863.7919934,8056638125.063199,84303440356.05408,34107268787.830696,43380670535.69655,969774461.1698415,11750810091.571613,1045915082.4140161,63053400.35475474,396866515.8871974,4560586528.215617,2572755522.0390263,751515376.3763913,10722350321.371035,240628781.2945517,135835764098.43759,33316424365.95564,-10371934946.342234,-10695885175.38701,750900103936.163,630277945416.7504,120622158519.41258,-410767350633.6753,-402073861731.37524,-8806217379.416246,,109755297391.53757,13829298562.626265,70028553422.80939,2203272443.9559107,72231825866.7653,55019892768.49649,87404519398.00734,4298280233.721836,7203267050.247669,13483714861.379702,6392753439.121437,27079735350.748806,12170283473.638702,
2023-03-31,zscore,2023,3,119.304,-0.26323826824954344,1.3341136041795938,1.3497983601766974,-0.32227464968418246,1.6495775739546379,0.6541738876049935,-0.2525791519162108,-0.5548087868956061,0.7820011180513949,0.13219111980523013,-0.8489891114542245,1.1929577119055936,0.02329328910969836,0.040698766267189455,-0.16987421833226088,-1.1709853643566503,-0.26323826824954344,-0.4132826741705379,0.7820011180513949,0.24237914068935643,2.1226691067307906,0.43396414456022764,-0.22614686114619856,1.5592951135133573,0.456173421504979,0.8493367786202175,1.772496073526915,0.4713449497852047,0.37746037389707865,-0.16421697954579662,0.1866006004607498,-0.2758612479999352,-0.6893518134285364,-0.4612737222042376,0.3774678382870407,0.08419587413368172,1.6257547667082783,0.543717646615013,1.3557865447681066,-0.06808975338908835,0.35456180405339793,1.5616528435593264,0.6659886337358374,1.5096017582412948,0.12633577553085465,0.38859168826209717,-0.16229454221392517,0.8162376980897557,3.558719045351995,0.21260106583994143,0.10786876697905351,1.3341136041795938,1.278777522337773,0.8470938815943746,-1.3497983601766974,-1.367183955060709,-0.26355155307215156,0.0,0.5940787141218667,0.3454186327178256,1.967658864925102,1.3513513562094395,2.108312305889607,1.375398313618156,1.3961040402185638,0.3704769118346193,0.22183800274252147,0.7945190432578584,0.4212209533883371,0.7261032604295083,1.0613233542463152,
2023-04-30,deseasonalized,2023,4,120.184,-1597543516.8221436,-121352163123.47913,-118974988394.98666,-185879201236.64792,33857674781.684937,32537307064.623726,-458759655.47106934,13045929532.251678,1650531630.7864075,149952159.8278656,-2603544567.906872,-63413660.0641523,-3574159000.5603466,-1571550467.4479632,-3786810776.301201,-4956063767.527566,-1597543516.8221436,-4237187144.187134,1650531630.7864075,-37471216.44735533,-77519587.04804468,-586587988.6714745,-250366626.82362843,-8154761023.745346,-768669160.6771011,-37297212.87643099,-61960719531.77893,-825998769.7807283,2197929331.362127,-335099766.89666235,2280452149.8930616,-7099086707.037254,-72827673.16187716,-950958636.910058,-2974712820.694336,-41883086280.08283,-14370603919.711975,-246544846.1213628,-5818996632.035251,-250508648.34727013,14272684.84258955,-261446571.09722984,470051463.9878645,-767799.598335743,-20382351.27202773,254707799.39307594,15557540541.39658,-5488664488.820557,9196712053.255842,-420829182.65234756,1532349880.792904,-121352163123.47913,-119537848708.18506,-986528725.1242828,118974988394.98666,116045184324.19537,3085309488.638096,0.0,40549219.85835266,12806151.300485611,-993396478.9833679,-231128127.94301558,-1178699756.7766266,-23470955443.253662,-34704773954.940445,236757201.29750824,-2958435825.248892,-489358044.7048378,-1511870460.1850882,-4954322092.218941,805732511.3178196,
2023-04-30,raw,2023,4,120.184,639000000000.0,462000000000.0,-176000000000.0,-87786761538.0,-139000000000.0,50294104756.0,381000000000.0,80580531694.0,120000000000.0,36426592680.0,6148453502.0,527473301.7,3336835810.0,1959803251.0,6349693067.0,2110744111.0,639000000000.0,518000000000.0,120000000000.0,455373161.1,646594067.3,15601010922.0,883585010.3,53485338445.0,9577858087.0,3369150931.0,87664473692.0,6596336241.0,5718747746.0,638926253.8,5763465113.0,4207419449.0,2118901425.0,7142158755.0,76029437967.0,21298139073.0,12104230077.0,515720465.4,-1889706008.0,843238584.4,40554264.47,-409055629.9,2844479716.0,1800085504.0,628620980.5,10882782632.0,23901594716.0,115000000000.0,13655910969.0,-10144178493.0,-8932992760.0,462000000000.0,362000000000.0,101000000000.0,176000000000.0,157000000000.0,19405822596.0,,102000000000.0,12733420594.0,49064079324.0,1250337628.0,50314416952.0,16454739090.0,17902771685.0,3296204194.0,1437968735.0,7268277363.0,2950832556.0,11657078654.0,9516023511.0,
2023-04-30,real,2023,4,120.184,689308011049.7236,498372928176.79553,-189856353591.1602,-94698150222.62154,-149943370165.74585,54253723500.6022,410995856353.5911,86924579078.74861,129447513812.15468,39294432158.95027,6632516830.196132,569000895.8946131,3599542496.6988945,2114097153.3577347,6849599841.611877,2276921478.8549724,689308011049.7236,558781767955.801,129447513812.15468,491224363.0098066,697499953.8139502,16829267306.743092,953149023.5418507,57696200725.89088,10331915975.064917,3634401763.9654694,94566234742.337,7115661055.553866,6168980648.6546955,689228458.8643645,6217218581.84116,4538666560.316298,2285721012.3273478,7704455784.053866,82015181011.36325,22974926265.211323,13057187417.316298,556322767.2339778,-2038481204.7624307,909626152.5088396,43747072.584350824,-441260285.84516567,3068423561.0441985,1941804942.8508284,678111858.799033,11739576292.254143,25783350101.099445,124053867403.31491,14731031031.476519,-10942822379.879833,-9636280864.033148,498372928176.79553,390499999999.99994,108951657458.56352,189856353591.1602,169360497237.56903,20933629071.099445,,110030386740.33148,13735913651.814915,52926859049.78452,1348775811.4198895,54275634861.204414,17750208880.234806,19312244041.415745,3555711982.754143,1551178980.711326,7840503619.47928,3183149483.751381,12574832083.941988,10265213207.30801,
2023-04-30,zscore,2023,4,120.184,2.1474668951765206,-0.14971903414115817,-1.7477626920753906,-1.1529980592007387,-0.9031012595949757,0.5573111964583332,2.185024208310385,1.6396439230024344,1.659885164499927,1.5762051490114195,0.4496390516353431,0.13050604745701394,-1.353398007777557,-0.2553307322827196,-0.14330578263333812,-1.2589057612657721,2.1474668951765206,2.0974693687743664,1.659885164499927,-0.19613439811940864,-0.6929981020477517,-0.06623311246779175,-0.3470566122151558,-0.5532351252652933,-0.0817364373478505,0.4313102334981813,-0.9040022409894483,-0.06653500071462791,0.4587650784879355,-0.8903852174032795,2.7146695104711505,-0.3318590827697952,-0.4982790026918542,-0.5758708903520132,0.3331016136332379,-0.10039174116046745,-0.910060093847117,-0.511094990260786,-1.7399131323724095,-0.14507187048905143,0.2012811386832726,-1.274762123029095,0.2430239579000236,-0.13336783267050437,-0.33426652461808215,1.1742162581970357,0.3384685230335141,0.3559736533809888,1.4057641384753536,0.18347572651847452,0.20009218303639537,-0.14971903414115817,-0.22475027082361151,0.43208551657110644,1.7477626920753906,1.6836307668167354,1.083753863685479,0.0,0.6434382075689501,0.351406562016059,0.5010360608163741,-0.7683598914223057,0.5406591198434325,-1.0690081260551183,-1.1842541088256788,0.1301824968990266,-1.3987125398329032,0.2413847992217951,-0.06481846009820515,-0.17606408108894858,0.4406388307082706,
2023-05-31,deseasonalized,2023,5,120.184,-32825923810.224304,-21639494515.402954,10315517922.764374,-133596397855.93521,153573461633.5279,-9191151324.180847,-28002099245.803955,-2415818956.3001633,588986176.2409668,-4978576.386692047,2530800958.474037,27908431.591302037,685701489.6678352,452711901.4302168,-1896971262.4621105,-4487748895.517567,-32825923810.224304,-32861527159.316406,588986176.2409668,97835222.79900813,9735111.431046247,-20267008.993291855,54613519.1981895,-2145493008.1835327,3453403658.0001926,-267217230.5682497,3048255221.3118896,800992027.4529047,-2673332089.1060543,42667796.62061024,442136658.090333,-9191999571.175447,700324582.0317602,2492580951.443577,-9061904599.406189,-18375088645.316505,-1231675541.9183578,-13646629.342272043,407044372.2829323,-159219118.76726985,24340650.7862259,244211417.43367913,1794887352.7333183,203909766.50348258,13745926.871608257,308634924.7294388,-8105920139.516159,-78694996.16688538,15001505589.280392,1440423760.7385788,-778884240.4143677,-21639494515.402954,-25710224078.630676,3263328119.3974915,-10315517922.764374,-8044330587.033752,-3087843919.065571,0.0,-180493877.1162262,-52615681.916786194,6691391197.712967,-172346731.40847063,6728262798.774605,878966489.9717903,-7062057681.52317,99809818.55387211,-466679093.4643469,-622397718.5175858,-388198912.6341815,-1471933486.7144012,1032219735.9141827,
2023-05-31,raw,2023,5,120.184,307000000000.0,548000000000.0,240000000000.0,19084631612.0,268000000000.0,-46605245218.0,134000000000.0,13789862511.0,94608000000.0,27474016662.0,17505595752.0,622054922.7,8195221463.0,3141779906.0,6373091749.0,1593370585.0,307000000000.0,213000000000.0,94608000000.0,614455221.0,785112825.4,16482142438.0,1192529913.0,61808778752.0,12048733598.0,3042298596.0,152000000000.0,8005823304.0,207541918.8,1363499889.0,4445490657.0,5632709646.0,3201738368.0,11681284560.0,69649952378.0,20217419480.0,25728233831.0,831683689.4,5615728250.0,960883353.2,48836209.46,222766927.2,5355446485.0,2083488800.0,660806834.8,10476546625.0,178305489.6,121000000000.0,19643224657.0,-6830049065.0,-10242588637.0,548000000000.0,430000000000.0,117000000000.0,-240000000000.0,-218000000000.0,-22846787828.0,,102000000000.0,12620543592.0,58266618099.0,1533658566.0,59800276665.0,32986428156.0,52110082570.0,3199753071.0,6543146203.0,1881551587.0,1068222877.0,9492920667.0,10118395747.0,
2023-05-31,real,2023,5,120.184,331169889502.7624,591143646408.8397,258895027624.30936,20587150951.618782,289099447513.81213,-50274442700.63259,144549723756.90607,14875528482.169888,102056419889.50275,29637026261.08011,18883798732.475136,671028859.9843923,8840425362.711325,3389129981.4723754,6874840685.040054,1718815506.7472374,331169889502.7624,229769337016.57455,102056419889.50275,662830839.2279005,846924194.2505524,17779769674.14088,1286416936.5372927,66674939510.09944,12997321740.383976,3281816579.38674,163966850828.72928,8636116022.685081,223881545.0038674,1470847255.9516573,4795480943.531768,6076168830.837016,3453808930.1215467,12600943703.53591,75133443103.89226,21809122394.861877,27753799201.67265,897161548.9245855,6057850501.726519,1036533009.4602209,52681049.15505525,240305207.38011047,5777076940.310773,2247520376.79558,712831682.2911601,11301357616.19475,192343352.73149168,130526243093.92264,21189721625.852207,-7367773922.327347,-11048980283.835634,591143646408.8397,463853591160.22095,126211325966.85081,-258895027624.30936,-235162983425.41434,-24645499024.403313,,110030386740.33148,13614149924.519335,62853907092.98204,1654402403.3784528,64508309496.36049,35583425952.81215,56212671943.604965,3451667332.1146407,7058283404.064917,2029684792.053867,1152323296.8743093,10240291492.993093,10915009776.805248,
2023-05-31,zscore,2023,5,120.184,-0.3076070749383667,0.4075281575426177,0.5782037298323145,-0.6271029685917335,1.8600377969334623,-0.43708830157910794,-0.43274983506339393,-0.48167319477813586,0.3486362405339783,0.031222026141756145,3.097738274089214,0.7844584896769494,0.16523264990009115,0.7918273556622448,-0.14016742456449896,-1.3775041962134302,-0.3076070749383667,-0.38882729712886677,0.3486362405339783,1.266705329779096,0.6632506440856126,0.10215927374522853,0.04461857885851269,0.12577247193545266,-0.035100185719218906,0.11189798449008971,0.6153265461635922,0.3798487457547473,-0.7767917435736958,0.1091328703703424,1.280462650413137,-0.25752734501909397,0.6587324154094553,1.3379807183728931,0.15038451429621888,-0.12016577015486428,0.33196079432402636,0.37366016079433867,0.08912817676134734,-0.06912138636517401,0.2739493125762091,1.0398381926055575,1.0283875187212324,0.6872020582656625,-0.09874616830632833,0.8600207682313205,-0.163206569277416,0.6321320802062489,2.1638978698240896,0.3444518762706399,0.06732384291637494,0.4075281575426177,0.24424004997902224,1.0960989006083355,-0.5782037298323145,-0.487252574177651,-0.9856057985326712,0.0,0.6434382075689501,0.25881708106375856,1.3786832705251952,0.004383326611052498,1.4611277657723956,0.11340000732184251,0.22735577973673457,0.09502359298123343,0.19514193545796765,-0.3383200045394815,-0.37690362570734964,-0.32327885998639383,0.662735728724678,
2023-06-30,deseasonalized,2023,6,120.184,-21575860023.067932,32459949862.42334,53532505108.70697,601327876802.863,-272770017872.86407,-275871042091.28076,-56004744126.44394,7205108228.248978,32111514006.500107,925295024.5251274,-526490415.62779677,-23125310.09597063,534033495.3351078,-424355926.7552371,-321493354.6802921,-4478184789.870295,-21575860023.067932,-52674411502.51007,32111514006.500107,-20998942.640991807,24395632.7237736,322604686.6912575,-190092197.58544683,8091790898.1846695,-7063791007.087059,-260420556.46733952,69672500911.89279,716157649.5765429,1662477603.7339482,349159449.75424695,-231687300.45239592,-13299045541.438183,527369033.3281245,-807511616.1155148,-7253208481.917984,-1611498383.9938164,11706533413.609821,60677277.615909696,6894674349.819297,-58265282.54999733,98966904.52349856,123451810.37913364,286258633.1287713,46287070.400755644,109539005.40979004,794482834.359438,-49376773678.17795,5060436766.590408,-673243774.4905233,5552294427.219444,-45368610.65893555,32459949862.42334,26504575790.65393,4997463437.575653,-53532505108.70697,-80163073471.42102,26688330571.01536,0.0,-720925710.6262207,28155674.193216324,3523043242.028412,-397868137.3984704,4006351997.874611,22097185734.39543,41279976303.71955,1015901976.5466008,1927213059.860201,-413042582.5366641,-376075076.51508653,1143437639.4465199,-84067600.08854103,
2023-06-30,raw,2023,6,120.184,418000000000.0,646000000000.0,228000000000.0,823000000000.0,-354000000000.0,-242000000000.0,149000000000.0,71528192719.0,145000000000.0,34368268475.0,967793133.4,578659455.5,7770783941.0,1656099271.0,6475488283.0,1286574189.0,418000000000.0,274000000000.0,145000000000.0,502304484.0,775808085.6,18041069203.0,1140342366.0,74855726007.0,26503458541.0,3071122133.0,210000000000.0,8529953700.0,5104106227.0,1821793390.0,3255496996.0,3865202518.0,2791328254.0,9562446986.0,122000000000.0,25448925925.0,36901267304.0,817952120.1,11583275907.0,1222076215.0,43814446.81,123623597.9,2474195942.0,2083669800.0,843382530.1,10309749036.0,117616269.7,131000000000.0,-4874998761.0,-55359486082.0,-9389195392.0,646000000000.0,558000000000.0,87596230565.0,-228000000000.0,-285000000000.0,57051711415.0,,102000000000.0,12626969468.0,54306337437.0,1300714869.0,55607052306.0,57847097322.0,94911445478.0,4333526304.0,9688844918.0,748851538.1,427677652.1,10865374109.0,9187791307.0,
2023-06-30,real,2023,6,120.184,450908839779.0055,696859116022.0994,245950276243.0939,887794198895.0276,-381870165745.8563,-261052486187.84528,160730662983.42538,77159555957.92679,156415745856.35358,37074057567.64503,1043986791.6925412,624216898.8197513,8382572179.4488945,1786482777.142265,6985298824.617402,1387865250.84116,450908839779.0055,295571823204.41986,156415745856.35358,541850555.2541436,836886898.9690607,19461429623.678173,1230120701.4447513,80749063551.74998,28590056796.29972,3312909372.752762,226533149171.2707,9201510828.314917,5505948844.31906,1965221875.124309,3511799936.292817,4169507136.1298337,3011087522.6160216,10315291569.151932,131604972375.6906,27452501584.841156,39806477575.171265,882348903.0360496,12495218899.678175,1318289397.6726518,47263926.7384116,133356394.97223756,2668987611.4668508,2247715626.79558,909781430.9504143,11121428172.812153,126876114.13770717,141313535911.6022,-5258803912.073204,-59717898660.279,-10128400001.59116,696859116022.0994,601930939226.5193,94492618882.96269,-245950276243.0939,-307437845303.8674,61543351678.33563,,110030386740.33148,13621081705.121546,58581836378.86325,1403119216.4212706,59984955595.28452,62401357746.522095,102383755412.04143,4674701717.436463,10451640719.555248,807808081.8454419,461348406.47803867,11720797208.74171,9911139517.633976,
2023-06-30,zscore,2023,6,120.184,0.5132158488048637,1.0425307713218042,0.5111085445849768,3.3288213722371576,-2.3627447415448875,-2.4422663149146393,-0.2737757028747029,1.3521354752130335,2.9508911151595334,1.2209916158646166,-0.7583147092579173,0.4844152946389291,0.03256227763766687,-0.5243936428340923,-0.1264334463558091,-1.4478316686964,0.5132158488048637,0.10843203605177988,2.9508911151595334,0.23542277221210803,0.5721471584642877,0.40008460398582146,-0.02154392217080451,1.1901131747782463,0.23772383421353013,0.1400654160537588,1.9850374152875252,0.5458405423073044,0.3209686423296794,0.7413289944152909,-0.014476765341177412,-0.3497063809708799,0.2202091538307634,0.4446058982346621,1.6497607129257432,-0.024444400062332016,1.3505410302276646,0.3352092407269913,1.5433932870370441,0.09950255251251451,0.22988691878587633,0.6766394135937307,0.1272090507283247,0.6877261282124687,1.2372535665499336,0.7310143549693001,-0.1644899608722767,1.0923961249150158,-0.9406817754991966,-2.0127529614870934,0.15384183415184055,1.0425307713218042,1.1270453597251564,-0.12418212726571393,-0.5111085445849768,-0.8751170644353147,2.927495184958687,0.0,0.6434382075689501,0.2640880265439003,1.0009908361167237,-0.6309585697946678,1.0542345937686537,1.8915278988951587,1.9936105820507952,0.5083129661242786,1.1772402084850342,-0.4602181086704765,-0.48308849494654743,-0.22991902617354582,0.3196183885617826,
2023-07-31,deseasonalized,2023,7,120.993,-64871168567.348755,-58108322230.503784,6924629033.333435,57294444685.79938,-136502096261.24945,85902277116.84006,-43084295421.567535,-7310495611.403809,-895377460.1226807,-604412337.7139587,58784272.08038998,-37891642.07960701,-7266702185.454887,-1084571639.0043283,-1929074312.9402847,-2457731199.0930223,-64871168567.348755,-64370357649.25928,-895377460.1226807,-14050114.897355318,-84845770.99804437,-749460469.3914566,-218412493.31271946,-11685856052.669876,66097019580.668396,-442778627.54733944,-65768856846.93991,-1092997487.8716373,2473928834.311222,-221144486.31120682,-664500483.9951196,-10244256702.794552,-440007625.8691468,-904985190.9400597,-3093985041.4434967,-4457931295.753811,-14396207859.68563,20573746.9495461,-5270200292.5316105,-129653755.16363204,22400211.60622587,-201341640.27632096,77504228.33786535,-81606967.70560718,3463157.847972274,-73086015.00510406,-2805224136.1189113,-5008916657.857773,-497082568.7332406,1349892562.7258644,479068820.48924255,-58108322230.503784,-56465957950.787964,-1681911561.273407,-6924629033.333435,-7784470838.001038,1174951540.1507797,0.0,-589007975.1625977,138501170.7586727,-4042346216.4470367,-236838452.2375617,-4448402082.325386,-18857474184.159126,-41838181969.16772,-309736800.17157984,754897346.6820202,-805828614.2875801,-1923760152.360539,-1969349182.8552895,166952007.173275,
2023-07-31,raw,2023,7,120.993,276000000000.0,497000000000.0,221000000000.0,244000000000.0,-99434106475.0,76053398791.0,132000000000.0,14252304708.0,87889000000.0,26405514480.0,4101256826.0,552684550.8,742407192.6,1130558037.0,6909949194.0,2521165388.0,276000000000.0,188000000000.0,87889000000.0,521614458.2,689131725.6,15619115846.0,985475682.9,52665115851.0,82920807258.0,2664270718.0,85218839913.0,6093832459.0,4360669329.0,1542311637.0,2663839126.0,5937363032.0,2318566284.0,9458165810.0,73296708132.0,15687135377.0,12829777564.0,892305705.7,573133960.9,966509501.9,45172794.15,-347152942.2,2161810089.0,1754456318.0,829413364.6,10434962437.0,213662297.3,116000000000.0,2920829685.0,-5615893580.0,-9230111837.0,497000000000.0,396000000000.0,101000000000.0,-221000000000.0,-208000000000.0,-12670915671.0,,102000000000.0,12741066356.0,47066847124.0,1328714971.0,48395562095.0,16641372888.0,17890397324.0,2351402566.0,7638840768.0,480354212.1,312302211.9,8431497191.0,9494864959.0,
2023-07-31,real,2023,7,120.993,295738563387.9646,532543717405.1391,236805154017.17453,261450034299.5049,-106545289132.90727,81492474272.54457,141440182489.89612,15271580142.432768,94174516657.98848,28293945354.47571,4394564499.298273,592210634.2765019,795501581.8420867,1211411629.3083236,7404124810.570231,2701470398.2267404,295738563387.9646,201445108394.7005,94174516657.98848,558918516.3422445,738416038.0942501,16736140875.674757,1055953488.0964469,56431542400.12849,88851015990.76532,2854810125.427322,91313395976.30273,6529642235.331911,4672529285.392824,1652612419.6482606,2854347667.4633737,6361982657.233658,2484382108.5142446,10134581046.864363,78538634652.26312,16809024927.77716,13747318787.552536,956120317.0529056,614122515.3094922,1035630911.5678377,48403395.81935236,-371980117.39903295,2316415253.7625647,1879928952.9429636,888730133.7013843,11181234783.064325,228942684.25244272,124295917945.66628,3129717300.517468,-6017522824.235121,-9890217444.147198,532543717405.1391,424320547469.6883,108223169935.4508,-236805154017.17453,-222875439074.9878,-13577095642.578215,,109294686469.46516,13652263261.428148,50432904897.292435,1423740060.4189167,51856644957.71135,17831506198.190372,19169856532.75234,2519566727.592803,8185144183.614985,514707480.4485929,334636983.66010755,9034488646.65217,10173904791.80212,
2023-07-31,zscore,2023,7,120.993,-0.5368459094972869,0.0770676136371227,0.4719696865240299,0.47966549910990636,-0.6344868475424619,0.8216579548739043,-0.45394638602188603,-0.4669857158161817,0.0016654812347025193,-0.15317382088822543,-0.02769757113397633,0.3048206526207393,-2.1643626200880224,-0.9899906166860649,-0.0681611938574819,-1.1648241767329384,-0.5368459094972869,-0.5926221058094596,0.0016654812347025193,0.41298771839278753,-0.2765083318234503,-0.06277309395840344,-0.2178813181402049,-0.620147045358397,1.302566502034308,-0.25752490704206493,-0.9617576059720852,-0.22567766098620373,0.15429757978964792,0.355795966776115,-0.6583130491919719,-0.2416390609063708,-0.2849370742048539,0.4006373666228081,0.25483253350804874,-0.20305680848322832,-0.8439161650516257,0.543412958318562,-1.1397298670134024,-0.06548919156487348,0.24180545010059923,-1.0479896235686554,0.029503071943126895,-0.2654832198519084,1.1350340385152882,0.8278582713124139,-0.16245888080987508,0.4020000578518655,0.04645215746412955,0.4034266626879955,0.16996990839878015,0.0770676136371227,0.009744889577705368,0.43208551657110644,-0.4719696865240299,-0.429362351751134,-0.48723329188101916,0.0,0.6434382075689501,0.35767814189966385,0.3105597900472123,-0.5545897384704461,0.35446137020388924,-1.055659379908417,-1.1847647531850372,-0.21422188769509135,0.5372216568630873,-0.48911306195967796,-0.5022145855874768,-0.395481177596535,0.43283759339208255,
2023-08-31,deseasonalized,2023,8,120.993,-30873246775.133484,-325336680225.1885,-294734322869.2939,70366794935.8357,-63121503283.21852,-302515605192.18176,-19574072309.022217,-2201554003.368355,-1045468369.213623,-675206473.3230515,-959690509.6787128,-53895636.37778866,295739319.12965775,426907232.3247633,-4640142541.703012,-2653786197.05212,-30873246775.133484,-29990435857.043793,-1045468369.213623,-7430361.934628069,-20159075.341680884,-306604902.11691284,-758120888.8490827,146524278.3737564,-304850543470.51886,-652556911.2637024,-6078119650.970795,-686253265.8152714,987489118.0639524,315757034.56970215,68412087.81396818,-4864305651.075476,-354161886.38369083,-145590099.74823952,633296096.3964539,-8101459086.58202,-3720152461.7401733,164523170.34863722,207764158.1502142,1200841342.1154592,26142154.416225843,322176621.2264061,137690355.6605909,249781177.78439236,124533832.51160812,865139753.0330791,1480181998.6246817,-3000427191.563278,-96712463.49959755,-140734696.06228638,509904448.4274254,-325336680225.1885,-322607945627.118,-3500177074.0825195,294734322869.2939,292768280378.1808,1975089740.4143982,0.0,-1669957026.0198822,-510451516.061327,-2056867988.66613,-114480098.36847043,-2428065575.8253937,-314389774.5982208,-4105051207.659546,-206856351.8888507,809486978.8765678,-550341723.6103033,-1918440859.3514395,-1653953366.0979977,310900385.7450962,
2023-08-31,raw,2023,8,120.993,283000000000.0,194000000000.0,-89255572694.0,328000000000.0,-40014448857.0,-378000000000.0,130000000000.0,4310923013.0,89836000000.0,27062143847.0,4015964458.0,560788289.4,8446068070.0,2877426827.0,6325140881.0,9435060957.0,283000000000.0,193000000000.0,89836000000.0,505279650.6,737003055.6,15758355218.0,1061739467.0,66366805990.0,-320000000000.0,2561281705.0,140000000000.0,6901356978.0,5790954174.0,1406342265.0,3734346684.0,6596441756.0,2332402698.0,11077514959.0,82136207416.0,11083672619.0,25800526825.0,994618736.3,5021976684.0,2652578016.0,53673604.22,302785099.3,1544370073.0,2304086586.0,1054670027.0,10669536272.0,314173210.3,121000000000.0,3272615226.0,-10535930299.0,-9379114618.0,194000000000.0,80414596003.0,113000000000.0,89255572694.0,113000000000.0,-23624037460.0,,103000000000.0,12661683354.0,48377867968.0,1609208077.0,49987076045.0,34036253005.0,52013384423.0,3062149593.0,7723944713.0,349602787.1,257646599.9,8331194100.0,9820149607.0,
2023-08-31,real,2023,8,120.993,303239179126.0651,207874207598.78668,-95638821894.54202,351457423156.71155,-42876143549.74769,-405033249857.42975,139297149421.86737,4619225285.2925205,96260759349.71445,28997534577.935596,4303172316.761036,600893924.1737323,9050101584.415792,3083210420.5469904,6777493033.961683,10109823814.858892,303239179126.0651,206802691064.77234,96260759349.71445,541415499.9189011,789710959.694508,16885338164.958534,1137671393.7060986,71113129928.00856,-342885290884.5966,2744455695.176002,150012314762.01102,7394918109.062408,6205103145.160497,1506918989.4307108,4001414215.647715,7068196407.216747,2499208054.8867126,11869740434.359955,88010304287.47725,11876338468.860792,27645691079.268635,1065750420.985923,5381131050.3406315,2842281201.907019,57512154.361873165,324439240.1531312,1654818067.856471,2468866872.69971,1130096371.8598762,11432584525.713984,336641789.380822,129653500615.7381,3506661324.126156,-11289423516.601406,-10049876387.60282,207874207598.78668,86165569193.29993,121081368343.62318,95638821894.54202,121081368343.62318,-25313546738.56471,,110366203003.47954,13567203062.265453,51837685408.075905,1724293061.1749604,53561978469.25086,36470407850.75359,55733201399.289696,3281143918.5248566,8276334467.792335,374605166.71515375,276072591.7254337,8927012226.232922,10522452670.395163,
2023-08-31,zscore,2023,8,120.993,-0.4850823016936598,-1.8862567942719946,-1.262751573802867,0.8930145376983158,-0.2310844478131171,-3.837924095584779,-0.4751429369803782,-0.7827307655657594,0.10220902467207266,-0.03985657142216338,-0.047584849853413824,0.3608511963199425,0.24364210006989975,0.5576269054443815,-0.14659885491154337,0.4200601528045337,-0.4850823016936598,-0.551863144073341,0.10220902467207266,0.26278092876560355,0.19220386411874313,-0.03616316152479565,-0.12119536556964478,0.4976061138788083,-6.302315277740415,-0.3581695980627168,0.3319380904827784,0.030064892187624277,0.47495303217890267,0.1682320807954894,0.5066027626722543,-0.20726678572160379,-0.2701528639993689,1.0834106818032534,0.5080077537090418,-0.28728680360955705,0.33855132455564557,0.8299082652641908,-0.05556646771166248,1.0230226157864923,0.3163940093271421,1.3329744289078242,-0.16361572817240905,1.3259239918270134,2.7833522374218345,1.0092849290950212,-0.160333382061522,0.6321320802062489,0.09099642200924514,0.16444729122094479,0.15486383464421463,-1.8862567942719946,-2.166821284851439,0.9300955545990282,1.262751573802867,1.4289137881400606,-1.023672299508457,0.0,0.6927977010160336,0.29256274353343664,0.435592002759264,0.21044071390865698,0.5088953102848198,0.1884874006984704,0.2233654029143718,0.04486360197982053,0.5637914097175943,-0.5031841753452598,-0.5112749903611044,-0.4023041995075945,0.5527712606090407,
2023-09-30,deseasonalized,2023,9,120.993,-13624202123.301453,102496159732.0138,115770409271.8122,100337770949.86719,-11854348847.466324,27490350845.40249,-12366980763.430298,15684672366.86908,-1547473303.8898315,225962007.2620468,-1088517399.5299878,93534737.42889965,-7317498244.223179,-713118637.2258701,-4691245710.50832,-1293991421.536765,-13624202123.301453,-10982847566.598389,-1547473303.8898315,791548.1698958874,71373585.31448817,287758963.3970032,-235419041.7427187,8782820776.440948,-35007177281.30092,529910926.7044573,48215435467.8306,-3067026015.194107,1772992098.5291996,20691419.031897545,128486579.47541046,-3566728941.807514,1346466692.629468,-379021066.3194084,4094121545.6365814,582260682.2281685,15990703360.650898,-1283947962.753977,6266505990.040931,-154082041.94181466,42639335.866282105,-174072773.21394625,-232591034.28153944,652560062.1657133,127236347.77632737,-578743522.2813988,474132928.4283906,7835665649.824188,47567538074.5007,-380697673.9145355,3085399659.0138702,102496159732.0138,98654961842.04065,3737439222.103531,-115770409271.8122,-110560047349.80132,-5622286332.534208,0.0,2322641681.5227814,711444761.3983097,-2768727589.4338455,2403913.328045845,-2709042613.7253723,14061296333.782867,29334247850.088013,-2892353749.3622093,820266471.7025185,-195763455.205436,-1882007343.5910025,-1250826529.6100578,-301841266.9845562,
2023-09-30,raw,2023,9,120.993,467000000000.0,638000000000.0,171000000000.0,284000000000.0,-115000000000.0,2096678220.0,221000000000.0,95128247456.0,96927781699.0,32490992578.0,248119465.0,719057429.9,7197497390.0,1829597083.0,6678440109.0,5232250347.0,467000000000.0,371000000000.0,96927781699.0,578246188.0,880351962.8,14984576721.0,1030310313.0,80434245591.0,23265308989.0,4469780265.0,190000000000.0,8021940766.0,4838517167.0,1853102256.0,3989462606.0,1958263426.0,5788995173.0,12937479507.0,71470349639.0,-22677128156.0,42876522162.0,-828643491.0,12185896509.0,1168639340.0,54238349.16,-407145170.9,2025071622.0,2844360149.0,998478310.7,9552563493.0,204953881.1,126000000000.0,51877134798.0,-4276834423.0,-9818000087.0,638000000000.0,523000000000.0,115000000000.0,-171000000000.0,-153000000000.0,-18355304053.0,,103000000000.0,12657886922.0,48923329168.0,1866858439.0,50790187607.0,50426421386.0,83561146058.0,3381171843.0,10203444462.0,424022344.1,278568286.6,10906035093.0,9144652509.0,
2023-09-30,real,2023,9,120.993,500398221384.7082,683627548701.1646,183229327316.45633,304310695660.07947,-123224401411.6519,2246625379.2378073,236805154017.17453,101931490000.9139,103859720695.81342,34814635753.865,265864109.1582984,770481925.0437248,7712237456.910234,1960443525.0189514,7156058998.218194,5606442756.912895,500398221384.7082,397532634119.3292,103859720695.81342,619600351.1727786,943311683.8921987,16056221711.75825,1103994535.5450149,86186624051.7285,24929163250.666515,4789443457.358607,203588141462.72925,8595642165.652855,5184551144.552842,1985629706.5233195,4274775144.161034,2098311638.914615,6203004043.198846,13862723200.222507,76581661329.97606,-24298917763.116676,45942902417.616325,-887905201.4098831,13057389591.181423,1252216375.1096344,58117287.90258411,-436262782.36345404,2169897725.5362873,3047778928.3450613,1069886018.7697817,10235729724.97151,219611472.30906415,135011083285.80992,55587207673.34894,-4582698797.486284,-10520149424.174969,683627548701.1646,560403147289.5126,123224401411.6519,-183229327316.45633,-163942029704.19775,-19668011779.650375,,110366203003.47954,13563135122.607191,52422156102.53922,2000369684.0527468,54422525786.591965,54032744266.27454,89537149602.33623,3622981534.118321,10933159444.930302,454346952.4946782,298490524.94395214,11685996922.690386,9798646361.209442,
2023-09-30,zscore,2023,9,120.993,0.8755611034302537,0.990693823258197,0.192406414660123,0.6764983746281966,-0.7401643127726599,0.06270006886093718,0.489300131631014,2.1016892782598062,0.46843031963958837,0.8970223390884616,-0.9261181266810429,1.4551493259536588,-0.14663521596708393,-0.37068533031538614,-0.09921244729642867,-0.5433574472050426,0.8755611034302537,0.8991558937324803,0.46843031963958837,0.9337450197700101,1.5957450040792511,-0.18403939242124487,-0.16104072242988518,1.645196294132579,0.17660575819314228,1.5068861228281996,1.5127233224861691,0.38495313674917375,0.26142625083916693,0.7845182250944374,0.7842174036668027,-0.4491570730414887,3.4232166568242897,1.867635727612728,0.2025231550268288,-0.9050113805701088,1.8952701333448876,-4.2755613742275065,1.6902492765646595,0.06500415052052452,0.3213492443057164,-1.2677634032861607,-0.01326508041562435,2.8902396681930504,2.372168711845973,0.1453836413485816,-0.16264303720822793,0.8622641025606324,6.245463634473263,0.4684683552553023,0.1103691197132156,0.990693823258197,0.8856532828414478,1.0130972276036818,-0.192406414660123,-0.11096612840529069,-0.7656313341333564,0.0,0.6927977010160336,0.2894486488806507,0.4876127018173264,0.9131687624065751,0.5868259390702041,1.360773446228447,1.5252254770865228,0.16115538051502945,1.337900007547487,-0.49517534466022695,-0.507806747245484,-0.2271531015944395,0.3037129522761096,
2023-10-31,deseasonalized,2024,10,121.539,57675797876.69916,-51103840267.98645,-109027399547.68857,26447012455.266968,-153314108649.4666,17136804530.982252,37133019236.57013,29281702835.869114,-2513208188.7898254,-536070628.73794174,273256794.73005056,41847611.168899536,-366867567.5231819,1590162892.1741323,-4792564594.008316,-1894481797.9367514,57675797876.69916,60817152433.40222,-2513208188.7898254,127819228.72989559,23112258.154487967,-3024326865.703003,-331044341.7227191,2766959233.2409363,6052934295.099014,302279835.76445675,-47503807280.869415,-416796843.0941067,889845123.3071995,368785443.7018955,710979343.2754102,-2384646235.7075233,297338974.3294668,53938762.180589676,21458602053.236504,-6263598968.871801,-12135271584.449104,69498194.18602252,-6471243539.6890745,-265959521.9518144,31583145.633282248,-57399835.90194663,522484902.6524615,83016188.2657125,-16062496.443673253,-8325092.681400299,445388800.5213319,-2788890420.475815,15023754322.840721,-9003866868.134472,-9269367861.386131,-51103840267.98645,-49845038157.95953,-1174673565.8964539,109027399547.68857,110616690849.89944,-1370288405.5342178,0.0,668638760.5227661,170590892.89831161,-3803882090.1338654,-191142674.37195587,-3937743702.2253647,-13452358298.41713,-31505954739.511993,-1299515317.56221,-627180527.0974922,-298196534.0645889,-1983450282.7710075,-2814002621.1100826,-248347412.68455315,
2023-10-31,raw,2024,10,121.539,403000000000.0,470000000000.0,66563551130.0,226000000000.0,-176000000000.0,16039242234.0,220000000000.0,48208044225.0,81586000000.0,28568483699.0,3410855104.0,644898769.0,7262917286.0,4460434124.0,6902737489.0,2480680179.0,403000000000.0,322000000000.0,81586000000.0,701695743.2,790399079.3,22218791842.0,759188553.4,83381266784.0,18946579743.0,4152427459.0,89785484570.0,8326908298.0,5741607268.0,1828667063.0,3838878018.0,-1555527587.0,2944880517.0,9194915809.0,88926108068.0,10502067457.0,14035311365.0,1013592780.0,-1563964343.0,1000272249.0,47724209.08,58615447.32,2845357736.0,1976088396.0,721080820.3,10912863416.0,191253829.1,118000000000.0,21550202644.0,-9916560683.0,-40932292389.0,470000000000.0,367000000000.0,103000000000.0,-66563551130.0,-45136506337.0,-21427044793.0,,104000000000.0,12771357946.0,45805520376.0,1279336107.0,47084856483.0,16939934839.0,19527064838.0,3127715734.0,6945629372.0,484675078.9,284690154.5,7714994605.0,9657967565.0,
2023-10-31,real,2024,10,121.539,429881256222.28253,501350348447.8233,71003530963.7234,241074848402.57034,-187739704950.67426,17109105708.202007,234674631188.3428,51423659085.51452,87028020273.3279,30474083525.786404,3638368925.3094397,687915367.131324,7747374706.561317,4757957877.22545,7363169883.731921,2646148664.1048055,429881256222.28253,343478323830.2109,87028020273.3279,748500862.4631369,843120965.5742419,23700849004.417774,809828608.0525296,88943036502.50919,20210370970.313873,4429406283.987147,95774433988.77907,8882336971.69228,6124588945.664584,1950644402.6172502,4094942195.687211,-1659285739.9205356,3141312496.457779,9808243074.022444,94857734608.51189,11202585487.211693,14971506900.886051,1081202326.4621232,-1668285251.7511086,1066993277.8273146,50907550.74820164,62525265.82618517,3035151260.430446,2107899161.4857452,769178979.8222282,11640782715.266176,204011008.2154584,125870938546.47478,22987662988.70341,-10578023731.544754,-43662593727.64539,501350348447.8233,391479952936.91736,109870395510.90596,-71003530963.7234,-48147240808.026245,-22856290155.697166,,110937098379.94388,13623244162.508461,48860880002.85419,1364671495.800706,50225551498.6549,18069877094.076748,20829576086.58412,3336343346.99285,7408922778.386459,517004297.21381116,303679804.59199923,8229606879.765589,10302181710.660692,
2023-10-31,zscore,2024,10,121.539,0.40229383208280556,-0.09788208607755111,-0.3915254922987733,0.39109070512667576,-1.154295719279379,0.20578130377733858,0.4787018561517679,0.611471684976623,-0.3238229390455974,0.22009873573934982,-0.1886757664373779,0.9424044935584202,-0.12618631240457306,1.9600732966799566,-0.06912846682511477,-1.1741046717421262,0.40229383208280556,0.4997180687185182,-0.3238229390455974,2.068925905983563,0.7150087981577258,1.1984860586415034,-0.5047643639837849,1.8856076751664197,0.09509240677752481,1.1967571666024819,-0.8539130745562293,0.4815361796583651,0.4638899530148079,0.7508109299414776,0.6203527337975031,-0.6324083103255453,0.3842797673379858,0.2896421090435387,0.7024796957821089,-0.2979284884750584,-0.7340146860683461,0.8830390780448583,-1.6605313216855788,-0.04369224288833327,0.264192300536112,0.4384904520531282,0.24329857918222672,0.37623341731950966,0.3423094087485117,1.1974816667392993,-0.1629327514542658,0.4940528667936189,2.405365815587784,0.19453173367355173,-3.044033712104549,-0.09788208607755111,-0.19026568841165314,0.51508718957576,0.3915254922987733,0.5134580355799366,-0.9160726043024899,0.0,0.7421571944631169,0.38252538753540366,0.19026690913910643,-0.689268038420842,0.22727591138504102,-1.034305114305555,-1.1172255053669822,0.06876413916360719,0.32079860540938765,-0.48864806200524696,-0.5067919090776363,-0.4442205812865845,0.492974134696739,
2023-11-30,deseasonalized,2024,11,121.539,-27724202123.301453,46196159732.01373,74085809960.81195,58316514264.76718,33566563400.183525,-17635083007.19758,-16824277318.8302,399912626.71908,-1940108188.7898712,-373321246.63796616,-1262206234.669979,-18100056.311100483,-227960624.82317924,-48224587.42586899,-5067085799.108322,-2453489803.636758,-27724202123.301453,-25882847566.598175,-1940108188.7898712,-33091470.77010429,-15532843.625512123,-3745597405.8029976,-657524811.8027196,960634448.7409286,1679235852.499075,761135445.6044564,6327620086.130554,-1574480618.0941086,726842139.8071976,-152669814.72810364,-257255444.52459145,-1528232515.8375235,-540260644.8705335,401880823.9805889,7124605810.736511,-4399092067.371815,-798147599.4491081,361321857.9160228,-157146533.40907478,-1901108508.801815,48699456.29328218,-27897504.76194644,-367305129.95154095,121621273.06571317,-12720936.373672724,481220883.11859703,312619107.778383,467115459.52415466,43556628193.33171,-853615288.2245026,705242027.6138725,46196159732.01373,45954961842.04059,237582379.70352173,-74085809960.81195,-72136192429.30103,-1955224995.0342064,0.0,17169968.322738647,-23290696.601690292,489465373.2661438,-101064212.8719554,445682223.47463226,1402351774.5828629,1434066789.0880127,-1569781701.262209,296713988.7025118,-319489685.3944334,-1974350230.4420002,-1990448130.0100555,-720114777.6845589,
2023-11-30,raw,2024,11,121.539,275000000000.0,589000000000.0,314000000000.0,261000000000.0,73560761367.0,-20609385154.0,127000000000.0,7801178277.0,87837000000.0,30842460511.0,2761509388.0,605973756.1,7690866528.0,2320907869.0,6296206194.0,1781327264.0,275000000000.0,187000000000.0,87837000000.0,533102177.9,744668386.4,18111056590.0,1114602322.0,66327251362.0,11695625493.0,4013284589.0,152000000000.0,6481130243.0,5524260657.0,1175610436.0,3641225507.0,4557147258.0,2364611124.0,9454659847.0,79923179591.0,10574774566.0,26449848288.0,1352646176.0,6029419443.0,925525735.9,45822787.83,-39307034.41,4677154074.0,2251477036.0,654763270.0,10819221387.0,133604462.2,122000000000.0,51592266863.0,-6754909232.0,-8822105341.0,589000000000.0,475000000000.0,114000000000.0,-314000000000.0,-288000000000.0,-25872640390.0,,103000000000.0,12352207729.0,49700003719.0,1438783433.0,51138787153.0,35022969655.0,57778255620.0,2218709052.0,8041467642.0,153494703.5,134480482.6,8329442828.0,8968958341.0,
2023-11-30,real,2024,11,121.539,293343288985.4285,628287989863.3359,334944700877.9075,278409448818.8976,78467475198.79283,-21984090272.879353,135471264367.81609,8321539249.952212,93695979907.68394,32899741115.27251,2945709987.0547557,646393944.193556,8203869390.805321,2475719082.6349893,6716181211.194135,1900146903.2042718,293343288985.4285,199473436510.0914,93695979907.68394,568661622.6562946,794339904.2547197,19319116025.86116,1188949494.7137296,70751469323.24481,12475757268.57616,4280982185.3519773,162138836093.76413,6913440224.816544,5892744692.135216,1254027024.9521222,3884105695.130962,4861122054.736898,2522337470.129785,10085312784.57254,85254284972.35278,11280142368.981445,28214129054.42737,1442871556.732374,6431599018.481129,987260957.8529639,48879299.24557697,-41928926.37851932,4989133669.668205,2401657013.8741965,698437858.6496515,11540894494.269344,142516263.1450086,130137750022.62646,55033619082.932205,-7205481057.865146,-9410565078.199474,628287989863.3359,506683862793.0129,121604127070.32309,-334944700877.9075,-307210426282.9215,-27598419733.59942,,109870395510.90596,13176135423.476694,53015136558.252686,1534754415.9053307,54549890975.224724,37359102213.216576,61632231037.860435,2366703311.328808,8577856604.997012,163733240.60557514,143450716.61902434,8885040562.114943,9567213594.6263,
2023-11-30,zscore,2024,11,121.539,-0.5442407106120908,0.6731925163686038,0.9919573721908966,0.5633194712051797,0.5399821350452672,-0.17031385772959504,-0.5069377634181164,-0.6718778825580916,-0.0010198111426694616,0.6125283324580182,-0.34008109779556817,0.673270733952022,0.0075817507440999405,0.06458558732765106,-0.1504797319804221,-1.3344185591502007,-0.5442407106120908,-0.6007738981566834,-0.0010198111426694616,0.5186230915497972,0.26725575910246946,0.41345984126622776,-0.05417672032942787,0.49437933601703143,-0.0417648834603951,1.0607815828877731,0.6153265461635922,-0.10302067437063601,0.4151630325561937,-0.15005252867271648,0.4052692123427505,-0.3136200772413545,-0.23573815652011818,0.3991591319987999,0.4446236423579107,-0.2965981595990233,0.3977461717346231,1.8324509583139776,0.18994290049506174,-0.09194796997610451,0.2475086821100586,0.07976409039821518,0.8162357094031367,1.1735975605010318,-0.14297002273075987,1.125056025791527,-0.1641518594449503,0.6781584846771256,6.209392701537845,0.3481016193697379,0.2113340774401475,0.6731925163686038,0.5546012916866475,0.971596391101355,-0.9919573721908966,-0.8924841311632697,-1.1337996538421549,0.0,0.6927977010160336,0.03870954953968782,0.5616842454644763,-0.25438369605693983,0.6206525991501887,0.25906106002877877,0.4612604311243286,-0.26259207110125393,0.6629231920241513,-0.5242887948946434,-0.5316925620668992,-0.402423328111799,0.23893385493342673,
2023-12-31,deseasonalized,2024,12,121.539,-18124202123.30139,15896159732.013916,33130134059.91208,-27906879667.332886,16809923811.933681,44478874171.70242,-36366980763.43005,17303005374.26909,5685994598.610199,3775252218.6620407,-677116487.0499737,-40820379.73110032,124573806.77682209,-526654511.6258683,-5188053336.208323,-2412387905.8367605,-18124202123.30139,-23982847566.598206,5685994598.610199,-27875082.630104125,-53301290.31551182,-60107767.50299072,-57472539.81271839,977554065.0409546,1493791174.1990757,365019579.0044584,3179741317.830658,-1030104061.694107,1003691651.5071993,-272959810.7481029,-472652437.3245888,-2065164363.9375095,-229692649.27053165,-1087783465.8194065,-7401897186.263458,-1909779318.951809,5409714363.650909,-14105494.133977056,3621661287.6809273,-517666547.41181445,128397684.91228223,618030723.3750535,3093463245.638463,78714518.26571369,-4565525.383672595,371636134.21860504,523712288.38136566,-135044443.07583618,-521745406.03928584,8477360909.175499,1398284420.9138718,15896159732.013916,12154961842.040588,3351505121.903534,-33130134059.91208,-35990300571.90115,2527429373.7657776,0.0,-989948870.1772156,-331498248.20168686,-813957010.833847,-160360483.57195473,-917036433.0253677,1404288765.082878,2826619474.3880463,-647332352.7622089,1653726699.5025177,-230830649.62942484,-1944022702.1259997,-514448854.91004944,-988482175.5845528,
2023-12-31,raw,2024,12,121.539,429000000000.0,559000000000.0,129000000000.0,100000000000.0,-9738793462.0,38826500046.0,178000000000.0,93925134290.0,102000000000.0,37778484047.0,370567903.8,580341672.4,6971986549.0,1654492364.0,5744452855.0,1873990947.0,429000000000.0,327000000000.0,102000000000.0,507821681.7,737064008.3,20867328011.0,1482672204.0,77074311967.0,11328213070.0,4082749211.0,135000000000.0,7532705604.0,6167021469.0,1225241372.0,3099582823.0,5249165311.0,2427672488.0,8475351822.0,119000000000.0,12939931068.0,40158531529.0,1031294206.0,13366097495.0,1315568219.0,45573725.4,649783452.1,1928729070.0,2633356001.0,668645124.3,10208662195.0,142808398.6,127000000000.0,-348632391.2,-50010446820.0,-8143841117.0,559000000000.0,475000000000.0,83605670532.0,-129000000000.0,-148000000000.0,18597627218.0,,104000000000.0,12673803380.0,52696547298.0,1717152175.0,54413699472.0,32680687275.0,47413663484.0,2890668347.0,11087933985.0,127038742.1,121409850.8,11336382578.0,8827406469.0,
2023-12-31,real,2024,12,121.539,457615530817.2685,596286903792.1984,137604670105.89194,106670286903.79219,-10388398926.883156,41416338993.7692,189873110688.7501,100190210221.9151,108803692641.86803,40298417320.838264,395285846.15682864,619052126.9713458,7437038054.7121,1764851751.4801338,6127624341.481582,1998991519.7159922,457615530817.2685,348811838175.40045,108803692641.86803,541694844.8290523,786228292.3182006,22259238658.489094,1581570693.849579,82215389704.32274,12083837382.841885,4355080296.936012,144004887320.11945,8035158679.404832,6578379494.40076,1306968486.7763598,3306333890.1147614,5599299697.298036,2589605208.03403,9040682104.633179,126937641415.51271,13803061595.38854,42837220798.334145,1100084488.3623857,14257654545.75708,1403320393.622409,48613623.63692641,693125872.6084352,2057380832.5658429,2809008401.4649286,713245672.4590279,10889609252.445469,152334128.50933114,135471264367.81609,-371887171.93259114,-53346287104.76242,-8687058684.492895,596286903792.1984,506683862793.0129,89182408624.32364,-137604670105.89194,-157872024617.61243,19838142310.738346,,110937098379.94388,13519182427.068512,56211558191.16915,1831691151.6472077,58043249341.74966,34860582878.373604,50576290869.98135,3083484219.1820073,11827530993.502579,135512590.67703864,129508236.17782603,12092551820.464113,9416219806.646212,
2023-12-31,zscore,2024,12,121.539,0.5945586610677064,0.4788039611300774,-0.04242673370555874,-0.22893285275593847,-0.025541828933705747,0.43962846308214903,0.033574286023433084,2.063477585146353,0.7303608800250107,1.8095066414275434,-0.8975673162360147,0.49604641111237835,-0.21712523080767188,-0.5258172628814995,-0.22448388073801454,-1.3131771016190206,0.5945586610677064,0.5404770304546368,0.7303608800250107,0.28615618606973336,0.19280065710246788,0.9402088148359601,0.41245613265148845,1.3711004428212452,-0.0486995663832019,1.1286649931118946,0.21385956728243935,0.23001264084047757,0.5592635309082857,-0.08158879243500167,-0.18414103726912434,-0.2775299500920783,-0.1683570806705081,-0.013750824587754954,1.5638366536322759,-0.25332266653887836,1.6474867943944433,0.9326063271577522,1.97785906465567,0.1598602125932871,0.2453233365184988,2.6041580672413738,-0.04339846594324559,2.27929528908661,-0.04138939539896196,0.6528306662026828,-0.1639572243081854,0.908290507031509,-0.3675380913348559,-1.7529357865768307,0.28009728658338595,0.4788039611300774,0.5546012916866475,-0.2897937067479668,0.04242673370555874,-0.08202101719203221,1.0441717669193493,0.0,0.7421571944631169,0.3025044224989037,0.8474649604585551,0.5048526632868148,0.9384365638102203,0.09153227783836582,0.033551839844519586,-0.01764570288143501,1.6140407672797277,-0.5271359136360565,-0.5338593151307026,-0.19787912518702916,0.18674314991624602,
2024-01-31,deseasonalized,2024,1,122.614,-1624202123.3011475,-31903840267.985962,-30258514266.687935,41057855067.35722,-39793417774.25636,-31122810647.797623,2833019236.5698853,-2213737623.030895,4612991811.210205,1220481414.5620651,-252535354.56997013,-34939408.061100125,-51405615.52317238,333689751.7741327,-4748396149.308317,-2643208286.13675,-1624202123.3011475,-6282847566.598022,4612991811.210205,-56884718.92010391,-13035113.605511308,806828892.9970093,-318414429.79271865,-2280689116.559021,921349557.7990837,230709042.20445824,-11149101947.869324,-1710321424.894102,-95342575.49279737,241721411.51189756,388246723.2304125,-5855802470.7375145,1111749922.1294694,-630909445.8194017,2890087516.236557,-18807174329.37181,-6856066532.249092,-29524668.61597681,-1437588661.0070667,-354023070.9318137,29521885.190282226,-553761236.6619463,146811242.02846432,89227771.51571465,61260056.76632762,593828153.0186062,355071159.3753618,1591414878.92424,-2027695575.3892856,2378888746.3054924,8582594869.313862,-31903840267.985962,-31945038157.95923,-40915543.59642029,30258514266.687935,25778257875.89885,4507723674.865768,0.0,2681065935.122818,697358536.9983177,-3118433389.9338303,-309692261.5719538,-3370844588.925354,1434724067.9828873,-8818820314.911964,-809862383.762207,815587611.4025183,163274795.11756855,-513948576.9639977,471591626.7899513,-668283043.6845512,
2024-01-31,raw,2024,1,122.614,477000000000.0,499000000000.0,21930356331.0,138000000000.0,-96890893934.0,-18859713894.0,283000000000.0,19642851466.0,117000000000.0,35008771643.0,3931970122.0,583462161.9,6606037297.0,3073125008.0,6476625976.0,2418406803.0,477000000000.0,360000000000.0,117000000000.0,538640399.1,765545242.9,19006567333.0,1014861452.0,56006663684.0,15336555666.0,3760329147.0,146000000000.0,6369824547.0,4160327447.0,1747731722.0,3753558153.0,5650708062.0,3476722406.0,7301424465.0,69196125995.0,9888390904.0,14214960539.0,611366374.4,2029760165.0,903051461.7,45199031.28,-799092453.8,1579027686.0,1676588275.0,699697786.8,11286879245.0,193042559.9,121000000000.0,1580053546.0,-617041055.8,-9094381773.0,499000000000.0,395000000000.0,104000000000.0,-21930356331.0,-34909647993.0,12979291662.0,,107000000000.0,12894399090.0,46112985793.0,1243945522.0,47356931315.0,40508430971.0,56608047737.0,2390289159.0,8489053387.0,665073978.0,56469484.36,9210596849.0,9147243025.0,
2024-01-31,real,2024,1,122.614,504356288841.40466,527618004469.3101,23188077845.016277,145914398029.58878,-102447655528.46626,-19941331882.994793,299230251031.69293,20769382951.058083,123710033112.04265,37016549565.53393,4157471401.6083965,616924131.3527606,6984898228.643237,3249370910.231849,6848065076.455347,2557104151.0899076,504356288841.40466,380646255729.362,123710033112.04265,569531808.6166228,809449806.3925276,20096607471.040157,1073064477.1885102,59218685631.13399,16216118027.910645,3975986694.765377,154373203712.46347,6735138509.634804,4398925181.412905,1847965377.7742507,3968827379.4496384,5974780183.388944,3676114905.70633,7720166344.702806,73164572974.92757,10455497146.655226,15030198623.64162,646428670.2616535,2146168352.3218389,954842104.5195343,47791227.83146198,-844920973.6682172,1669586045.4691632,1772741803.5513887,739825951.9098372,11934189787.440828,204113687.83985025,127939435953.48001,1670670739.2688923,-652428798.6710064,-9615951027.960573,527618004469.3101,417653530591.93884,109964473877.37125,-23188077845.016277,-36911741103.79302,13723663258.776745,,113136526008.44926,13633902037.468313,48757598285.018654,1315286681.3350186,50072884966.353676,42831618262.729095,59854559486.772316,2527373940.232877,8975906629.022802,703216443.0798113,59708049.40167158,9738831121.123638,9671843910.313257,
2024-01-31,zscore,2024,1,122.614,0.9495091145782925,0.09002685065302446,-0.6410815317337243,-0.04194162101356275,-0.6172208772695134,-0.15235839958522793,1.1463932113442703,-0.2957782814272404,1.5049644504207744,1.3315259003783626,-0.0671694716672446,0.5176219741855325,-0.3315133821266679,0.7310033694916072,-0.1262808528034709,-1.1883797062411026,0.9495091145782925,0.8094861779130195,1.5049644504207744,0.5695498270870569,0.47166280721425274,0.5846002308163897,-0.18062653055024536,-0.34755106565172245,0.02695542841059222,0.8135841240473587,0.4736323183231853,-0.1382711246146489,0.10938294825328099,0.639164116781768,0.5275084945748398,-0.25658869158496805,0.9525528967093848,-0.5087189874542228,0.13738631261560824,-0.309156986626478,-0.7176371196290252,-0.24326885026324085,-0.7847564693814383,-0.10645717445016491,0.2420356622461271,-2.703611640291886,-0.15277574944736866,-0.49094344721610517,0.18583881697844407,1.48675707468606,-0.16289492526243188,0.6321320802062489,-0.12332141214200353,0.6462343290772422,0.18373037879896617,0.09002685065302446,0.002847973095313695,0.5565880260780869,0.6410815317337243,0.5726615460058008,0.769008721329426,0.0,0.8902356748043672,0.4834521968666548,0.21958992226729715,-0.7857940302308194,0.2536769292979643,0.6514017367417633,0.41297025640495766,-0.20004672887421035,0.8026610458433887,-0.469234022243384,-0.5446246507396809,-0.342483667904307,0.3046680852212838,
2024-02-29,deseasonalized,2024,2,122.614,-17524202123.301147,-6303840267.986084,11285809960.812012,99790105428.66724,-79301125376.96643,-9270400182.497597,-8959661108.830078,-2440609115.0709057,1602091811.210205,212045897.56207275,-171678699.66997242,12950238.368899941,531683215.87682533,-1322340526.3258672,-4490669760.6083145,-2247569186.336752,-17524202123.301147,-19339666089.497925,1602091811.210205,20675483.73989618,-25074399.085511208,478186053.9970093,-363188106.84271836,-731136728.5590134,2160944705.9990807,408801069.3044596,4296521767.030701,-181237179.8941021,523857179.1072035,31239249.271897554,62968049.70541191,-3140284708.637517,960310808.3294699,-123338503.51940155,6586745571.236542,-9732978492.771805,-159029635.24909592,-98044582.40397692,610128050.680932,-225944610.4718144,94307429.99228224,-75143777.81994647,-2023352749.811537,6071234.065714359,19907605.196327448,-140886739.88139343,-8497332113.640631,871208445.7242126,795619684.9507146,116245185.27550507,1032984952.1138573,-6303840267.986084,-7245038157.959106,1020858112.403595,-11285809960.812012,-12136192429.301086,307674580.2657776,0.0,1348984617.722824,111684945.39831924,2273007958.166168,228002650.22804642,2558291670.674652,1137616714.482895,1232966651.8880463,236298982.35779238,1177161324.102518,-3973693838.46743,-3825165754.0449924,-6615020471.310036,-272284068.58455276,
2024-02-29,raw,2024,2,122.614,271000000000.0,567000000000.0,296000000000.0,302000000000.0,28381926480.0,-34473235098.0,121000000000.0,4887813410.0,97783000000.0,27736046133.0,3078102629.0,612415882.6,6674857904.0,1549513438.0,6208388231.0,1711655569.0,271000000000.0,173000000000.0,97783000000.0,524106330.2,720044587.9,16819113575.0,804261429.3,61334830338.0,13696073459.0,3871665521.0,144000000000.0,7070204363.0,5405599422.0,1261186983.0,3522696441.0,5277364800.0,2979126001.0,8126878656.0,76161871822.0,53615561401.0,27217214731.0,702451323.4,6177858196.0,994103574.0,52535198.16,-299574790.2,866019765.8,1778808909.0,726902235.8,9674089359.0,71591559.25,126000000000.0,4022481442.0,-7234388535.0,-9086720420.0,567000000000.0,448000000000.0,119000000000.0,-296000000000.0,-275000000000.0,-21563814905.0,,108000000000.0,12815877307.0,53691099753.0,1845393411.0,55536493164.0,34512064549.0,52701330304.0,3334464940.0,9481367849.0,28847338830.0,12852227584.0,51180934263.0,8417372580.0,
2024-02-29,real,2024,2,122.614,286542042507.38086,599517852773.7451,312975810266.3643,319319914528.5203,30009650124.99453,-36450299619.25479,127939435953.48001,5168132981.167402,103390924511.06723,29326728081.286945,3254634001.3320985,647538368.5024515,7057665746.342048,1638379134.3806415,6564443706.234409,1809820231.7726684,286542042507.38086,182921672892.16562,103390924511.06723,554164200.5407963,761339656.5064625,17783701686.14065,850386393.5849721,64852426427.65383,14481553001.007338,4093708288.90311,152258502291.7448,7475685605.603747,5715614388.7697315,1333516952.3710015,3724725584.271665,5580025420.1053705,3149980993.4073267,8592960919.925749,80529809273.28862,56690451933.6621,28778141329.825512,742737405.7898477,6532162752.039864,1051116120.1396576,55548129.09334463,-316755617.2237199,915686614.5538583,1880824863.5246706,768590595.3849217,10228905255.81837,75697386.0287202,133226189505.2767,4253173610.105958,-7649285856.497707,-9607850290.92371,599517852773.7451,473693118240.9838,125824734532.76134,-312975810266.3643,-290771445348.8182,-22800515007.85905,,114193876718.80861,13550876974.434582,56770322463.80868,1951228034.0132935,58721550497.82197,36491355966.85251,55723789033.81655,3525698872.9773107,10025131030.318348,30501754203.87704,13589311965.64229,54116197199.83768,8900114876.822222,
2024-02-29,zscore,2024,2,122.614,-0.5738199150713064,0.5306409091936845,0.8913145943198901,0.7650731686114272,0.23326124265037948,-0.3125873139383221,-0.5705274162935928,-0.7644083338667099,0.5125939962677483,0.0764415372160564,-0.26626232394634114,0.7178126260577278,-0.3100014867904775,-0.6188220874350572,-0.1622583532194333,-1.350389523205966,-0.5738199150713064,-0.7148989910178154,0.5125939962677483,0.43590173748915395,0.026162088478045863,0.1665575761711113,-0.44762172422476276,0.08710882302136135,-0.004007661659041361,0.9223861664612396,0.42640090904304967,0.08353876241771732,0.38856037915956015,-0.032003371954366346,0.27628704671763077,-0.2760592902745452,0.4208710715620842,-0.16067910064741384,0.33689469843639874,0.4909232033239703,0.46770249061832614,0.01178576271077832,0.22611677155707408,-0.04767468815497618,0.3064053062352066,-0.8736932101231257,-0.37578564588060825,-0.1949723852112165,0.38490768313387635,0.23937550409199876,-0.1654632428924568,0.8622641025606324,0.18594699616871235,0.32481202439173756,0.18450709560049863,0.5306409091936845,0.3683845466620723,1.179100573612989,-0.8913145943198901,-0.8172268420087977,-0.9227710437581761,0.0,0.9395951682514505,0.4190432295606382,0.9423155455396062,0.8546240077231209,1.047387826068132,0.2225192190646488,0.25175439881294204,0.14412951846389827,1.1124651331779198,2.563664809987236,1.5765618756898907,2.5125084259114314,0.035562120336881595,
2024-03-31,deseasonalized,2024,3,122.614,-12759951638.871033,-40073699230.674805,-28326118956.116547,-26748773610.290405,15472723534.891312,-16340165879.837112,-1328394885.6618652,-4900975452.531719,2384282720.088501,369937661.0598755,-497473804.20578325,144471404.9219519,-671053001.3405571,-857040162.6983175,-4368691368.860899,-2758634270.291401,-12759951638.871033,-15037598898.100037,2384282720.088501,-23035745.398307443,88994814.01883948,-3122640416.0072594,-401152985.91271853,-4313433472.481873,-1703250029.7429848,337467114.86716366,-1549783367.9415283,55807477.374334335,3415059159.0886316,-232568287.9749992,-898699833.7967844,1382425968.762249,131875621.71171951,-1248625398.7287521,5979754652.185638,-30527175601.44252,2299262087.068321,-125750324.84113705,548974475.3334627,-198755173.84363413,47040585.205247715,83805993.81370091,-1340778320.4182105,33802191.96612501,-5312959.889862537,-765353715.4104214,-6460713924.021075,188468930.359787,-1875513347.1926045,-306802071.3875427,51826066.780303955,-40073699230.674805,-41715863971.36987,1564319547.767807,28326118956.116547,26316569084.838715,1277021815.9843597,0.0,-250099255.9400177,50046932.950675964,-667894063.7024918,155148066.1354704,-444008723.61959076,-4701860281.926041,626574326.407402,521343688.6507983,-1376728470.691536,3449489223.2609005,48043696.222356796,2128817805.6715393,-872442123.3414803,
2024-03-31,raw,2024,3,122.614,332000000000.0,569000000000.0,236000000000.0,135000000000.0,61831028837.0,39823078503.0,161000000000.0,14811738353.0,108000000000.0,30476415328.0,346162416.1,788839140.1,6831143662.0,1761052349.0,6064284894.0,2253179277.0,332000000000.0,224000000000.0,108000000000.0,527238695.6,894492467.5,15371355494.0,1298530480.0,66267723532.0,9840109983.0,4088912807.0,144000000000.0,7855057818.0,8622079543.0,1049348550.0,2823674064.0,10057708963.0,2720703100.0,7600313596.0,88653867156.0,33470455255.0,29163636047.0,807108188.7,5900528462.0,1071441662.0,59188456.91,192643293.2,1452229095.0,2075127013.0,692654557.1,9555422966.0,227938169.3,128000000000.0,1140179841.0,-7133583853.0,-9929678510.0,569000000000.0,447000000000.0,122000000000.0,-236000000000.0,-223000000000.0,-13602962699.0,,109000000000.0,12983570652.0,56438812889.0,2203964191.0,58642777079.0,30616667179.0,52524161909.0,3584556383.0,6587582093.0,17327857133.0,7538243365.0,31453682591.0,8467261516.0,
2024-03-31,real,2024,3,122.614,351040435839.30054,601632554194.4639,249534767644.804,142742345898.51074,65377082263.05072,42106960343.842766,170233464367.85358,15661202069.201214,114193876718.80861,32224259396.267044,366015076.5630401,834079625.1439852,7222914603.582396,1862049952.1951325,6412075940.492309,2382400709.1028914,351040435839.30054,236846559120.4919,114193876718.80861,557476209.3215913,945792245.9222028,16252913650.766827,1373002125.4512534,70068224550.45648,10404447280.539072,4323414861.078849,152258502291.7448,8305550963.775979,9116561929.565775,1109529434.7570422,2985613777.3936415,10634525716.61554,2876737355.4618554,8036196979.684341,93738229413.49907,35390009639.92472,30836191290.956673,853396416.6587844,6238927960.791198,1132889602.4242907,62582956.95886162,203691522.9109824,1535515465.20275,2194137021.281403,732378787.9833183,10103433260.88404,241010585.22736228,135340890925.99538,1205569964.818748,-7542699954.37746,-10499152626.188362,601632554194.4639,472635767530.6245,128996786663.83936,-249534767644.804,-235789208410.13257,-14383102272.77924,,115251227429.16794,13728187651.892864,59675618900.021965,2330363102.960396,62005982001.92501,32372554790.551105,55536459905.51008,3790133237.8881526,6965384605.584011,18321622048.582687,7970566976.844323,33257573631.01102,8952864978.740892,
2024-03-31,zscore,2024,3,122.614,-0.12273704706826978,0.5436001462095862,0.5558386680832019,-0.05670408667743452,0.4603485181502422,0.4498555401230335,-0.14659639712375008,-0.4492177224434946,1.040202308183316,0.5493583991555051,-0.9032578457353682,1.937631221750029,-0.2611497981002982,-0.4314117180071432,-0.1815862739296938,-1.2262550999539874,-0.12273704706826978,-0.2991575813094059,1.040202308183316,0.46470541624648903,1.734195868295222,-0.11012238986334966,0.179004328455935,0.4895231891205514,-0.0767865945259465,1.1346882881889737,0.42640090904304967,0.33210140259310517,1.1096628168353924,-0.3242253562812955,-0.484382239294282,-0.026754770093234112,0.14474616735675705,-0.3826970464970832,0.6946823476938436,0.12232628363602904,0.6451463591979858,0.304844237982753,0.15853273547063387,0.0022541381305410117,0.36478291733784945,0.9294841509827173,-0.1924349732030583,0.6629912225292233,0.13429990323491442,0.14759524619108078,-0.16215698972997167,0.9543169115023857,-0.1790196953240293,0.3297083780006985,0.0990470324118278,0.5436001462095862,0.36148763017968066,1.3036030831199694,-0.5558386680832019,-0.5161976853909095,-0.5328811347877372,0.0,0.988954661698534,0.5565968454221318,1.2043652718001374,1.832607281341717,1.3488087869107739,-0.05609414673449855,0.24444331086558752,0.23529425290767714,0.20901497759684926,1.3239694636334847,0.6956487137476297,1.170580983186458,0.053956357768068695,
2024-04-30,deseasonalized,2024,4,123.401,114512775633.85657,-48073699230.67468,-163780664410.66217,-144156219186.38135,-13359521506.381592,-5638967131.655319,88914448039.1565,22251064253.55925,5809888355.270294,2185933360.3326187,2873207997.1851273,67361630.56740665,464118991.75035954,493872489.8616843,-4957750322.224531,-3224668150.382307,114512775633.85657,108689673829.17297,5809888355.270294,87690544.19260186,21427623.009748697,-2101625163.5527077,405077695.9872818,-4070206346.2091217,14283297154.80249,351761732.6853471,-13686437116.487,747403299.1016169,-690998099.275002,-372769065.03590715,704396354.203218,-6307290590.692299,1014532837.5299025,-530373907.6378393,14846215911.640198,-43857624785.35162,2974473740.068344,-84607989.62295508,-401250869.20289564,-248517333.57999682,31983528.520702213,87096506.84279174,959039325.5272441,247088879.1479442,52947107.5465014,-313788890.3195095,-7898378742.762909,857103518.2688751,-3678449707.9798756,-2541621329.342106,457262695.5984764,-48073699230.67468,-44715863971.36975,-3532342749.323059,163780664410.66217,154150707352.47522,9372928028.184383,0.0,634102983.7872772,2162037.8597717285,-2275135805.1569977,42648507.70819855,-2163750022.346901,-9866812198.380585,307807761.1346741,-113987000.3673811,-611293287.3278923,445082901.9881735,-1341574300.3230963,-1499771328.7829933,-170699124.79602242,
2024-04-30,raw,2024,4,123.401,776000000000.0,567000000000.0,-210000000000.0,-34010860301.0,-187000000000.0,11641924402.0,482000000000.0,91907667617.0,129000000000.0,39973340605.0,11707065037.0,702051709.8,7476244465.0,4175149312.0,6366508728.0,3082489688.0,776000000000.0,647000000000.0,129000000000.0,607507072.9,767996297.1,15034600142.0,1632709784.0,60558959602.0,25108351010.0,3996912885.0,144000000000.0,8700040108.0,2988779431.0,647852569.0,4322459265.0,4796528908.0,3238763322.0,8038895584.0,102000000000.0,20458837293.0,31622356928.0,731553839.3,3612070097.0,992441185.0,50001878.94,-62035913.94,3421494060.0,2105364428.0,726888101.8,10682225291.0,103154645.0,128000000000.0,1117664129.0,-12863469420.0,-10647890815.0,567000000000.0,462000000000.0,105000000000.0,210000000000.0,186000000000.0,23991269883.0,,109000000000.0,12864651142.0,51018968602.0,1587800163.0,52606768765.0,31516115589.0,56409894844.0,3205208190.0,4487097756.0,8301315954.0,3265543285.0,16053956995.0,8993143467.0,
2024-04-30,real,2024,4,123.401,815271318708.9246,595694378489.6394,-220627547588.75534,-35732060474.25423,-196463578090.9393,12231091571.55689,506392752084.66705,96558872909.2437,135528350661.664,41996286221.957924,12299528802.739864,737580700.0650789,7854597530.890268,4386442635.825901,6688700987.433554,3238486382.5288935,815271318708.9246,679742968047.2605,135528350661.664,638251407.7940487,806862569.459134,15795461706.223871,1715336931.2766023,63623689245.31318,26379018606.352135,4199186132.111652,151287461203.71796,9140326252.151669,3140033695.929741,680638683.3216424,4541207558.044019,5039268618.621956,3402668614.0631924,8445722942.952358,107161951685.96689,21494205230.81886,33222681228.575844,768575854.7328448,3794867462.95137,1042666022.7268012,52532342.50172397,-65175388.35718705,3594646874.0347323,2211911383.477346,763673996.5313311,11222824613.06623,108375030.23208888,134477743292.19374,1174226170.5199633,-13514455769.607376,-11186752559.55373,595694378489.6394,485380604695.2618,110313773794.37767,220627547588.75534,195412970721.46902,25205404942.02979,,114516203272.25873,13515697295.449242,53600904396.03319,1668154552.4938858,55269058948.52708,33111063294.880054,59264651234.149025,3367415345.100445,4714177969.9870825,8721423717.573471,3430803840.545133,16866405528.105688,9448262801.133556,
2024-04-30,zscore,2024,4,123.401,3.160554647904652,0.5306409091936845,-1.9378657169428473,-0.8883764273490814,-1.2289751532396072,0.16065519461329192,3.2554500317142376,1.9994014703186844,2.124647306737385,2.1882821282161324,1.7457181672910986,1.3375690595813616,-0.05950465778021397,1.7073286278322808,-0.14105037502609707,-1.0361508292719983,3.160554647904652,3.1490505815662253,2.124647306737385,1.2028136057066787,0.4956612838902791,-0.17447945377897697,0.6026712723128,0.023815028056954894,0.21139203984547508,1.0447825452956607,0.42640090904304967,0.5997068104126391,-0.15326631380067993,-0.8780717504675056,1.1465810978492028,-0.3011358448600592,0.6982935836994771,-0.1977757908740376,1.0769336509692935,-0.11574852551069702,0.8692935884211109,0.09327816086148413,-0.39915450019547016,-0.04874791266499968,0.2841772327781191,-0.003500223518696105,0.42349868398699153,0.75054105938342,0.384804257427506,1.019099008775775,-0.16479578005430923,0.9543169115023857,-0.18187071026028456,0.0513924772083765,0.026233840752227126,0.5306409091936845,0.46494137741555575,0.5980888625804137,1.9378657169428473,1.8515124118536346,1.3083302757396706,0.0,0.988954661698534,0.45905088379212766,0.6874740821140776,0.15205173470888678,0.763099471392506,0.008237762200581793,0.4047932154166611,0.09701212353241351,-0.44676366708117504,0.3525576078213396,-0.012648033549081051,0.12302936619978715,0.24785100141149904,
2024-05-31,deseasonalized,2024,5,123.401,-36715604659.545654,69638969377.40161,106509841907.08887,-42733948654.66864,130356265345.46136,19421544215.5401,-43628891551.17639,11804007677.007404,1138342900.7248383,290213638.11806107,-1673627601.4339638,20034864.92286098,24660890.97854042,722204878.7398643,-4233156516.385441,-1164644151.3723078,-36715604659.545654,-37934666185.9563,1138342900.7248383,-51943650.76103461,33965855.28883946,-264392836.8745308,-353323287.29090035,7329088066.352692,635904618.4797821,1168097741.993528,55987011328.60388,-815155619.664751,-11880053499.543184,441673304.2813654,-349811414.59951067,-13697661734.43049,-319301244.2764602,251582188.71579552,16138509721.928345,-25893661878.585297,9400530402.861969,72229018.05613565,5784598598.115288,-141404178.7999966,38946933.86433856,267491543.61370072,-64487464.7273016,40948006.249762535,42907825.69013739,664577233.0168533,23373338122.72435,5267073010.922531,-1029531623.9553261,-3337802756.9511814,398407398.391201,69638969377.40161,70111760658.1847,-282485904.8012848,-106509841907.08887,-107938807558.7539,1792034764.4807167,0.0,413059886.81269836,1143.6424980163574,-2027249952.4606628,-113016333.75725651,-1908135528.7956772,23202058743.84486,37333318305.55194,-113202592.11101723,2000058830.4566526,-539592158.8245745,-668352931.4721901,800127096.7215462,-671253024.1996593,
2024-05-31,raw,2024,5,123.401,324000000000.0,671000000000.0,347000000000.0,122000000000.0,244000000000.0,-18468455836.0,130000000000.0,30131690346.0,99998000000.0,29279975601.0,13383026162.0,657984473.5,7635311527.0,3561195987.0,5224661702.0,4156825289.0,324000000000.0,224000000000.0,99998000000.0,491648498.6,831798589.0,17186643005.0,878273557.4,74272426306.0,9709761166.0,4716316577.0,213000000000.0,6919977455.0,-8840220376.0,1809101010.0,3788592532.0,924360825.4,2214613928.0,9916437897.0,103000000000.0,13834082972.0,38533488967.0,971455854.2,11077312818.0,1125909579.0,55179263.33,244523691.4,3584098150.0,1977949285.0,714906396.1,11200428282.0,31315042965.0,133000000000.0,3949102365.0,-12206774363.0,-9705107868.0,671000000000.0,551000000000.0,120000000000.0,-347000000000.0,-327000000000.0,-19669080397.0,,109000000000.0,12815035079.0,52784605553.0,1656674863.0,54441280416.0,56766753664.0,100000000000.0,3246488858.0,9711870610.0,2062954791.0,932483427.3,12707308828.0,8868474579.0,
2024-05-31,real,2024,5,123.401,340396787708.3654,704957544914.5469,364560757206.18146,128174099075.37216,256348198150.74432,-19403095804.037697,136578958031.13426,31656575932.103596,105058635732.28741,30761758144.32011,14060305911.610537,691283336.8561113,8021714558.467451,3741418748.070129,5489068087.11025,4367191282.223758,340396787708.3654,235336050761.33905,105058635732.28741,516529535.8181506,873893727.5183669,18056413797.507557,922720671.8153045,78031158425.52066,10201146636.795778,4954996952.550968,223779369697.16614,7270179310.7910795,-9287600674.766785,1900654853.222097,3980323234.0392056,971140295.2148556,2326689713.2882876,10418282733.482403,108212559055.43715,14534189520.246286,40483567480.131294,1020618679.53755,11637906480.518213,1182888901.0545619,57971740.696438275,256898392.19491252,3765479929.2947383,2078048095.2594388,751085928.2240874,11767252494.292364,32899814914.306934,139730780139.54504,4148956047.461447,-12824527103.228481,-10196257847.624638,704957544914.5469,578884660578.1152,126072884336.43163,-364560757206.18146,-343548609816.7762,-20664480815.791298,,114516203272.25873,13463570294.017342,55455895588.5628,1740514819.8839393,57196410408.44674,59639569740.30148,105060736947.02635,3410785119.1179,10203362834.207664,2167355506.3085876,979673960.6302687,13350392300.831337,9317284748.657093,
2024-05-31,zscore,2024,5,123.401,-0.1818954559867008,1.2045212340205762,1.1764691316210751,-0.12067477122087884,1.6971008501111466,-0.14834323522568682,-0.4751429369803782,0.03735438117302659,0.6269771234961894,0.3428838400979506,2.1364952883556354,1.03288114563381,-0.00978359110640062,1.1634040188522046,-0.2942010878494562,-0.7898790073018274,-0.1818954559867008,-0.2991575813094059,0.6269771234961894,0.13743561518871317,1.120354860245768,0.23679585115889554,-0.35379038354883086,1.142528893061126,-0.07924684806848381,1.7478105692699868,2.0558845292077286,0.0359619866005489,-2.805208895507887,0.7238204034721571,0.5656325617530222,-0.5030771639319807,-0.3960101804634129,0.5938606454252051,1.105575004067116,-0.23696228426246382,1.4993411506750949,0.7650479343946164,1.4200923081907488,0.037418172261136126,0.32960509659723086,1.119541287594201,0.4743569146506138,0.3816214615142191,0.2971279891705358,1.419893226554073,0.4952403053595755,1.1844489338567692,0.1766554914392317,0.0832899163801875,0.12181426305272523,1.2045212340205762,1.0787669443484147,1.2206014101153158,-1.1764691316210751,-1.118255998626686,-0.8299747142030951,0.0,0.988954661698534,0.41835237622486754,0.8558630866367931,0.33990391991901103,0.9411129046949933,1.8142576863378344,2.2035965089157443,0.11205998398992544,1.1844289110268964,-0.31879788421083627,-0.39940551184543666,-0.1046231771505267,0.20188511578599538,
2024-06-30,deseasonalized,2024,6,123.401,5534459127.610718,-113261586244.77222,-119307878430.9685,-223614997654.87042,23140813073.06938,81604864066.44016,-31631536431.816406,14908825637.556541,21270870730.98398,6176509797.029884,-1049915719.7357981,-20944993.464411616,-240806068.354187,-241521861.44558954,-1661392175.6036224,-1916094886.7250357,5534459127.610718,-15747550529.149902,21270870730.98398,3031600.6989655495,-94664193.81843317,-3343896294.1899796,-237456033.47453666,-6395095355.2790985,52789030387.39253,487491823.0944381,-58815833300.815216,-1898945904.541112,2524118562.096819,335141719.4150021,-242868028.14223957,-12703293166.093227,-25757581.98009634,237351561.15670395,2597158217.416565,-20994249704.262608,-13479667363.609856,97259472.41431737,-4554061657.948349,-182949632.38272405,123186341.51161124,-93603122.7308448,193761688.6681509,138822847.1470356,5043023.128319144,126750876.6468544,-48976216291.737434,-3593795226.32016,-3745565873.72624,4591352223.529686,1234678256.146637,-113261586244.77222,-119673439472.53064,6038711241.376892,119307878430.9685,103942449556.85883,15366723237.56165,0.0,872628053.3027191,34574059.752500534,-2407725820.145218,-241719474.74725628,-1745355976.6956635,-19393152523.73149,-37244175632.20534,-1059453920.118288,2185666010.7812004,-549274143.4436526,-566234572.9530952,1078170651.8824673,-1357805931.202383,
2024-06-30,raw,2024,6,123.401,466000000000.0,532000000000.0,65965292476.0,10110044729.0,-58871972766.0,115000000000.0,185000000000.0,81353911330.0,139000000000.0,41130249972.0,526226799.2,624642889.6,7097075040.0,1988856440.0,6323344669.0,3089014052.0,466000000000.0,327000000000.0,139000000000.0,553307178.5,679203278.8,15323194617.0,1186658981.0,63357906233.0,86834806543.0,4057737521.0,89572909680.0,6445151944.0,6124706301.0,1854371273.0,3379366216.0,4258268236.0,2270703025.0,11083462263.0,140000000000.0,7201411330.0,13888115718.0,908430832.3,218570241.4,1244603151.0,59770654.59,-94954697.19,2469725480.0,2233627822.0,763824210.3,10009956427.0,175652869.3,129000000000.0,-7610405939.0,-56918927066.0,-8748959395.0,532000000000.0,437000000000.0,95183292393.0,-65965292476.0,-110000000000.0,44027932829.0,,110000000000.0,12775262515.0,51612196979.0,1520549431.0,53132746410.0,17813992318.0,19881834985.0,2517918605.0,10649284352.0,711217621.5,381932724.8,11742434699.0,8367604568.0,
2024-06-30,real,2024,6,123.401,489583034173.1428,558923120558.1802,69303622404.54694,10621687497.961393,-61851328443.21226,120819847489.0803,194362363351.99875,85471018778.52837,146034424356.36664,43211743728.737305,552857753.2522686,656254423.1009603,7456239338.707465,2089507232.682393,6643352508.951904,3245340927.4284,489583034173.1428,343548609816.7762,146034424356.36664,581308599.3128985,713575970.0756459,16098661188.447273,1246712670.4866734,66564283202.59575,91229287680.60046,4263088942.938598,94105959014.7023,6771324129.721995,6434661575.671558,1948216125.147754,3550387050.6684384,4473767989.922739,2385617331.94342,11644367132.753365,147085031725.8369,7565855813.884652,14590956721.3866,954404127.0683851,229631506.3617345,1307589242.5065112,62795490.19031564,-99760104.63363132,2594711789.856484,2346665850.4470143,802479344.3209844,10516533990.282429,184542198.95517704,135528350661.664,-7995548564.173661,-59799444237.88004,-9191721215.5831,558923120558.1802,459115420458.5052,100000268438.52867,-69303622404.54694,-115566810641.72899,46256070692.68915,,115566810641.72899,13421784945.176214,54224154500.68827,1597500437.852416,55821654938.54069,18715511608.977463,20888002353.832706,2645343842.1392856,11188216619.79556,747210474.4450126,401261335.3167381,12336688430.292736,8791067023.95384,
2024-06-30,zscore,2024,6,123.401,0.8681663023154499,0.30385426141540356,-0.3948705152334361,-0.671265312160974,-0.3591089215781705,1.2213353593444771,0.10776221437815556,1.664206986682702,2.6410496870012277,2.3879347693231256,-0.8612729570738965,0.8023521063938731,-0.17802516117076803,-0.22959140679498927,-0.14683977260184514,-1.0346552379428262,0.8681663023154499,0.5404770304546368,2.6410496870012277,0.7044182566266933,-0.37371858484803255,-0.11932637911226192,0.037175509260069003,0.2521468183396473,1.3764408250088678,1.1042226401013426,-0.8589331803723642,-0.11441498108036378,0.5497768965603091,0.7862687793287798,0.12031650342459851,-0.32920721670898817,-0.3360789728337597,1.0859182697875824,2.165305068686548,-0.35832090698822167,-0.7474336539079718,0.5885662791391075,-1.2261354855816244,0.11404575500659431,0.3698912876906335,-0.12409393332620991,0.12581080922302826,1.121916695133551,0.6550846530822397,0.499145480596342,-0.163262664092986,1.0003433159732624,-1.2870482026953618,-2.0884991901193106,0.21874969779104195,0.30385426141540356,0.2925184653557639,0.19068728519115882,0.3948705152334361,0.13796182802873228,2.289643895178482,0.0,1.0383141551456174,0.3857281835934744,0.744050342483504,-0.03137116169836333,0.814138169552732,-0.9717892595684791,-1.1025854464229878,-0.1535225279170564,1.4770927992562686,-0.4642681686038358,-0.4906717520451628,-0.1702578176979592,0.017212468037097747,
2024-07-31,deseasonalized,2024,7,123.921,-31760849416.670044,-12829858337.69934,19118953017.65793,120241525499.06595,-112488157326.31598,10905337102.06101,-32711087726.939972,-3850940670.096241,792979264.3611755,-202188683.20920563,282128224.1723881,-1255791.4480479956,8853783201.255817,-990791908.6946802,-2893290522.863615,-530967918.94776344,-31760849416.670044,-32443496675.89911,792979264.3611755,12570817.24260199,-15542713.240251064,-148090704.27269363,-178333715.10180926,-694029778.1336441,-8152882032.852016,587690853.0144386,-1048940652.6479187,-275695062.98929214,3410924795.6740923,-312111668.65045166,243890540.3150363,-4794944026.449596,339212062.8226323,-837803368.667839,4009139888.891037,-6492400565.022602,-712697533.905304,121524576.8479538,825638562.4007444,-307294182.99635875,34509245.01433854,168863320.85370058,3482254668.877245,164600131.04067278,98035305.66650128,882386496.2823124,-2460978958.578399,1336851349.2316742,-4268143860.7689576,1606821264.0361042,539296665.2948112,-12829858337.69934,-12643973213.972534,772274414.527832,-19118953017.65793,-19678947809.72119,419593473.69706726,0.0,1004545788.7663269,66967005.317956924,-7649333538.6206665,126663562.41365266,-7668974963.89566,3863668278.7139435,2259216619.907402,285592475.1635318,3736593183.6030197,-876355070.4945686,-2149244269.198548,719007200.580658,-480847412.940567,
2024-07-31,raw,2024,7,123.921,330000000000.0,574000000000.0,244000000000.0,319000000000.0,-76202971252.0,580552618.5,154000000000.0,19833860851.0,94418000000.0,28318504859.0,4406459748.0,633123518.9,16964023242.0,1374260871.0,7133488191.0,3688278628.0,330000000000.0,236000000000.0,94418000000.0,575207541.5,780889803.1,17169112006.0,1119234912.0,66646008605.0,9149432252.0,3933443207.0,158000000000.0,7441436682.0,5456624406.0,1497940068.0,3707280098.0,11183989051.0,3130287359.0,10001499732.0,88549466363.0,14787902833.0,28686337081.0,1047153053.0,6753003158.0,936080359.9,49018598.35,21528656.95,5654587012.0,2058085662.0,948923174.9,11758374297.0,215386688.0,129000000000.0,-513316685.8,-5957463659.0,-9809694862.0,574000000000.0,465000000000.0,110000000000.0,-244000000000.0,-229000000000.0,-15128444990.0,,110000000000.0,12811406852.0,46696488406.0,1755902885.0,48452391292.0,40819748605.0,65482337356.0,3206480039.0,11322523088.0,508425400.2,231232664.2,12062181152.0,9300617131.0,
2024-07-31,real,2024,7,123.921,345245600019.3671,600518104276.1113,255272504256.74417,333737413352.0549,-79723456161.07674,607373445.808628,161114613342.3713,20750161182.43676,98779997159.48062,29626785459.68733,4610032847.452876,662373058.0878897,17747740554.323574,1437750057.5501003,7463046699.190499,3858672630.189297,345245600019.3671,246902913953.24435,98779997159.48062,601781432.7297955,816965965.5159544,17962304170.63997,1170942208.3517077,69724973423.4216,9572124932.358452,4115163515.584299,165299408494.12122,7785222037.221874,5708713839.7872505,1567143083.5445805,3878551945.0723276,11700675789.462204,3274902840.881803,10463556897.175392,92640344381.48091,15471086020.021769,30011611084.508076,1095530254.8336277,7064983718.837548,979326137.9394563,51283198.180163965,22523254.80701172,5915822078.241395,2153166725.055898,992762275.4261616,12301596937.636572,225337291.92346734,134959643643.93442,-537031294.5120423,-6232691259.227362,-10262890874.660887,600518104276.1113,486482436390.9264,115081866673.12238,-255272504256.74417,-239579522437.68204,-15827360811.916782,,115081866673.12238,13403278320.336277,48853809571.29361,1837023470.0229175,50690833042.362724,42705571514.46348,68507541973.16012,3354615530.3475113,11845609931.059689,531914037.4458662,241915333.0175934,12619439301.10467,9730294369.522726,
2024-07-31,zscore,2024,7,123.921,-0.13752664929787753,0.5759982387493406,0.6005687915814271,0.8487271407067005,-0.4767697540236294,0.047141300535888137,-0.22078432547847254,-0.2897116933392089,0.3388245953089653,0.17695885196757083,0.043465367803312185,0.8609885326219339,2.9061783392289864,-0.7740850041693701,-0.0381789318251519,-0.897284774899126,-0.13752664929787753,-0.2013360731427213,0.3388245953089653,0.9058031335382506,0.6219026795367724,0.23344551502779284,-0.04830360004953802,0.5203828371748087,-0.08982271079882671,0.9827576171463807,0.757020774003999,0.20110782545901054,0.39999966650492425,0.29458730054282933,0.477149169590212,0.03198299174029704,0.5823870027577377,0.6297256416270107,0.691692167717838,-0.21951015171206825,0.6016337988391824,0.9770140161141261,0.36627706849350816,-0.0851339925190338,0.2755496452988561,0.3026277866075006,1.1219507121378527,0.6136494550591832,2.009548439849856,1.8514259280788379,-0.16242241521459666,1.0003433159732624,-0.38839096881309243,0.38683568838161636,0.11121111300056412,0.5759982387493406,0.4856321268627308,0.8055930450920478,-0.6005687915814271,-0.5509318188468196,-0.6075930043443326,0.0,1.0383141551456174,0.4153762548825668,0.27523863537551835,0.6105432224027719,0.3599758407521024,0.6736683364240871,0.7791795448889675,0.0974757450579912,1.6872803155647162,-0.48609211690593884,-0.5156536980609939,-0.1485073707969505,0.3612176921633934,
2024-08-31,deseasonalized,2024,8,123.921,-27762927624.454834,135941783667.61597,163715573809.03064,-33686124250.897736,121675749285.71494,75245436183.63922,-24200864614.394653,173218452.9392128,1117888355.2702484,-126234580.81829834,-1237299451.5867147,152192294.9537704,-322231024.55963707,892344845.6344109,-5106087080.626343,696316755.0931377,-27762927624.454834,-29063574883.683624,1117888355.2702484,53468462.80532932,109806687.31611228,-2023363045.9981499,-479047542.73817253,9539911027.910004,53565064538.96072,1092458882.2980757,47860636456.3212,-1227877151.9329262,1171745113.4268236,-778059098.6695427,-140128733.87587547,179307562.26948166,706047563.3080883,-457260773.4760208,2640930823.731003,-4897595012.850811,13573622353.040146,174105481.6470449,6966342117.982569,-257149820.7172675,54675391.96433851,254431955.2064277,275931644.1999705,43220901.53067231,102804532.0301373,-485863983.6795044,1731017124.0651941,3345340815.526169,713154005.2646852,1466375710.2479534,291557454.2329941,135941783667.61597,135799443106.69733,-45991098.28128052,-163715573809.03064,-165126196593.53934,1338518057.9606857,0.0,-1076403262.0909576,-257435551.50204277,183037857.16024017,-178501277.71725607,-229268484.3956604,14848769073.274857,32668775755.415565,-320715740.55374,3901574195.7975674,-468593364.217292,-2028194450.3894482,1412799738.3379517,-1153090104.3687458,
2024-08-31,raw,2024,8,123.921,307000000000.0,687000000000.0,380000000000.0,236000000000.0,144000000000.0,-714864781.9,137000000000.0,8807696671.0,96840000000.0,29121882464.0,3820214486.0,810679338.2,7929228389.0,3492787544.0,7046951549.0,12025513869.0,307000000000.0,210000000000.0,96840000000.0,593150626.5,889423838.0,14990223469.0,1434493264.0,78749259219.0,38894134617.0,4545000507.0,202000000000.0,6890034890.0,6134169285.0,359121745.1,3660855810.0,11437368312.0,3425113534.0,11241996385.0,92293475444.0,15422773418.0,45267350831.0,1058097565.0,11864584986.0,1341798139.0,73943612.56,233517071.3,1770637844.0,2154948555.0,1057878389.0,9686471884.0,222487548.9,134000000000.0,4419396616.0,-9527318673.0,-10237272482.0,687000000000.0,564000000000.0,123000000000.0,-380000000000.0,-354000000000.0,-25962780395.0,,110000000000.0,13056573980.0,53854402418.0,1608872797.0,55463275215.0,50656645107.0,92281752829.0,3208038402.0,11518018413.0,529948790.8,292307578.0,12340274782.0,8809710709.0,
2024-08-31,real,2024,8,123.921,321183027896.8052,718738567313.0461,397555539416.2409,246902913953.24435,150652625462.99655,-747890668.3629682,143329233947.43423,9214601581.721144,101313890623.86519,30467278136.29444,3996703764.914388,848131741.0307953,8295549129.851227,3654150095.055914,7372512169.21792,12581078034.073109,321183027896.8052,219701745466.87,101313890623.86519,620553466.5086546,930514141.2782981,15682753624.179708,1500765114.101274,82387379545.89192,40690996494.182434,4754974021.598615,211332155163.37018,7208346150.764921,6417560470.970295,375712734.4456113,3829982911.2358675,11965760865.208897,3583349627.8190455,11761362991.984488,96557322144.05002,16135286856.545925,47358647572.5327,1106980390.022595,12412714431.734377,1403787586.6785612,77359717.83599034,244305276.9567692,1852439166.2690258,2254504566.3086157,1106751088.35705,10133975144.43124,232766203.99035996,140190637583.6218,4623567383.074183,-9967469247.986683,-10710222062.454079,718738567313.0461,590056116396.7366,128682450916.30956,-397555539416.2409,-370354370929.8665,-27162229380.735867,,115081866673.12238,13659771872.49199,56342410534.808685,1683200770.1669772,58025611304.97566,52996920711.92228,96545057958.44556,3356245887.829278,12050136903.122131,554431782.6038911,305811833.8085393,12910380519.743803,9216708665.835604,
2024-08-31,zscore,2024,8,123.921,-0.3076070749383667,1.3081951301477903,1.3609808910512537,0.4402989240062483,1.0181969050181643,0.033847481608801765,-0.4009550086256557,-0.6399101732257727,0.4638972518088679,0.31560105266163824,-0.09322708424988509,2.088637841588594,0.08208872807970466,1.1027983765426514,-0.04978569534588978,1.013874187983449,-0.3076070749383667,-0.4132826741705379,0.4638972518088679,1.0707988445289136,1.684568492925405,-0.18296024662655105,0.3513756766695008,1.5077388840271062,0.47159020455743106,1.5803941388200478,1.7961117781669829,0.02647919339551273,0.551898402235266,-1.2763634726141055,0.42663071529104235,0.0451972275638235,0.8974088100901227,1.1527617100141727,0.7989256538082129,-0.20789386434502719,2.1132280259404896,1.0076606630409364,1.6119470719931834,0.17679403075495426,0.49424890846507913,1.0792199567533671,-0.09284519288475632,0.8941076383852218,2.806829462987262,0.2489525318353512,-0.16227225369974527,1.2304753383276459,0.2362057261391593,0.21343826145192124,0.06786280084039317,1.3081951301477903,1.1684268586195063,1.3451039196222963,-1.3609808910512537,-1.2745595991782819,-1.1382143417969894,0.0,1.0383141551456174,0.6164791963664857,0.9578897399852323,0.2095262550339577,1.0402830587183298,1.3772399064382854,1.8850928397562365,0.0980438082726211,1.7483146479856344,-0.48377582804274083,-0.5055291487184229,-0.12959031737517646,0.1802186569712511,
2024-09-30,deseasonalized,2024,9,123.921,26486117027.377136,-104225376375.18164,-130298275611.8633,-51715148236.86624,-72071545135.53287,-5888510221.876556,5006226931.197266,27434423709.17665,2684101721.59404,1104668963.7668037,-553938722.4379892,40216930.76045871,-2320491489.9124737,-488538021.9162226,-5308181558.431652,-1160502953.3915062,26486117027.377136,22944013406.76184,2684101721.59404,77215324.50985324,47306863.17228162,-4341615480.48423,659289663.3681915,-2328800996.022812,-40937283195.821335,-81912789.73376513,-46845808424.87741,-2371606666.31176,1266944372.8920708,753292195.6926527,461191683.78556633,-1487766193.4625587,1348909307.321247,3160889456.952812,8922440437.971115,-1756509413.0406265,-13292063039.568783,600326091.8444307,-5248407137.3267145,378435415.2254586,29356221.424394775,-115183947.63392472,3199397448.25784,-155836697.0880065,119169564.5948565,-120999045.99398232,816264222.0689024,-818566343.08638,-7752350078.735011,-187104236.60429478,1952041685.8194427,-104225376375.18164,-109523053421.14392,5191625197.904739,130298275611.8633,132606568864.47853,-2362895344.9879208,0.0,2916195445.451706,1015082773.9575939,2176901900.3925247,-337738687.02074003,1919356700.7043533,-18298485217.344055,-35692875348.83687,-3249020606.0270996,1788263007.62352,-426717914.81242484,-2149126320.429011,-778232311.1741104,-971314047.0983982,
2024-09-30,raw,2024,9,123.921,528000000000.0,463000000000.0,-64263008868.0,144000000000.0,-176000000000.0,-31758089005.0,250000000000.0,109000000000.0,106000000000.0,34880466259.0,864557112.0,709542740.7,12295634807.0,2204100802.0,7249259468.0,4606088775.0,528000000000.0,421000000000.0,106000000000.0,681642115.5,878740260.4,11303828672.0,2018699469.0,72311690298.0,17813729682.0,4096659557.0,103000000000.0,9247661913.0,4491428557.0,2632298646.0,4457217658.0,3834539517.0,5823939174.0,16953542130.0,84448301832.0,-23880661526.0,15766804953.0,1109527081.0,755013723.8,1848368083.0,32692005.51,-349779707.3,5545086587.0,2093385635.0,1015349190.0,10378247318.0,204564387.9,124000000000.0,-3105838434.0,-4681739766.0,-11591168930.0,463000000000.0,340000000000.0,123000000000.0,64263008868.0,81061093186.0,-16798084318.0,,110000000000.0,13103399596.0,57105587262.0,1590401738.0,58695989000.0,19523873089.0,22028564302.0,3284253184.0,11873427481.0,291665528.8,155863878.9,12320956889.0,8928731321.0,
2024-09-30,real,2024,9,123.921,552392960030.9874,484390038815.05145,-67231881986.91688,150652625462.99655,-184130986676.9958,-33225274224.241486,261549696984.36902,114035667885.18489,110897071521.37247,36491901522.85983,904498602.6771247,742322755.310175,12863678232.005243,2305927587.544419,7584166468.865873,4818884493.537415,552392960030.9874,440449689721.6774,110897071521.37247,713133155.0432371,919336995.3423421,11826051855.69929,2111960937.6778266,75652402743.47775,18636702401.954243,4285920263.125878,107758475157.56004,9674892684.636162,4698927112.441168,2753907652.9346595,4663135711.373116,4011690594.983755,6092998104.860386,17736775227.65294,88349711020.01654,-24983919143.64632,16495212231.475195,1160785887.326006,789894442.7157203,1933760448.0969162,34202336.53980729,-365939105.8223852,5801262866.327756,2190097514.0227237,1062257091.9112982,10857709765.006962,214015014.67615172,129728649704.24704,-3249324405.180429,-4898030468.627883,-12126666885.344532,484390038815.05145,355707587898.7419,128682450916.30956,67231881986.91688,84806017440.08,-17574135453.163124,,115081866673.12238,13708760775.195614,59743796177.96217,1663876370.6292555,61407672548.59143,20425852361.556908,23046257272.755154,3435981700.3805966,12421965439.28572,305140122.71370304,163064601.18841356,12890170163.501696,9341227885.84958,
2024-09-30,zscore,2024,9,123.921,1.3266439714332903,-0.14323941563320727,-1.1230115154935851,-0.01241668968581922,-1.154295719279379,-0.2847239700386781,0.79665012052915,2.542265581584121,0.9369218321305477,1.3093837088510578,-0.7823858375383236,1.3893632443289468,1.4469368739161101,-0.03889823734922409,-0.022651060583824552,-0.6868935555129217,1.3266439714332903,1.306745511093666,0.9369218321305477,1.8845226910233954,1.5799646910796064,-0.8874644041989747,1.0920225524394234,0.9825764459441091,0.0737105604371866,1.1422587001917008,-0.5418429811997306,0.7731383227558082,0.18361248133180172,1.8593860479043796,1.2932238577381652,-0.3513055178721081,3.460554326556106,3.560945902735428,0.5742292662732015,-0.9270325449019597,-0.5761645237473764,1.1516727686943207,-1.0954065689597332,0.5038313727621703,0.13229541105691975,-1.0576124381725915,1.087701894211965,0.7158574935805828,2.49562156374149,0.7839930444600122,-0.16265127379950328,0.770211293618879,-0.7166647638716175,0.4488010174079827,-0.06939678225109479,-0.14323941563320727,-0.3764824334362283,1.3451039196222963,1.1230115154935851,1.244018746187835,-0.6893650946636017,0.0,1.0383141551456174,0.6548887873716733,1.2679556224932045,0.15914739608727435,1.3539722519368298,-0.8494922019197619,-1.013997824258486,0.12582604775420342,1.859274616986022,-0.5094192257914714,-0.5281477801346633,-0.13090439858544048,0.22410200209477102,
2024-10-31,deseasonalized,2025,10,124.695,-39213882972.62219,31174623624.818115,70603373306.63596,50394093268.53357,-11847554635.533146,32168843077.70321,-26493773068.802307,-8176614536.8233185,-1328851464.3059387,203943730.76681137,-69988050.17795086,61426295.1004585,2726822148.787524,-243227570.51621962,-5585800313.931648,-571815963.7914925,-39213882972.62219,-38255986593.23761,-1328851464.3059387,32167351.769852877,10797514.31228137,-1388586259.58424,82408816.98819113,15547736974.77716,9191196463.578602,872387097.3262343,6649464256.422577,432920212.7882385,504406549.67007065,23507314.362650633,-394962561.4144335,-827581681.6625679,384837810.02124596,151077093.45280838,6380910665.571045,-3396117590.1405945,2260358039.3312187,799123911.7844303,2038447764.143281,-383763084.78454113,33101672.901394915,197257048.65807492,339715399.1918411,226972802.01199245,30899439.374855995,612893453.6060162,836166406.5618436,2556877586.613617,-2480093349.3949966,1071742025.2757682,-10831663809.580559,31174623624.818115,32976946578.855835,-1720487590.09523,-70603373306.63596,-71141279784.82074,510839911.0120697,0.0,1262192524.4516907,375581051.4575958,294862588.6925049,-114240112.72074175,260815963.20435333,2883105469.4559402,1636439489.5631104,597585940.7729015,3709708589.8235073,,-2407530715.4090166,518204459.3258648,-992910939.7983952,
2024-10-31,raw,2025,10,124.695,327000000000.0,584000000000.0,257000000000.0,262000000000.0,-35316249698.0,30595374623.0,168000000000.0,12871728054.0,87611000000.0,30819264783.0,3149469229.0,708280570.4,10457737665.0,2776966765.0,7297256976.0,3043695973.0,327000000000.0,239000000000.0,87611000000.0,633016017.4,800539355.2,24803158843.0,1266322163.0,99151111005.0,22563368519.0,4961237729.0,152000000000.0,9706927152.0,5515127810.0,1529984547.0,2867986061.0,-201149690.3,3064880739.0,9768206240.0,81998049981.0,14504785561.0,30603990180.0,1797115015.0,7029757303.0,1029679972.0,40979507.14,311748969.9,2750614715.0,2177467255.0,792980418.6,11902021311.0,239510648.3,130000000000.0,4383269893.0,-439450569.9,-43134399207.0,584000000000.0,475000000000.0,109000000000.0,-257000000000.0,-236000000000.0,-21248087729.0,,111000000000.0,13118222766.0,53140893659.0,1419924568.0,54560818227.0,34732631861.0,56164000510.0,5284565190.0,11984504972.0,,5024291.0,11989529263.0,9366955630.0,
2024-10-31,real,2025,10,124.695,339983495729.5802,607187649865.6722,267204154136.09207,272402678535.62692,-36718477151.023766,31810160298.115067,174670419824.37146,13382798470.579285,91089584233.52982,32042939990.030216,3274518526.508152,736402765.3881743,10872960883.087454,2887225896.9099803,7586993687.882401,3164545556.0813026,339983495729.5802,248489466297.76654,91089584233.52982,658149842.3500574,832324674.1590216,25787965286.174892,1316601332.4054532,103087893960.09648,23459244356.34367,5158223077.219889,158035141745.8599,10092339528.835896,5734105297.367657,1590732399.6981595,2981859103.126878,-209136314.59668633,3186571460.67119,10156051695.665745,85253772708.10158,15080696329.775902,31819117934.77108,1868469250.849593,7308872972.490782,1070563291.6308753,42606593.54964064,324126925.311002,2859827541.9294276,2263923330.861141,824465610.8890942,12374589637.803488,249020389.82719275,135161634387.9065,4557307097.701415,-456898902.00293034,-44847045347.37337,607187649865.6722,493859817955.8122,113327831909.86006,-267204154136.09207,-245370351658.04562,-22091740500.532772,,115407241669.67401,13639080225.516949,55250846459.87982,1476302502.4494007,56727148962.329216,36111686837.89411,58393985405.34472,5494388216.22952,12460348302.657782,,5223779.870772686,12465572082.528553,9738869478.383095,
2024-10-31,zscore,2025,10,124.695,-0.15971105264228916,0.6407944238288494,0.6732552422660428,0.568240293093137,-0.19918818837434077,0.35515909366831266,-0.0724084687690276,-0.5108337701082301,-0.012690504936632301,0.6085253496058624,-0.24962206059407255,1.380636397173488,0.8724483205473869,0.4686255144323462,-0.016213374627155185,-1.045043580163944,-0.15971105264228916,-0.17688069610105014,-0.012690504936632301,1.4373812084572015,0.8142930876175913,1.6923825068404768,0.1381711617492286,3.1720762071418336,0.16335706466669617,1.9871566213334442,0.6153265461635922,0.91858736119652,0.4131155402705666,0.3387912776374985,-0.43616235931789027,-0.5617747910290881,0.5125000205591506,0.531361078900543,0.5040507378301173,-0.22469037531641864,0.7764550370177788,3.07704547096125,0.43372083607290485,-0.02470686154402581,0.2050123405117765,1.3658124108489855,0.21366548437024255,0.9593085992202866,0.8684355401989984,1.9625269707440243,-0.16191226715313226,1.0463697204441391,0.2316312393598402,0.6548603750038946,-3.267285840587571,0.6407944238288494,0.5546012916866475,0.7640922085897209,-0.6732552422660428,-0.5914549745453815,-0.9073080208650547,0.0,1.0876736485927008,0.6670477709737335,0.8898423253804344,-0.3058202758290874,0.9527123601326158,0.23829501684457868,0.3946460607752807,0.8549909909613669,1.8939534028351237,,-0.5531528559585547,-0.15344944611671169,0.38567694504131744,
2024-11-30,deseasonalized,2025,11,124.695,-21613882972.62274,94474623624.81812,116280133945.13644,6263595078.033752,124788605745.11697,-15244794865.476625,-17451069624.202637,-185607063.97335243,100248535.6940155,766893931.8667908,-1486532883.577981,-16364851.579541564,1557868019.4875278,-274907678.1162214,-5839178162.031654,471133730.50850105,-21613882972.62274,-21955986593.238068,100248535.6940155,31983017.66985309,-28473051.96771884,-582901699.6842308,958453600.3081903,3973039836.277153,-1125287815.0213356,625413876.166234,47266376193.42255,965665259.7882366,880705615.1700687,1054904990.9326515,-701985482.2144356,-466729981.4925661,-9965962.178753853,-285615839.7471924,5644544731.071045,-570244379.6406097,14926976704.331215,-64132205.88556969,6376614419.423281,14144817999.465458,43249010.60139484,-190851019.1719249,-2899126331.412161,-121291509.18800735,35460842.944856286,627835609.4060135,520917655.8788948,6812883466.613602,-6258658287.904005,957536799.0857372,1381229283.4194412,94474623624.81812,92776946578.8559,1691768355.5047607,-116280133945.13644,-115030669401.02121,-1542683717.4879189,0.0,1610723732.2516785,468788209.9575958,-1286301636.907486,532440142.77925897,-673668008.0956421,15001427731.455933,32984687755.16313,1472442876.0729027,1979212477.6235113,200132687.89857793,-1841107351.180009,347586730.4258919,-1063804502.7984009,
2024-11-30,raw,2025,11,124.695,302000000000.0,669000000000.0,367000000000.0,221000000000.0,164000000000.0,-18695003170.0,138000000000.0,9337659788.0,94718000000.0,33493442414.0,2619041709.0,651512078.3,9577825835.0,2244147882.0,6711869038.0,3946300758.0,302000000000.0,207000000000.0,94718000000.0,625148817.5,754183197.8,22222378691.0,2824261185.0,72328723229.0,9369628433.0,4116266028.0,201000000000.0,9551577919.0,5837083248.0,2429780855.0,3331545417.0,5415963135.0,2927407193.0,9243315283.0,86592751812.0,15538858979.0,44348021783.0,981088629.6,12647210738.0,17118663530.0,32109112.93,-203783910.8,2233359355.0,2065986499.0,727882711.8,11333775462.0,-617776.54,135000000000.0,2113895303.0,-5542255925.0,-8785928955.0,669000000000.0,547000000000.0,122000000000.0,-367000000000.0,-340000000000.0,-27162270365.0,,111000000000.0,12986161297.0,51160865313.0,2135973688.0,53296839000.0,50079278866.0,92823418029.0,5520681827.0,10425952614.0,771714721.1,412137931.0,11609805266.0,9078820208.0,
2024-11-30,real,2025,11,124.695,313990873731.9058,695562564657.7649,381571690925.8591,229774778459.44104,170511600304.74356,-19437286025.72533,143479273427.16226,9708410448.49471,98478766815.02867,34823295522.71899,2723030445.5271983,677380287.1268438,9958112259.548578,2333251504.148298,6978362992.105121,4102988155.673187,313990873731.9058,215218910140.7434,98478766815.02867,649970276.2228237,784127951.0965059,23104715568.17343,2936398136.17635,75200526498.63214,9741648404.705225,4279701876.306893,208980680861.30157,9930822173.19599,6068843937.368844,2526255012.048037,3463824027.686611,5631003300.855768,3043639544.036874,9610320006.253803,90030906623.50978,16155827508.652584,46108854662.00584,1020042635.8163648,13149366721.51047,17798358009.62653,33384001.402805086,-211875126.50528732,2322034619.9793897,2148016244.8322225,756783207.4583808,11783781655.611307,-642305.2833300454,140360158787.44135,2197827262.1415296,-5762310530.915834,-9134773209.029472,695562564657.7649,568718569309.1143,126843995348.65071,-381571690925.8591,-353499659168.37085,-28240745047.843056,,115407241669.67401,13501775271.749966,53192201326.18948,2220782266.7664943,55412983591.916275,52067670619.20234,96508960694.3962,5739879835.945643,10839913810.454662,802355561.4237187,428501818.0554633,12070771189.829872,9439293674.05564,
2024-11-30,zscore,2025,11,124.695,-0.3445810805123861,1.1915619970046745,1.2882944403666379,0.36648659568688946,1.1539776940367608,-0.15066810691235724,-0.3903567331464096,-0.6230781838830071,0.35431666671688056,1.070019259196095,-0.37329971403546847,0.9881299708992111,0.5974061200036493,-0.0034190055529082592,-0.09472877812823358,-0.838137912406086,-0.3445810805123861,-0.43773805121220905,0.35431666671688056,1.365038339825293,0.36041607332958214,1.1991715386761272,2.113300250431792,0.9839659542633878,-0.0856666436642977,1.1614188723141425,1.772496073526915,0.8693883479823888,0.48529470582766976,1.5800214873313398,0.06827837956944588,-0.2688311095773171,0.36560951831215105,0.31004899247345047,0.6356492153509998,-0.20576983581448788,2.0294181634848036,0.7920214775374319,1.802669524657943,10.362207089288638,0.12718094345112338,-0.5227756982320946,0.05188177763276155,0.6365256496797088,0.3920823274581416,1.5230280590989547,-0.16699024974435012,1.2765017427985226,-0.055724579192472735,0.40700344097508606,0.2150016811682258,1.1915619970046745,1.0511792784188478,1.3036030831199694,-1.2882944403666379,-1.193513287781158,-1.1969604437358972,0.0,1.0876736485927008,0.5587218706410128,0.7010067881988731,1.647166697758986,0.8300610367143957,1.3359445169248372,1.9074453700437144,0.9410615508000061,1.407367840169736,-0.4577576349865507,-0.48566455544762244,-0.17927980813103958,0.2794403364954207,
2024-12-31,deseasonalized,2025,12,124.695,-14013882972.62268,-33825376375.18164,-19943922942.763412,-91688990889.06631,62317480088.86714,9603132228.423374,-13993773068.80249,8527391379.57666,-2346004393.9059143,1932827807.1667938,-766020519.9579751,-13466583.599541426,-541511628.9124727,-692254626.3162208,-5305880834.131655,-205131615.69150066,-14013882972.62268,-11055986593.238098,-2346004393.9059143,-42223928.39014673,-22569170.15771842,-1062565929.3842278,758038859.2981915,-303149505.42282104,406565243.67866516,880437957.5662365,-40449835611.87735,3048175164.188238,986141292.8700705,220959704.91265225,858367475.9855671,-491015526.5925541,657878032.4212475,1312916516.4528103,5448469513.071075,310364578.77939606,-6755622719.568771,131982517.46443057,-2630815510.486717,3787856065.755459,144883336.8503949,20808322.795075096,3953208492.1778426,-84267731.98800659,106539191.43485653,86975051.5060215,791249704.5218779,-3789276435.986389,-4471559428.075003,1886493586.4857407,1133191286.7194443,-33825376375.18164,-34023053421.144043,671492551.704773,19943922942.763412,23046431146.378662,-3030854294.687935,0.0,-396395106.248291,-332469145.64240265,-1618965524.0074768,29302707.079259634,-1509469329.5956345,-12765916459.044052,-25373806046.53685,3247497975.5729027,1685355067.4235172,-338641891.0364134,-2045981515.1640081,-689919422.4741058,-848011900.6983948,
2024-12-31,raw,2025,12,124.695,454000000000.0,541000000000.0,86731619013.0,48270807965.0,34985959103.0,3474851945.0,212000000000.0,87271521497.0,98808644283.0,37446826360.0,363522840.8,651498586.0,6407031776.0,1638815353.0,6814380564.0,3321597197.0,454000000000.0,356000000000.0,98808644283.0,520444987.1,790251148.2,20813496244.0,2391864054.0,78782674876.0,10719513747.0,4836870598.0,99431666963.0,12141286628.0,6308430226.0,1765756501.0,4565652684.0,6620627491.0,3347744556.0,11352203904.0,140000000000.0,16295311691.0,30166243637.0,1231278735.0,7197651039.0,5768302118.0,53796148.13,51037689.54,2876500799.0,2527795996.0,804687503.6,10291940461.0,67825027.9,130000000000.0,-3961531492.0,-57199812923.0,-9048745121.0,541000000000.0,454000000000.0,87471471986.0,-86731619013.0,-98068791310.0,11337172297.0,,111000000000.0,12814707144.0,55128167389.0,1970501265.0,57098668654.0,19967715305.0,22707779406.0,7045246873.0,11821548836.0,117825145.0,163865606.9,12103239588.0,9421428336.0,
2024-12-31,real,2025,12,124.695,472026015477.76575,562480340029.6724,90175287530.04851,50187394598.26288,36375072407.61488,3612820524.170737,220417434540.2783,90736626777.3372,102731829638.02733,38933648103.52107,377956471.53740567,677366259.1166928,6661422203.22624,1703884319.7805686,7084944725.9340315,3453480814.8062234,472026015477.76575,370134937246.8824,102731829638.02733,541109192.8109916,821627975.1356286,21639893612.812256,2486832729.0178757,81910731520.70168,11145130752.98578,5028917964.219159,103379589358.71605,12623354955.480877,6558905690.524849,1835865650.8171618,4746931375.515169,6883498710.438959,3480666351.555203,11802941796.68779,145558683186.97623,16942315084.737848,31363990717.851574,1280166509.3051846,7483432909.115794,5997331860.862329,55932117.730959386,53064134.87391507,2990711917.776607,2628161832.450507,836637524.29308,10700580721.013721,70518012.4874566,135161634387.9065,-4118823624.137552,-59470924625.80904,-9408024459.338114,562480340029.6724,472026015477.76575,90944516276.49028,-90175287530.04851,-101962600891.58556,11787313361.537046,,115407241669.67401,13323513552.195549,57317024654.67175,2048739781.0833635,59365764435.75511,20760531043.201653,23609389060.269264,7324977554.007442,12290922012.847797,122503378.23224668,170371871.14284775,12583797262.326862,9795505016.633032,
2024-12-31,zscore,2025,12,124.695,0.7794286889378033,0.3621708279869615,-0.2787604714078762,-0.4834829931681106,0.27809628066315406,0.07684314887866805,0.3939156523177994,1.8521543137144927,0.5655585111722685,1.7522711007345908,-0.8992099852668123,0.988036682980873,-0.39371838329842507,-0.5397061233712629,-0.08097937656915791,-0.9813397983116838,0.7794286889378033,0.7768790085241245,0.5655585111722685,0.4022338421431054,0.7135603923848112,0.9299210660327573,1.5651143848485465,1.510464858399671,-0.06018839075627477,1.8656204388998876,-0.6261116802589188,1.6895476145224528,0.5909659495601712,0.6640285222243553,1.4112217881622195,-0.20600545121224426,0.8147400467721455,1.1992289917315895,2.165305068686548,-0.19192894872697294,0.7365482401651223,1.4925997970436113,0.47463580090141927,3.0345081782735948,0.3174692449357043,0.4107303153623849,0.25303930022820853,1.9736553653008568,0.9541022683483268,0.7172406523646558,-0.16554289352372764,1.0463697204441391,-0.825015487544399,-2.1021425691007356,0.18835707520286377,0.3621708279869615,0.4097660455564224,-0.12935971265505555,0.2787604714078762,0.20703186051686148,0.6885844459916802,0.0,1.0876736485927008,0.4180833813818251,1.0793688556896903,1.195849214669201,1.1989748831709355,-0.8177469492695779,-0.985969115410525,1.4968045458166628,1.843077920392501,-0.5281274559422545,-0.5268213126061602,-0.14571440992536747,0.4057612356279768,
2025-01-31,deseasonalized,2025,1,125.751,13486117027.377502,79374623624.81848,66005453386.63657,-38543647842.37619,-13252945608.322906,117212809403.92334,13206226931.197449,457517779.27667236,3772348535.694092,814358999.0668182,705038224.522028,179716244.47045875,1756938814.7875328,-457443933.9162197,-5071361395.231649,-1826956304.9914904,13486117027.377502,9644013406.762085,3772348535.694092,-18832423.680146575,182153770.7522819,152055860.11577606,1407307566.3181915,6679884757.977211,5093338629.278673,1106114615.7662363,39789654159.42267,1124492063.988243,334659448.8700733,1083194270.1726525,166248132.54056835,-5122858184.392559,20392094.82124853,376676679.452816,9365305721.571106,-14664604987.640602,10314330190.531235,35434732.38243091,4228577588.825289,525669114.5354593,49559397.6483949,297100777.1080752,-932929618.9321561,29039131.261994362,-76694596.81514311,-686217566.6939774,966500859.2158741,7937182886.013672,1273209977.3749976,899347225.4157329,7911556072.119431,79374623624.81848,77876946578.8562,1413270432.2048035,-66005453386.63657,-68206571102.82132,2590336063.412056,0.0,3274619699.0517426,640594144.5576038,-1247966938.10746,296577380.07926035,-871196070.4956207,11460785899.855957,30118775681.163147,2194526112.5729036,1694005831.3235178,123239652.41058004,-695752500.7820064,1130841899.2258987,-1068856218.7983932,
2025-01-31,raw,2025,1,125.751,513000000000.0,642000000000.0,129000000000.0,70451416277.0,-71133225480.0,129000000000.0,305000000000.0,24436108070.0,121000000000.0,36113415952.0,4971402671.0,841920931.9,8515512390.0,2431914426.0,7341415937.0,2475008744.0,513000000000.0,392000000000.0,121000000000.0,603664845.5,983189147.0,19300420695.0,2834263899.0,67956304038.0,19987071345.0,4874437729.0,205000000000.0,9734939834.0,4749288587.0,2635800194.0,3666609510.0,6180965691.0,2417865965.0,8785162690.0,83820977501.0,15166196971.0,33558406453.0,730222292.8,7779956757.0,1929954933.0,56973314.53,50246197.99,587313307.5,1673821880.0,586680795.7,10374772874.0,461951472.9,134000000000.0,5217874020.0,-2695081357.0,-10405231440.0,642000000000.0,530000000000.0,112000000000.0,-129000000000.0,-138000000000.0,9359732798.0,,114000000000.0,12979509359.0,51220080849.0,1913901063.0,53133981912.0,51991726057.0,99040185176.0,5654425853.0,10069458090.0,723636479.6,19080129.68,10812174699.0,9200221442.0,
2025-01-31,real,2025,1,125.751,528889615191.9268,661885249421.4757,132995634229.54886,72633572016.50835,-73336499515.5512,132995634229.54886,314447042170.63873,25192989851.716644,124747842959.49931,37231989602.57168,5125386443.721847,867998514.0245993,8779271093.780088,2507240321.5337925,7568808284.373897,2551669439.007435,528889615191.9268,404141772232.42755,124747842959.49931,622362705.3438381,1013642357.9292569,19898230164.56306,2922052130.398597,70061176398.68109,20606149069.143543,5025418118.455789,211349651295.0195,10036468972.16534,4896392618.350565,2717441228.708511,3780178738.407328,6372414358.338191,2492756724.7846136,9057273517.568369,86417240809.97086,15635953372.1582,34597841472.47845,752840131.468925,8020932427.718443,1989733180.9983058,58738000.77579009,51802519.14188785,605504696.2978027,1725666686.1852388,604852593.1350224,10696120142.3655,476259915.6713934,138150503773.3298,5379491973.796788,-2778558561.042234,-10727522129.209627,661885249421.4757,546416171640.7821,115469077780.69357,-132995634229.54886,-142274399408.35458,9649640307.667595,,117531025598.20596,13381535497.585815,52806566959.70174,1973182059.893742,54779749019.59548,53602113035.966484,102107846834.83784,5829565523.439479,10381348566.103966,746050329.8917829,19671115.875764642,11147070011.58284,9485188261.481276,
2025-01-31,zscore,2025,1,125.751,1.2157219547112321,1.0166122972900005,-0.04242673370555874,-0.37433617029821437,-0.44235104997133684,1.3650060132369914,1.3795552718876838,-0.1435411889058198,1.7115254025263114,1.5221589439568397,0.17519083907026908,2.3046472129965747,0.26534895516248724,0.1629305195103207,-0.010290535402026867,-1.1754047446703018,1.2157219547112321,1.0703435330241784,1.7115254025263114,1.1674823880453455,2.602632475785048,0.6407583274516466,2.1259815242866633,0.6272738006188793,0.11473104415618876,1.9023324354701174,1.8669588920871862,0.927458961559563,0.24142210216488605,1.8642162823915085,0.432891835127735,-0.22893469445364797,-0.17883535180469967,0.11687609645266323,0.5562618486021752,-0.21258846795462172,1.0457919213636446,0.08954958571330669,0.6165411425718962,0.5565031644520883,0.34534661923857257,0.4078307883181768,-0.46295760658382684,-0.49895330622436584,-0.6411643057304761,0.7813058020291893,-0.15720832327123832,1.2304753383276459,0.33731161188979947,0.5452983415171915,0.050834928002986376,1.0166122972900005,0.9339316982181896,0.8885947180967013,0.04242673370555874,-0.02413079476551524,0.5917375649908523,0.0,1.235752128933951,0.5532654935594626,0.7066541808600153,1.0414750884801294,0.8142580575636652,1.4727298813400818,2.163988481810015,0.9898146727280197,1.2960689879641756,-0.46293168481067976,-0.5508227825550475,-0.23353786519900951,0.32420142586070816,
2025-02-28,deseasonalized,2025,2,125.751,-13413882972.622559,-2025376375.1816406,11480133945.136536,-211677163062.06616,126099751854.96703,96666979266.22336,-6586453414.202515,415513741.23666,978448535.6940918,-98715587.93317413,-960214782.5779743,15773459.900458932,-1287322101.8124695,-764036713.0162196,-4640000523.531647,-488001378.19149303,-13413882972.622559,-14412805116.137756,978448535.6940918,68367570.27985346,3360475.4722821712,-1728518594.8842278,83106304.96819186,-3699555984.0227814,-3872655874.52133,80485743.86623764,-2764722125.6773376,2491657016.988243,981724603.4700747,273406922.9326527,551273030.0155678,-1377674737.2925606,-644606008.9787507,-610212790.2471828,8147473658.571075,8894343497.959404,1269572414.531227,-278529481.3055692,562237686.5132875,-181138390.3045411,-397754557.1596051,-293842382.3399249,-1081888231.0721574,-48032359.188005924,286463917.9148567,-1258701199.593979,-7925286221.35012,2216976452.8136597,-606826109.2850022,-2401026748.414255,1584735612.9194298,-2025376375.1816406,-2423053421.1436768,1475044088.204834,-11480133945.136536,-11030669401.02124,-76118771.18793488,0.0,1942538381.651764,310942227.95760345,-1998977108.0074615,-236199799.12073946,-2154983419.8956146,48543185.35597229,201839738.96316528,3135069025.6929035,3048123071.0235176,5315062903.225582,-646047192.1830006,7726487699.125908,-1014701213.6983948,
2025-02-28,raw,2025,2,125.751,296000000000.0,603000000000.0,307000000000.0,2585650696.0,233000000000.0,70988238193.0,135000000000.0,9865937468.0,102000000000.0,28936051372.0,2371425516.0,659042221.6,4956983249.0,2257740355.0,7246812675.0,2711573337.0,296000000000.0,194000000000.0,102000000000.0,598770567.9,770934482.2,15561035321.0,1344236292.0,61355477562.0,8140999486.0,3782053204.0,145000000000.0,10273400358.0,6022425962.0,1549950270.0,4146051369.0,6837288114.0,1406710570.0,8116156469.0,85872233210.0,73378120117.0,30818865972.0,575862941.9,6213998174.0,1186121080.0,-447790018.2,-519796756.7,1895510767.0,1782127561.0,1018396211.0,8924214248.0,301116664.7,134000000000.0,2956950569.0,-10350159249.0,-9174780629.0,603000000000.0,478000000000.0,126000000000.0,-307000000000.0,-283000000000.0,-23649779509.0,,115000000000.0,13157009251.0,52655743291.0,1444876861.0,54100620152.0,34880224274.0,55164744834.0,6492983181.0,12054316079.0,38234693216.0,16175760715.0,66464770011.0,8128507027.0,
2025-02-28,real,2025,2,125.751,305168276991.833,621677266979.9841,316508989988.1511,2665738404.73329,240216920740.1929,73187021405.55286,139181477682.086,10171524114.928135,105159338693.13165,29832313986.96083,2444877833.5546913,679455335.2383169,5110520395.860501,2327671398.750944,7471274789.56867,2795561362.1259627,305168276991.833,200008938298.7014,105159338693.13165,617316832.8360282,794813336.5086654,16043021409.184546,1385872544.2551708,63255896525.69801,8393158061.263576,3899198174.8517623,149491216769.64795,10591607723.30453,6208964034.237914,1597958288.2396162,4274470785.8018937,7049065652.182837,1450281894.8415518,8367545558.921789,88532031926.13704,75650927314.20491,31773446714.58606,593699668.1184833,6406469986.452623,1222859886.1057167,-461659825.3656606,-535896894.01379067,1954222144.5434387,1837327017.4663103,1049939922.3171663,9200632045.838266,310443424.7973868,138150503773.3298,3048538886.120778,-10670744137.19059,-9458959447.06073,621677266979.9841,492805528385.4601,129902712503.28027,-316508989988.1511,-291765616178.0025,-24382305621.61584,,118561999506.96216,13564533255.044857,54286697479.18494,1489630345.056548,55776327824.241486,35960601158.05841,56873412607.04697,6694096249.603787,12427685365.349253,39418971114.9934,16676787251.448416,68523443732.822044,8380278661.978369,
2025-02-28,zscore,2025,2,125.751,-0.3889498872012094,0.7639071754799162,0.9528185141299497,-0.7082915150121754,1.6224214161509185,0.7696783166463856,-0.42215155958414785,-0.6062997251666413,0.7303608800250107,0.28353141144695476,-0.4310353867704197,1.040194585030757,-0.84697349837204,0.008623083414680998,-0.02297923772449979,-1.1211766307759898,-0.3889498872012094,-0.5437113517261174,0.7303608800250107,1.122477038497167,0.5244292999513671,-0.07387281973107115,0.2369493940382621,0.08879317725951394,-0.10885625741676191,0.8348136799076525,0.45001661368311746,1.0979891014512995,0.526846675012327,0.3663331316389479,0.9546157578080444,-0.1947061658852018,-1.259255026302026,-0.16519994358514317,0.6150125876575684,0.8525206163669423,0.7960440085745403,-0.34268499239158207,0.23492392520081268,0.07629021644484085,-4.083592438179845,-1.680447934915119,-0.053788266816200844,-0.18536351351448402,2.5179181746973596,-0.34060109535734584,-0.1606094881131168,1.2304753383276459,0.05102590488969367,0.17347068907371477,0.1755794500688595,0.7639071754799162,0.5752920411338225,1.4696064291292767,-0.9528185141299497,-0.8635390199500113,-1.024933039550052,0.0,1.2851116223810344,0.6988631137847888,0.8435734774923789,-0.23776418605950161,0.9080566397476895,0.24885137735070795,0.35341045479076433,1.2954902896382903,1.9157486775370138,3.5739064035763306,2.1275127175800503,3.5521767467375347,-0.07094369024150322,
2025-03-31,deseasonalized,2025,3,125.751,2350367511.807617,-112795235337.87036,-114131794971.79199,-171801514518.0238,108424498409.82477,-50953528054.11616,11044812808.965698,-4018222935.2241516,2543639444.5723724,272220707.5646286,-602378243.0137846,51042325.25351083,-487644111.0298519,-1219072264.38867,-3452823009.784231,-2110198737.146142,2350367511.807617,-110737924.73986816,2543639444.5723724,124888207.54164994,-45215701.12336719,-1976498268.8884964,2889679980.1981916,-10080175234.945648,-3927477858.263397,-420229811.57105875,-54410131183.64957,-1019953109.7433205,1069249249.4515028,557976928.685756,565702478.5133715,-3428592419.8927956,-111346486.59650135,-681466089.4565353,13176254195.520172,-31977660235.71132,-13230595234.15136,-137711045.74272943,-5999022495.834183,-238693164.67636085,33560353.29336039,149297800.59372246,-145904554.87883043,-61081079.28759503,63037558.0286665,-63775410.12300491,-6082080746.280564,10534236937.449219,-6575768458.428322,-2090213496.077301,863263500.5858765,-112795235337.87036,-128893879234.55444,16018505523.56903,114131794971.79199,128422092113.11856,-14042625143.469353,0.0,15343454507.988907,407102337.5099602,-3694229786.8761215,53553634.78668475,-3549026452.189865,-15273967721.052963,-33945159180.517487,-998347774.0140905,723658435.2294636,-743327255.0460892,-2506831516.9156523,-2515815860.892517,-863773183.4553223,
2025-03-31,raw,2025,3,125.751,368000000000.0,528000000000.0,161000000000.0,2000178279.0,154000000000.0,4733810171.0,185000000000.0,17816492072.0,113000000000.0,31889465099.0,323116947.2,739213177.9,7115683215.0,1548943351.0,8167908460.0,2141964770.0,368000000000.0,255000000000.0,113000000000.0,702134799.7,782736972.1,17466124036.0,4683043897.0,63490048249.0,8094408762.0,3569918889.0,99200896077.0,7309599029.0,6435228749.0,1886489380.0,4423126324.0,5044003917.0,2509982378.0,8643625005.0,104000000000.0,33155207346.0,15806827917.0,849043985.2,-563438167.0,1178714957.0,37444995.79,256611738.0,2735129343.0,2037665987.0,785942737.5,10624940620.0,264050560.2,145000000000.0,-3223160349.0,-9515494058.0,-9758051946.0,528000000000.0,385000000000.0,143000000000.0,-161000000000.0,-130000000000.0,-30624780911.0,,131000000000.0,13482500718.0,56649105770.0,2166055659.0,58815161429.0,21501792994.0,21446969845.0,2324613118.0,9389955482.0,13233638299.0,5127782721.0,27751376502.0,8929482048.0,
2025-03-31,real,2025,3,125.751,379398398422.2789,544354223823.2697,165986799309.747,2062131618.5098646,158769981948.45367,4880434775.305691,190730173119.89563,18368338471.793556,116500051689.44977,32877206481.260216,333125142.0401523,762109499.4236498,7336083737.639381,1596920181.0223854,8420900511.368974,2208309791.3449593,379398398422.2789,262898346732.82913,116500051689.44977,723882658.9204555,806981395.653924,18007118168.21541,4828096071.366923,65456583210.39079,8345124240.429514,3680493230.9348946,102273535580.62155,7536005882.368601,6634552937.096754,1944921329.9256465,4560127835.17669,5200236434.091037,2587726343.1558237,8911351857.227615,107221286510.64404,34182153713.12765,16296427162.625998,875342196.1275791,-580890049.3744144,1215224366.5276775,38604813.67297548,264560006.55858,2819846989.706467,2100780467.3569353,810286456.1389173,10954036561.303844,272229238.15865636,149491216769.64795,-3322994223.5565042,-9810226102.722586,-10060296956.613592,544354223823.2697,396924954871.13416,147429268952.13556,-165986799309.747,-134026608138.30504,-31573350080.615704,,135057582047.06123,13900106465.044634,58403750003.23988,2233146869.342701,60636896872.58259,22167787568.2907,22111266332.075844,2396615472.6103806,9680799106.324179,13643535804.185682,5286610195.121836,28610945105.6317,9206063010.194813,
2025-03-31,zscore,2025,3,125.751,0.14347579306466982,0.27793578738360003,0.13649376028734164,-0.7111725204965442,1.0860872995274624,0.08976281684672377,0.10776221437815556,-0.3537846989868006,1.2984034983152375,0.7932142506534916,-0.908631265116038,1.5945093886170971,-0.17220863134856645,-0.6193271491977891,0.10056312201304839,-1.2517489951976248,0.14347579306466982,-0.04645201854547071,1.2984034983152375,2.0729632518124754,0.6399884657112185,0.2902072623464226,4.469833947943519,0.2629266677125038,-0.10973562860254245,0.6275081434612295,-0.6315614973422216,0.15935491617965133,0.6193929009447078,0.8305743230747753,1.2561260028679575,-0.28822952760090775,-0.08040895222116061,0.057198938830359994,1.1342163571649384,0.11655816271607365,-0.5725158637651794,0.4222721825937197,-1.4167074943270164,0.0715088850429555,0.17399951855769616,1.1638242847131817,0.208822072245197,0.5545260407439807,0.8169372283993174,0.9747932727941543,-0.1613933229860631,1.7367657875072893,-0.7315204580648577,0.2140126146980316,0.1164467313746724,0.27793578738360003,-0.06612119172860303,2.1751206496688322,-0.13649376028734164,0.022181383175698337,-1.3665400172106623,0.0,2.074863517534369,0.9658536029894261,1.2244209286948056,1.7292137192019483,1.3655362522143548,-0.7080239845160058,-1.037998088102502,-0.22398732742193328,1.0839258686463462,0.8833607479839334,0.2960603032191906,0.9187351495750505,0.22437879794954738,
2025-04-30,deseasonalized,2025,4,126.416,167623094784.53516,-54795235337.87024,-222586340426.33765,-179241137881.11475,-97576717794.44812,53708610027.065636,132287655733.78406,21853468994.86682,3969245079.754181,1369507090.8373718,2150782055.2771244,32666415.19896555,5261018137.061065,-105028301.82866812,3121903091.8521366,-2180680476.237048,167623094784.53516,163616534802.5332,3969245079.754181,-20782785.467440724,12523129.067541957,3231553471.566059,-235900165.90180802,-1244475262.6728973,-3979150800.717922,15058227.247124672,-9747681009.195007,2225057478.983962,1960955318.0878682,-59776285.37515223,-489121198.4866257,-5873930105.347342,-345927298.7783184,673344225.6343784,6696582610.974747,-41157526806.62042,-2962042118.151329,326237974.6754527,238906420.62945986,-226660549.41272354,33587140.438814886,157164493.99281326,-744148752.9333763,-963045.1057758331,91870661.56503046,-26304354.032093048,-7641835346.992396,4202871525.358322,-2059800488.2155924,-63292685.03186607,2270813888.404045,-54795235337.87024,-54893879234.55432,-78156773.52182007,222586340426.33765,219256230380.75507,3901253092.730671,0.0,3227656747.716217,113551804.41905594,1585610484.6693726,330272221.3594129,2007532406.0828247,-6872101834.507515,1673543998.209793,3105467478.9677305,-1113547520.4068928,515961415.68118477,-1802570347.4611053,-2389471976.347046,-988928306.9098644,
2025-04-30,raw,2025,4,126.416,850000000000.0,592000000000.0,-258000000000.0,-57042859809.0,-272000000000.0,70513595403.0,537000000000.0,93632073560.0,132000000000.0,40667681060.0,11066498065.0,711159611.9,12374274273.0,3726171624.0,15633917349.0,3366827322.0,850000000000.0,718000000000.0,132000000000.0,526005894.4,781546822.9,21316405172.0,1085412373.0,66373757165.0,7324429662.0,3898912388.0,156000000000.0,10707996086.0,5799691964.0,1007440962.0,3263991660.0,5027202736.0,1910804572.0,9718765817.0,102000000000.0,24294171997.0,27858890261.0,1196296321.0,4336257729.0,1161509255.0,43342261.65,6508711.23,1806332464.0,1914734749.0,790749318.3,11337649176.0,17177253.93,138000000000.0,3073228270.0,-10983639556.0,-9474150492.0,592000000000.0,477000000000.0,115000000000.0,258000000000.0,242000000000.0,16817423695.0,,118000000000.0,13117915570.0,58116343496.0,1939109776.0,60055453272.0,35968059207.0,61270172524.0,6684410867.0,4686830006.0,8470792112.0,2948961807.0,16106583925.0,8628465877.0,
2025-04-30,real,2025,4,126.416,871717978736.8688,607125933426.1486,-264592045310.72015,-58500337004.79064,-278949753195.79803,72315257480.20297,550720652449.0571,96024425774.90001,135372674345.01962,41706763215.92805,11349253323.432081,729330140.5232518,12690443950.111996,3821377407.647007,16033372742.599466,3452851656.3410645,871717978736.8688,736345304391.8491,135372674345.01962,539445641.2588786,801515784.4077759,21861051329.96703,1113145270.455939,68069644043.583015,7511572965.128243,3998531795.4582334,159985887862.29593,10981591416.953203,5947877360.181812,1033181645.9898431,3347388485.257879,5155650597.325149,1959626705.017656,9967085757.426132,104606157448.42426,24914901774.48315,28570700597.848423,1226862365.7793791,4447051556.242358,1191186470.6503134,44449680.846379414,6675012.467761834,1852485275.8174915,1963657300.2535598,810953408.748274,11627332498.035818,17616142.442481805,141525977724.33868,3151750983.2016516,-11264277732.859575,-9716220373.100178,607125933426.1486,489187618655.86633,117938314770.28224,264592045310.72015,248183236299.20264,17247118342.314026,,121014966459.94179,13453085701.083881,59601248804.600815,1988655122.9219086,61589903927.52272,36887063377.663605,62835659940.56531,6855201329.444707,4806581152.368973,8687225621.379826,3024309442.0826635,16518116215.83146,8848928039.88057,
2025-04-30,zscore,2025,4,126.416,3.707769930400139,0.6926313718924565,-2.2062464579321976,-1.0017127946514686,-1.8060435065686422,0.764807442360338,3.8383551830727716,2.0541697768745877,2.279568020816538,2.3081073363287237,1.5963597403960907,1.400542550190019,1.471517941064877,1.3095622123052069,1.101944705762854,-0.9709716179392561,3.707769930400139,3.7278278382191092,2.279568020816538,0.4533691878050504,0.6283356153510787,1.0260316158156026,-0.09118325046502165,0.4981731751491946,-0.12426850931487522,0.9490128175050339,0.7097893647238634,1.2356253198720042,0.4769119566652572,-0.3820350669663977,-0.005232955396891324,-0.28910574283246043,-0.7206305178931136,0.5105152955582172,1.0769336509692935,-0.04557304231288999,0.5262003027210495,1.3946426025606138,-0.2226731602810069,0.06040102695525134,0.22574383001168438,0.24760415582119905,-0.08168086597631051,0.19858920450369938,0.8521094382808871,1.5260241092945177,-0.16661393921386183,1.4145809562111527,0.06574937720557789,0.14270085253591264,0.1452289881511576,0.6926313718924565,0.5683951246514308,1.0130972276036818,2.2062464579321976,2.1756976574421296,0.9569846955392022,0.0,1.4331901027222846,0.666795787684962,1.3643515638910062,1.110230550549436,1.4858890497281492,0.32665739386938214,0.6053589967290902,1.3652705825984819,-0.38440655167865617,0.37079617183982566,-0.06512857908781337,0.12660926282033888,0.11339300903633386,
2025-05-31,deseasonalized,2025,5,126.416,-10605285508.866943,53917433270.206055,64704165891.41339,-78164702486.40204,213139069057.39484,-70634093790.73894,-43255683856.54883,22505541885.314972,-700300374.791275,-124681760.37718582,-1540247997.3419666,12809911.054419875,645626551.2892466,241663955.0495119,11526991113.691227,-375875866.2270489,-10605285508.866943,-10007805212.59613,-700300374.791275,-24766353.821077228,1665868.946632862,-1527494335.7557678,-128595871.57999015,2290234759.888916,-2834040038.0406303,1011498713.555306,57925767435.89584,1138731710.2175932,2661375076.819687,-209639166.05787945,-929926598.2893548,-10033318327.485535,-362786697.58468103,-1082000004.0119858,-2780718328.7371216,-20876153568.854095,15162467202.642288,856058746.4545434,7430719339.947643,-106247497.63272333,37768214.70245124,2056663.4637222774,559618214.812078,59103863.99604249,22590136.10866654,280131004.3042698,-7415142460.235135,9612841018.011978,-1592369125.1910439,3427437023.3590584,1498075416.1967735,53917433270.206055,50933745395.00006,3171700070.999939,-64704165891.41339,-60833284530.47406,-3918488292.9729958,0.0,4006613650.741623,310834653.20178413,180735794.3657074,-128521139.10604239,307257838.6340561,23128756585.717934,39838776862.62705,1816183506.2240944,1229091946.3776531,-411122607.1315632,-933067677.1101987,-104413861.84250641,-1355285533.3135014,
2025-05-31,raw,2025,5,126.416,371000000000.0,687000000000.0,316000000000.0,98622165355.0,326000000000.0,-109000000000.0,142000000000.0,42955225756.0,103000000000.0,30375846927.0,13598264736.0,694562637.1,8357407850.0,3230578167.0,22172564539.0,4185943534.0,371000000000.0,268000000000.0,103000000000.0,545797946.7,821953622.4,16872167901.0,1196681424.0,72222639479.0,6718343117.0,4798420557.0,223000000000.0,9404166583.0,5860167316.0,1204384153.0,3343527296.0,4386017575.0,2203629861.0,9059007804.0,92230405250.0,19986828007.0,46468474958.0,1809182100.0,12807463902.0,1308277546.0,45737314.96,-22434550.73,4296230312.0,2053527388.0,719526369.0,11183921402.0,184041595.2,144000000000.0,3723179785.0,-6040033363.0,-9245250720.0,687000000000.0,557000000000.0,130000000000.0,-316000000000.0,-289000000000.0,-27081774707.0,,119000000000.0,13267743250.0,58229219904.0,1704855957.0,59934075862.0,58150684760.0,106000000000.0,5435623154.0,9642890209.0,2290021987.0,812183250.8,12745095447.0,8637993662.0,
2025-05-31,real,2025,5,126.416,380479258954.56274,704553236932.0339,324073977977.4712,101142017225.78099,334329483609.6697,-111785011390.96317,145628179977.21808,44052755967.30142,105631708011.6441,31151966924.264668,13945708058.817366,712309103.6693662,8570944327.625459,3313121258.6925864,22739086050.99983,4292896748.900171,380479258954.56274,274847550942.9186,105631708011.6441,559743391.6424203,842955000.3929123,17303261293.61035,1227257308.3779268,74067968594.91231,6890000567.543523,4921022904.797035,228697775598.02557,9644448335.8089,6009897891.486331,1235156846.4422066,3428956301.5537276,4498082794.333391,2259933845.07662,9290470555.605177,94586944050.13211,20497502719.557034,47655770665.14419,1855407721.622263,13134701818.113941,1341704774.1481774,46905929.117391475,-23007766.1367357,4406001416.193773,2105996169.3507783,737910672.9794805,11469676892.827585,188743961.6132388,147679281103.65778,3818309125.475494,-6194359617.291308,-9481472083.004683,704553236932.0339,571231663713.454,133321573218.57993,-324073977977.4712,-296384112770.5354,-27773729303.75682,,122040517023.16162,13606741562.693806,59717009268.399445,1748415986.910059,61465425256.33505,59636467507.23769,108708359701.30363,5574506387.035534,9889271484.907085,2348533338.55368,832934990.295665,13070739813.96154,8858699265.153557,
2025-05-31,zscore,2025,5,126.416,0.16566019640908144,1.3081951301477903,1.0031399030654529,-0.23571293163504028,2.253802085087392,-1.0773951029357527,-0.34796363122942536,0.4446385947982154,0.7820011180513949,0.5320028936645057,2.1866816017701285,1.2857884141415084,0.2159287529161379,0.8704971134855056,1.978943511423319,-0.7832041812585975,0.16566019640908144,0.059521281968437596,0.7820011180513949,0.635367085112169,1.0239619688415902,0.1766967488052036,0.049881795211845444,0.9753118798022583,-0.13570801911434238,1.8280456298649046,2.292041575608407,0.8227032622068013,0.490469921305482,-0.11036042672914946,0.08131694263108466,-0.3225448328770074,-0.407746657518749,0.23233861819926094,0.7971192381119107,-0.12438492422822127,2.222727500687943,3.1108355287939617,1.8417225157041257,0.15515341475104524,0.24675871849791342,0.1415742546799686,0.6970928972324789,0.6004513643812358,0.33093469361332084,1.4071262951151144,-0.16308526816782187,1.6907393830364126,0.14804841696531226,0.3828250565324803,0.1684351109834236,1.3081951301477903,1.1201484432427646,1.6356097751385839,-1.0031399030654529,-0.8982731534059215,-1.1930180963642825,0.0,1.482549596169368,0.789694756276344,1.3751166002516548,0.471315364088124,1.47411108720189,1.9132416060940522,2.4511944379037387,0.9100554866053778,1.162892985678491,-0.2943615290348821,-0.4193479889954289,-0.1020527785036709,0.11690593902712987,
2025-06-30,deseasonalized,2025,6,126.416,44644778278.28937,-177983122351.96753,-223088869000.64398,-242566183136.60382,-23204410448.99716,42396717256.16112,7741671262.811157,-480651461.1358948,13430227455.467865,3461335609.5346375,4759549622.1562,-23120124.432852745,156991080.95651913,105785754.86405802,17459172180.473045,-1927145052.5797763,44644778278.28937,31179310444.210205,13430227455.467865,-20783446.061077237,-147170321.66063976,-1427312122.0712128,425466405.6363735,-6986608109.742874,-26630054644.127884,879397097.6562157,-61458968390.523254,410208645.3412342,3383973504.45969,461927023.07575727,-489357864.8320832,-10791089751.748272,172717018.71168327,-114269035.57107925,-552475083.2489014,-11983482816.531399,-11347050017.829533,-274900060.487275,-4415977643.215993,-26871969.215450764,-388599886.8702761,-172551424.16082323,1473317455.2075305,-321567130.1066847,-51684525.65315175,334199931.93426895,-48641033044.29692,1751972780.7692566,-4896729388.961957,2743509143.8399277,1269684403.9522095,-177983122351.96753,-188851454735.71533,11309604824.1781,223088869000.64398,220485934726.13867,2613021598.107937,0.0,6466181817.231644,143801520.31178474,-2175617445.3188477,-121995070.09604216,-1370610772.2659378,-20263539584.85842,-40121826598.13022,1566684777.2168226,2633427641.7022,-669547753.0506413,-807932314.1911037,1166632050.3184128,-1462798870.316225,
2025-06-30,raw,2025,6,126.416,526000000000.0,499000000000.0,-27010022078.0,3211778434.0,-106000000000.0,75315947032.0,236000000000.0,68086435433.0,136000000000.0,39925842509.0,6417551111.0,666270876.1,7596002852.0,2486087160.0,26631664232.0,2318313846.0,526000000000.0,390000000000.0,136000000000.0,556464282.9,649152170.7,18188405184.0,1943261871.0,65755459958.0,7894248119.0,4688345804.0,94991018483.0,9284608292.0,7143520359.0,2027752190.0,3267926327.0,5967784993.0,2501679012.0,11207993766.0,145000000000.0,17347414943.0,18193782255.0,590167816.8,440684598.3,1547892100.0,-460278803.0,-175426360.6,3837307729.0,1830660090.0,732034324.0,10585344831.0,168315329.9,141000000000.0,-8424654533.0,-59365268926.0,-9353764117.0,499000000000.0,393000000000.0,107000000000.0,27010022078.0,-2562037859.0,29572059937.0,,122000000000.0,13026364637.0,55080933958.0,1703959735.0,56784893693.0,18400838511.0,20498725462.0,5403805500.0,11799032466.0,689541656.2,284649552.7,12773223675.0,8716163221.0,
2025-06-30,real,2025,6,126.416,539439596253.6388,511749731046.70294,-27700143354.673367,3293841181.9260535,-108708359701.30363,77240311898.10365,242029932919.88358,69826082205.94481,139474876597.89902,40945970272.131805,6581523156.378196,683294472.241335,7790085003.088154,2549608087.1516266,27312118252.609417,2377548070.4856663,539439596253.6388,399964719655.7398,139474876597.89902,570682258.7398225,665738374.2767704,18653129180.52196,1992913306.287701,67435548994.70691,8095950604.637657,4808135679.8616,97418092506.06741,9521835263.13625,7326041327.544884,2079562400.5247755,3351423685.2158113,6120265260.746093,2565598319.751867,11494364319.285818,148704831666.87762,17790651165.202015,18658643638.71448,605246936.9134666,451944337.9888764,1587441614.9585495,-472039185.6548064,-179908602.91693774,3935353102.723817,1877434486.3635933,750738213.274459,10855806353.30833,172615881.37747914,144602629413.99823,-8639909201.250776,-60882084982.7569,-9592758058.414932,511749731046.70294,403041371345.39935,109733910264.52348,27700143354.673367,-2627499369.2880173,30327642723.961384,,125117168712.82117,13359195590.18243,56488282843.30202,1747496865.933189,58235779709.23521,18870990298.673477,21022479442.84309,5541875774.055499,12100504390.955544,707159833.8794552,291922509.0917621,13099586734.029316,8938866100.412653,
2025-06-30,zscore,2025,6,126.416,1.3118543692036826,0.09002685065302446,-0.9147201780192792,-0.7052104519343678,-0.6790629577142915,0.8140900851289246,0.648274263819705,1.2428229209993062,2.4861289729220752,2.180085185063581,0.5123834598210463,1.0901746574196531,-0.022070668179178014,0.21092420560743838,2.5770221340262838,-1.2113241891976643,1.3118543692036826,1.054039948329731,2.4861289729220752,0.7334494229590016,-0.6679514977010323,0.42824187332088653,0.9963840248166513,0.4477338753649543,-0.11351353731204225,1.7204764903795153,-0.7309807231729649,0.7848392198476869,0.7781847439975254,1.0254402785352652,-0.0009512894072707448,-0.24005249472379706,-0.08928109990025415,1.1384250359783206,2.3085118341756607,-0.17267851564062917,-0.35491117130931416,-0.3026287111802784,-1.172007193978943,0.3098465776095281,-4.193172637837493,-0.4188914764581684,0.5535541302619842,-0.04484174615865782,0.4224617971313215,0.9441686651496771,-0.16341783063505783,1.5526601696237827,-1.3901510893959395,-2.2073245716126344,0.15743389766754295,0.09002685065302446,-0.01094585986946965,0.6810905355850673,0.9147201780192792,0.7599225805681522,1.5816544965432229,0.0,1.6306280765106183,0.5916994153772634,1.074864197797377,0.46887096489461194,1.1685274569790567,-0.9298158284886747,-1.0771286456700517,0.8984571370467564,1.8360482299817844,-0.4666008771420276,-0.5067986397449745,-0.10013938267459045,0.14572734800921738,
2025-07-31,deseasonalized,2025,7,127.284,-44650530265.991455,11448605555.105103,55313277001.98245,362188606312.3325,-76117552935.38254,-230199309358.71805,-53337880032.31241,-4972020830.788673,-2148664011.1549377,-502982519.7044449,298248518.26438713,-5828643.016489148,1362928207.5665236,-763835937.3850327,16455520110.213053,-968643959.8025045,-44650530265.991455,-42516635702.539,-2148664011.1549377,4390088.482559204,41763165.91754222,1200139474.8460693,-141663649.9908991,1198905120.402588,12872904638.627571,692417706.5762162,13889815454.644043,-1431148826.106947,-15561500625.963036,-475393625.98969674,237054047.62519217,-10965402482.10464,-821529850.4855886,262496144.60437775,-777042124.7744141,1695648180.708603,162644787.87501526,761770676.4463614,1433848064.2331,-259615297.72908545,42787333.29245121,437970201.0837221,1910719353.416625,-114416508.21304727,87195632.08503032,402700747.56972694,-2116896585.9378874,3682619356.321106,-2369377240.2046742,3506484113.346344,1462106464.1003838,11448605555.105103,12178011522.842773,-1773539609.6709442,-55313277001.98245,-54573424781.441345,-824082747.7566452,0.0,3598099552.6952515,207633777.87724304,4532643798.205704,841633542.064867,5250884776.534065,3133828391.587021,7391068056.982521,-474810197.50135756,3907951795.5240192,-999719480.5015574,-2334251471.736556,584665319.0166016,-1405965968.054409,
2025-07-31,raw,2025,7,127.284,338000000000.0,630000000000.0,291000000000.0,573000000000.0,-40615170573.0,-241000000000.0,145000000000.0,20834781892.0,96317000000.0,29528477747.0,4504439012.0,672353784.8,9574298911.0,1751139946.0,27670054031.0,2490952547.0,338000000000.0,242000000000.0,96317000000.0,593998963.9,860650702.0,19465968580.0,1249585428.0,71528009983.0,30653745531.0,4276873069.0,181000000000.0,6816284717.0,-13356841900.0,1381253724.0,3835493553.0,4810843938.0,2002046832.0,11577951345.0,91912917650.0,24111188304.0,31734728594.0,1741295670.0,7445243002.0,1130970531.0,49033457.42,289112175.2,4171078179.0,1836491268.0,963021163.8,11646627897.0,216948273.8,138000000000.0,1722364856.0,-4656299590.0,-9526695933.0,630000000000.0,515000000000.0,114000000000.0,-291000000000.0,-273000000000.0,-18074292464.0,,119000000000.0,13093948286.0,62115094347.0,2534558764.0,64649653111.0,41547141972.0,74108730236.0,2705825564.0,12195868183.0,483658634.5,190640030.8,12870166848.0,8829050168.0,
2025-07-31,real,2025,7,127.284,344272241601.4581,641690864523.4279,296400065994.1548,583633119637.9749,-41368863361.51565,-245472219603.40652,147690754533.16992,21221411435.610382,98104347616.35397,30076435577.036877,4588027561.592596,684830605.450652,9751968484.770325,1783635723.5718236,28183525226.289444,2537176973.6051817,344272241601.4581,246490776531.2215,98104347616.35397,605021759.7952563,876621734.9509128,19827197153.787434,1272773894.586028,72855350101.00262,31222584874.07707,4356238693.8152,184358803934.50864,6942774020.459618,-13604703850.974197,1406885549.6504195,3906668529.997784,4900118421.686527,2039198670.5436032,11792802552.35434,93618539028.09386,24558617884.890354,32323627661.74636,1773608768.052701,7583403838.952987,1151957869.5046196,49943367.7498611,294477208.96561384,4248480575.678278,1870570903.8930893,980891878.02092,11862753530.172384,220974167.25648785,140560856038.46515,1754326656.3038244,-4742706205.37648,-9703482141.743801,641690864523.4279,524556817824.7069,116115489770.90599,-296400065994.1548,-278066041293.4854,-18409695804.561012,,121208274409.98082,13336931739.156185,63267759669.01701,2581592388.026335,65849352057.04334,42318129286.4925,75483960593.44815,2756037373.671035,12422186028.512758,492633852.86750096,194177724.09019828,13108997605.16489,8992890214.642279,
2025-07-31,zscore,2025,7,127.284,-0.07836824037944651,0.9388568751945899,0.8633582671334995,2.0986159002478435,-0.23516277124207136,-2.432004125350888,-0.3161688047916872,-0.2579217597482983,0.43688940732106896,0.3857688846700338,0.06631079908379145,1.1322328602513199,0.5963036766621267,-0.44019349295042237,2.7162966027460143,-1.1717499189247074,-0.07836824037944651,-0.152425319059379,0.43688940732106896,1.0785997345360092,1.4028483117918669,0.672396060164034,0.11695260846744839,0.9186455630357332,0.3160579419154361,1.3183700416314574,1.3001819807255588,0.0031225557996807742,-3.8177899370480883,0.1336235202474253,0.6166697922211103,-0.30038928738138354,-0.6231381509067312,1.2944118797333861,0.7880259636561305,-0.048921112315803136,0.8795378572080755,2.9207410365651976,0.5349728730240376,0.04068548077343528,0.2756800230644596,1.2828854378107561,0.6579486417087811,-0.0279580713283927,2.112710634584801,1.7649978067530372,-0.16238939244558306,1.4145809562111527,-0.10530147697814768,0.45003671494800573,0.13990187075183758,0.9388568751945899,0.8304779509823145,0.971596391101355,-0.8633582671334995,-0.8056487975234943,-0.7518685383899218,0.0,1.482549596169368,0.6471361728291708,1.745712904767391,2.7342868960138382,1.9316912261124322,0.7256942262089447,1.1351590468430977,-0.08502563009487446,1.959941745429642,-0.4887574489920621,-0.5223828458277681,-0.09354491597458987,0.1873491878897038,
2025-08-31,deseasonalized,2025,8,127.284,-11652608473.776184,106220247560.42041,117909897793.35516,157260956562.3689,-79169784977.35161,39588191764.26016,-19827656919.76709,-8250729237.75322,-1696754920.2458649,-354829031.3135452,-1222760562.4947166,151901475.1853292,-128267205.24893188,-416179750.0559416,16162148913.450325,3993433209.2383957,-11652608473.776184,-10136713910.323517,-1696754920.2458649,-52258767.254713416,77799572.57390559,221956716.1206169,5419235305.372738,5821647415.446228,22723149715.440308,139523007.85985327,50799392563.61316,940991870.949419,761403172.7896938,318407072.89121246,-336783542.5657191,-6838564276.385563,-851968312.0001326,-398038254.2038021,13197822079.065536,-3279835057.119606,15908248696.820473,-378331546.75454736,5320342046.814924,398358144.45000553,32632670.102451183,-264829272.01355073,-9711428634.26065,194646946.27695227,-22022870.3513335,-1734536796.3920898,671465837.0057058,6691108822.615616,3827863820.0289683,-4558994749.441805,714724072.0385666,106220247560.42041,102621427843.51276,4408194877.5199585,-117909897793.35516,-112020673565.25949,-5666076466.493027,0.0,2517150501.837982,-253580003.94275856,-2636351034.0133896,124672495.93395805,-2722571177.9659424,16785048611.147934,41892481483.490685,1703904628.7813716,3891335234.718567,-494144226.7242805,-2214993789.427457,1192881694.7738972,-1886169515.4825878,
2025-08-31,raw,2025,8,127.284,344000000000.0,689000000000.0,345000000000.0,439000000000.0,-57628337975.0,-36848015359.0,153000000000.0,2505750182.0,98866000000.0,30404054738.0,3916612345.0,854191635.9,8224322871.0,2334186052.0,29502942750.0,14562980283.0,344000000000.0,245000000000.0,98866000000.0,514395547.6,879871743.0,18184169626.0,7426456563.0,78020062086.0,8530746401.0,3830767641.0,213000000000.0,9589205711.0,5882786460.0,1502183530.0,3599250949.0,4216809816.0,1899599045.0,11777371004.0,111000000000.0,18175770099.0,49775026366.0,559557054.0,10302615257.0,2144517390.0,43637661.49,-287267517.9,-8128695952.0,2363796845.0,957988649.1,8805738420.0,-1179584525.0,144000000000.0,7871021352.0,-16151187913.0,-10453916734.0,689000000000.0,556000000000.0,134000000000.0,-345000000000.0,-310000000000.0,-34669546172.0,,120000000000.0,13202304189.0,54271642131.0,1975732470.0,56247374600.0,54050157899.0,105000000000.0,5492406969.0,12209765935.0,602995572.6,249922808.1,13062684316.0,8530182890.0,
2025-08-31,real,2025,8,127.284,350383583168.3479,701785723264.5107,351402140096.1629,447146491310.7696,-58697742882.898476,-37531801320.14168,155839209955.68964,2552249207.249709,100700649225.35432,30968260587.055305,3989292637.5653653,870042808.427543,8376941036.844111,2377501374.073662,30050426728.940792,14833224456.882387,350383583168.3479,249546447314.66638,100700649225.35432,523941148.64515257,896199459.4212784,18521611949.12476,7564268781.360563,79467874746.24898,8689050846.17113,3901854919.58994,216952625624.58752,9767151909.181875,5991952903.689073,1530059441.3310392,3666041989.048537,4295060851.364947,1934849767.355441,11995922827.57129,113059818987.4611,18513056552.70854,50698697937.26183,569940713.8594325,10493800144.629505,2184313044.4041667,44447442.4242838,-292598320.4932544,-8279539576.011061,2407661652.421907,975765975.3089044,8969145872.217403,-1201473989.8820746,146672197605.35495,8017083327.059112,-16450904341.227474,-10647909312.216492,701785723264.5107,566317651865.1205,136486628327.20529,-351402140096.1629,-315752647622.6391,-35312906437.6914,,122226831337.79579,13447298394.82648,55278757076.424576,2012395994.8274722,57291153070.23349,55053162777.519196,106948477420.5713,5594329168.654143,12436341680.093412,614185317.9134816,254560607.609225,13305087605.921686,8688476878.138178,
2025-08-31,zscore,2025,8,127.284,-0.03399943369062324,1.321154367163692,1.1652866007465188,1.4392257672615714,-0.3506658359195226,-0.33695775914895826,-0.23138260095771862,-0.8400642834627081,0.5685203740503224,0.5368708324388288,-0.07075038281875545,2.3894888213737238,0.17432914686983994,0.07634923482681705,2.962133573416325,1.5955420358907773,-0.03399943369062324,-0.12796994201770787,0.5685203740503224,0.34660619665195935,1.5910431318523275,0.4274324189935672,7.947886735863726,1.448252616942617,-0.10150002472980366,0.8824192381831747,2.0558845292077286,0.8813050481815239,0.4955409055065191,0.3004409734032962,0.3595929105317061,-0.33136935632763204,-0.7326036249880038,1.3784940690325045,1.3347058288496958,-0.15752202270897736,2.524166489600578,-0.3883444781045536,1.2313019207932647,0.6950229018801295,0.22833575340250442,-0.8286071079729724,-3.1890932738103914,1.498809915903917,2.0758851508104548,-0.432233964394368,-0.19192179472197465,1.6907393830364126,0.6732620216133635,-0.10830082263704263,0.045899156757705346,1.321154367163692,1.113251526760373,1.8016131211478912,-1.1652866007465188,-1.0198426205016071,-1.5646360399240984,0.0,1.5319090896164513,0.7360171374112014,0.9976819406863001,1.2101170559887584,1.1163688243759822,1.6199566131196328,2.4099281164057396,0.9307546410949605,1.9642806727951503,-0.4759147316978279,-0.5125553836736013,-0.08044909919237636,0.07715570386862541,
2025-09-30,deseasonalized,2025,9,127.284,21596436178.055847,-252946912482.3772,-274840942759.53876,101231932576.40036,-231288741423.59943,-145654515059.1556,41379434625.82483,-21211987845.515793,-8156541553.922073,-2991061867.7284393,-753128840.0459912,50600538.192017555,-1937872539.6017685,192792081.393425,15929757088.645016,-1657786567.2462473,21596436178.055847,29870874380.12195,-8156541553.922073,181742343.14981043,30146943.030074835,-3355920300.365467,13105526.479101658,-6182187605.486588,-164229539485.34174,240856940.82801342,-43907052317.58545,-1364014421.4294167,952525036.254941,1555580257.3534079,505696501.0957222,-9042911927.117603,-2337556054.986974,4064217359.225029,7594161551.305664,-7667679253.309418,-13973988389.788456,-444313154.6571617,-5237292689.094359,-145464072.6072681,1462446.8725074446,105017236.84609686,-4199919223.20278,5440964.658273697,147871500.11338568,360958620.29343224,1050200714.3794147,2527201664.003067,-13360266628.970728,484443983.705945,2308955504.6250153,-252946912482.3772,-261701068684.3286,8645811173.705978,274840942759.53876,290650998706.75836,-16309077039.441633,0.0,6509749209.380646,959845024.51688,2206031051.218895,166093420.6304741,2475230384.134079,-15717143411.470985,-33972719525.761765,-2229956855.691988,2192574041.5445175,-428052307.71941334,-2272652340.1670194,-496110570.738163,-1486287257.2122402,
2025-09-30,raw,2025,9,127.284,544000000000.0,346000000000.0,-198000000000.0,309000000000.0,-336000000000.0,-172000000000.0,298000000000.0,62475589647.0,100000000000.0,32295502152.0,747225964.3,763729465.6,12779384420.0,3035354009.0,29674953322.0,3349155121.0,544000000000.0,444000000000.0,100000000000.0,813141285.3,884035360.0,13238150247.0,1466195783.0,71447370168.0,-105000000000.0,4658132296.0,114000000000.0,10785555956.0,4335968336.0,3481182321.0,4636772423.0,-3923292874.0,2169975198.0,18333022132.0,91269656246.0,-28656594641.0,17257928794.0,118784351.9,850158514.2,1471679881.0,-3464998.25,-131101884.8,-1766203602.0,2312085542.0,1068988788.0,11228144333.0,95980093.37,134000000000.0,-8376840063.0,-4608690326.0,-11874065981.0,346000000000.0,213000000000.0,133000000000.0,198000000000.0,230000000000.0,-32446437265.0,,120000000000.0,13190036508.0,60371345017.0,2157919745.0,62529264762.0,23562448149.0,27243261568.0,4563065132.0,12979724998.0,388928780.2,176752428.3,13545406207.0,8867309703.0,
2025-09-30,real,2025,9,127.284,554094968731.341,352420697023.97784,-201674271707.36304,314734090694.82416,-342235127745.8282,-175191791584.17395,303529964488.85956,63634944654.27675,101855692781.49649,32894807454.182705,761092182.5809826,777901938.1633009,13016530534.201626,3091680854.2378774,30225629288.708805,3411305150.821517,554094968731.341,452239275949.8444,101855692781.49649,828230689.4346799,900440340.3613964,13483809645.53724,1493403872.3077369,72773213858.77666,-106948477420.5713,4744572920.769428,116115489770.90599,10985702739.319756,4416430587.419126,3545782370.0415287,4722816674.148031,-3996097136.6597843,2210243271.10955,18673226700.33368,92963340668.65369,-29188372999.175747,17578182932.866062,120988624.5437557,865934844.3792872,1498989738.318453,-3529297.9724042295,-133534733.01263943,-1798978914.7488449,2354990746.504918,1088825935.7739227,11436504196.883488,97761189.03434068,136486628327.20529,-8532288479.366597,-4694213459.701109,-12094412166.279547,352420697023.97784,216952625624.58752,135468071399.39034,201674271707.36304,234268093397.44193,-33048543459.17939,,122226831337.79579,13434803063.355707,61491651708.57281,2197964105.9384522,63689615814.51126,23999694798.444847,27748812806.361584,4647741602.269507,13220588817.845982,396146103.49933374,180032410.35308287,13796767332.207676,9031859729.071508,
2025-09-30,zscore,2025,9,127.284,1.4449607892701524,-0.9013547810634605,-1.8707705316955094,0.799518921827128,-2.240542031428151,-1.7239130454520672,1.3053673435329614,1.064618639523141,0.6270804039722422,0.863285746598731,-0.8097434697801836,1.764018919602843,1.5981469764916163,0.6975406044485775,2.985204563763638,-0.9750226473703222,1.4449607892701524,1.4942367350798116,0.6270804039722422,3.0937238409835564,1.6318094541402657,-0.5177976520707059,0.39156760111403255,0.9120671477408204,-2.244322855411619,1.6909507274973135,-0.2820702301589847,1.2601884863281676,0.148759866017061,3.0303844756128964,1.4886135897217905,-0.7558920112160369,-0.4437066694255017,4.142582132804962,0.7696020866499654,-1.0144182465242952,-0.44022746803214746,-1.622589127499133,-1.0722202021209348,0.2606446029850094,-0.18495656777797434,-0.2565144854436123,-1.1990750428308878,1.3490842815807471,2.8881299345191227,1.4413296774688233,-0.16494749990297441,1.2304753383276459,-1.3840966609088845,0.45234922451582893,-0.09807721149325156,-0.9013547810634605,-1.2523908266999708,1.7601122846455644,1.8707705316955094,2.1062293905303093,-1.455757278335191,0.0,1.5319090896164513,0.7259543416587204,1.5794113252441766,1.7070234341831876,1.7259374988279372,-0.5606382330885683,-0.798806450364993,0.5919857461608039,2.2046646175347018,-0.49895201873273565,-0.5246850302765533,-0.047612403868190836,0.20145562164481162,
2025-10-31,deseasonalized,2026,10,128.191,16896436178.056458,104453087517.62256,86797697290.96048,72341174081.80017,-11251010201.59969,26076393144.424164,10879434625.825256,-8102281396.515755,-2235494739.822052,181134261.27156448,99243126.91404772,-151708630.7679826,-1849325708.9017706,550582078.793428,17282688584.14502,645611882.3537664,16896436178.056458,19670874380.12256,-2235494739.822052,-316920350.99018973,-158930076.82992542,-9806640384.465473,-799840375.9008987,8953826469.313385,5005975561.058191,742596170.8880119,74588220363.71454,-4291206270.329418,680783617.0329418,-782455003.4765944,-1312579254.1042771,2182719187.9823895,-533578642.2869749,-228458105.27497292,20233227383.90558,-1721701100.4093857,18919165653.11154,291284828.3828378,5443165338.975636,-17171984.617267847,19143244.569507588,1170493896.7380965,-2518828032.3087792,-448494600.2417276,-63985116.40661502,1047163430.8934307,1064675125.4023559,10902645593.703049,-3371770300.6307125,-7813752601.513991,-12952629935.774986,104453087517.62256,100798931315.6712,3733698385.7059937,-86797697290.96048,-81035756756.5409,-6009666092.441639,0.0,4855746288.380615,211681685.01688004,-299740902.4811249,124141030.93047285,-72493958.36591339,19846403748.329018,53977897536.63823,-2474242881.891988,2595937633.744507,-402260546.37856615,-2309760992.347025,-15916944.238189697,-2080959332.9122372,
2025-10-31,raw,2026,10,128.191,404000000000.0,689000000000.0,284000000000.0,296000000000.0,-35502508976.0,24027018532.0,217000000000.0,15068062396.0,91545000000.0,32307222038.0,3400559376.0,538948762.0,5982720470.0,3720699518.0,31353501081.0,3501473779.0,404000000000.0,313000000000.0,91545000000.0,310900465.8,653266783.8,17333731113.0,477753421.0,95546266979.0,18856674224.0,5070149811.0,228000000000.0,5513102467.0,5850463993.0,770617842.5,2085419316.0,2606464522.0,2178965673.0,9864823141.0,104000000000.0,17314438776.0,49435846985.0,1343172449.0,10518505220.0,1543482358.0,18757849.6,1283462456.0,-19902234.04,1559422098.0,723033525.3,12704230637.0,125498580.3,145000000000.0,3828507863.0,-9923443977.0,-45895176203.0,689000000000.0,568000000000.0,121000000000.0,-284000000000.0,-255000000000.0,-29470764985.0,,121000000000.0,13096198061.0,55782918772.0,1721991611.0,57504910384.0,53153163394.0,112000000000.0,2472484565.0,11572720499.0,577806355.2,247208583.2,12397735437.0,8732458829.0,
2025-10-31,real,2026,10,128.191,408585501322.24567,696820322799.5724,287223471226.5291,299359674236.10077,-35905471356.82298,24299731218.25769,219463004423.0874,15239088683.229053,92584058709.26974,32673917110.70627,3439156577.7698584,545065965.6157764,6050625847.786661,3762930390.67195,31709371181.653355,3541216384.5530024,408585501322.24567,316552628499.6606,92584058709.26974,314429264.0599324,660681525.6338961,17530473308.391365,483176042.1477794,96630741071.9897,19070702205.651752,5127697282.936445,230587857181.86142,5575677562.673526,5916868226.603099,779364548.2815095,2109089348.2548382,2636048548.019845,2203697479.8679934,9976791357.724691,105180426082.95433,17510961998.527943,49996956246.67339,1358417793.1606274,10637892892.263262,1561001269.8650293,18970755.89738437,1298030076.7649522,-20128129.387787282,1577121929.9116783,731240137.1472551,12848426840.920982,126923020.66115248,146645786365.65747,3871962387.425778,-10036077554.915258,-46416097963.305824,696820322799.5724,574446942453.0582,122373380346.51416,-287223471226.5291,-257894313953.3976,-29805265558.777992,,122373380346.51416,13244843193.487886,56416068890.28645,1741536647.6562781,58157605538.95409,53756465129.20972,113271228089.33543,2500547884.9060383,11704073779.074614,584364602.243989,250014462.61864868,12538452843.532711,8831574426.789196,
2025-10-31,zscore,2026,10,128.191,0.4096886331976094,1.321154367163692,0.8242194090725525,0.7355482372836837,-0.2004527099607845,0.287753378340252,0.44690702971402974,-0.4410766963575781,0.19046219145916332,0.8653082958667351,-0.19107637996420035,0.20984921380835947,-0.5263493030552684,1.3047142654090034,3.2103404882310733,-0.9401063759642596,0.4096886331976094,0.4263519375935048,0.19046219145916332,-1.5246336545048587,-0.6276649766966342,0.2649057496699805,-0.8615631274340199,2.8780011143801065,0.09339549554576881,2.0935895555077515,2.410120098808746,-0.40959451721072254,0.4882945340480969,-0.7087223490366134,-1.287743806153056,-0.4153520879381013,-0.43410034568821265,0.5720980884818108,1.1342163571649384,-0.17328188369891703,2.4932454854930097,1.8059227799493336,1.2839133549862252,0.3069996848562194,0.0100331084285165,4.925559235901853,-0.6528784632743173,-0.8301880447182374,0.3565983498803848,2.582980470420227,-0.164323274083605,1.7367657875072893,0.1613854113088648,0.1941973936334885,-3.547176595925109,1.321154367163692,1.196014524549073,1.2621022466176426,-0.8242194090725525,-0.7014463971557637,-1.310021047545648,0.0,1.581268583063535,0.6489815930283134,1.1418125724066506,0.5180519749031927,1.2383949026996324,1.555800216633338,2.6987923668917335,-0.17008439881364693,1.765392832852928,-0.47862552688900445,-0.5130053278850149,-0.12568161123082816,0.1517355996712202,
2025-11-30,deseasonalized,2026,11,128.191,-8503563821.944092,-97246912482.37744,-88525542070.53903,-84789324108.69965,-68115309633.94956,65302680679.24433,-20077861929.575073,-4476081161.665785,-298394739.8220978,890616741.3715439,-1425753029.485983,27104568.952017307,332148108.79823303,323888438.19342613,17017149613.045015,-831402765.34624,-8503563821.944092,-8029125619.877838,-298394739.8220978,219904553.8098104,-129600250.30992544,-5370173351.565468,-767542752.5808992,-9482144726.186615,-4249186327.541746,-139678379.27198792,-65291629118.28549,-2770019734.329418,405124927.5329399,248311797.59340644,1808479971.0957203,-497174701.14761066,-969456305.4869747,-1076093737.4749737,7156811751.405594,-1121286173.9094048,-17283657785.888462,-44082866.88716197,-5456136627.744364,-1826353910.3672686,-125362515.0204925,107080282.7580967,15767969696.127218,182669324.55827284,-43058502.03661466,-298510451.30657196,969886233.559407,-841348526.2969818,-7298078127.139723,622515678.395977,620113134.2250137,-97246912482.37744,-101401068684.32867,5145954331.305969,88525542070.53903,93074853627.25864,-5221697092.941631,0.0,4204277496.180603,750569601.51688,-536921033.0811157,-94044472.56952667,-527859592.66591644,-18593164431.670998,-40285026817.76175,-1938366539.5919867,2773984032.544512,-483799463.20841056,-2314536926.438017,-12332322.138162613,-2886816754.912243,
2025-11-30,raw,2026,11,128.191,336000000000.0,509000000000.0,173000000000.0,142000000000.0,-29686719091.0,61376566217.0,147000000000.0,7169186892.0,99160000000.0,35127931948.0,2761680533.0,738784616.3,8453236587.0,2992867102.0,30755952020.0,1884114222.0,336000000000.0,237000000000.0,99160000000.0,840042504.8,675511019.2,18383733434.0,1191945283.0,61862605146.0,6724256528.0,3589876781.0,96503238581.0,6346194723.0,5520461676.0,1669783275.0,5977060818.0,5182831758.0,2000418236.0,8928989485.0,96254652133.0,16123053910.0,14310436484.0,1055034486.0,898490033.0,1294702906.0,-144765641.9,92624029.15,20988481865.0,2427369578.0,674301029.3,10775368750.0,105830014.3,134000000000.0,1411390385.0,-6475775826.0,-10186855974.0,509000000000.0,378000000000.0,132000000000.0,-173000000000.0,-141000000000.0,-32543454993.0,,120000000000.0,13409817350.0,55146874521.0,1573174972.0,56720049494.0,17941919957.0,23048244899.0,2369620609.0,11922710652.0,186380214.3,83122924.88,12192213791.0,7709359548.0,
2025-11-30,real,2026,11,128.191,339813684268.0063,514777277655.9976,174963593387.99133,143611735613.26456,-30023670798.04187,62073205636.66077,148668486867.25275,7250558961.239337,100285490869.09377,35526642785.61215,2793026299.672504,747170006.9804416,8549182942.314218,3026836894.2116995,31105039788.947113,1905499390.951096,339813684268.0063,239690009439.04013,100285490869.09377,849577197.9101558,683178238.6844879,18592393419.07282,1205474160.8991113,62564761229.402336,6800578526.0204525,3630622782.7969666,97598574541.67862,6418225624.716695,5583120300.5413475,1688735733.948951,6044901957.317034,5241658198.295261,2023123484.6787682,9030335755.02422,97347166575.14893,16306054615.502335,14472863527.117065,1067009392.0162568,908688120.2137278,1309398108.6915305,-146408768.24244604,93675335.11074021,21226706398.029423,2454920831.4888563,681954515.0956602,10897671887.749529,107031211.50422259,135520933606.88345,1427410019.8431244,-6549277505.73438,-10302479344.144314,514777277655.9976,382290394801.5071,133498233105.28818,-174963593387.99133,-142600385362.46692,-32912831368.992188,,121362030095.71652,13562022140.073013,55772805377.51921,1591030902.4807668,57363836281.01132,18145565248.303093,23309848259.049026,2396516397.2074013,12058036408.087868,188495676.47602248,84066390.92442119,12330598475.306267,7796862712.358963,
2025-11-30,zscore,2026,11,128.191,-0.09315784260905427,0.15482303573253328,0.2035889455346793,-0.022258333461733733,-0.16096908299320087,0.6710415168040803,-0.29497225383319503,-0.6919503591433626,0.5837026040300793,1.3520898877458924,-0.3400411926036237,1.5915462452283653,0.24588282990565521,0.6598998370877234,3.130193968990519,-1.3108565256498035,-0.09315784260905427,-0.1931842807954976,0.5837026040300793,3.341094114151096,-0.4098698074086884,0.4655709093558584,0.04387739470251529,0.13016350846696756,-0.1355964071281651,0.647011737245195,-0.6952685799878224,-0.14575467635657216,0.4143113392900365,0.5316375951069099,2.9471022590690703,-0.28098937770622073,-0.6248783059500692,0.17751842160815587,0.9123791140407252,-0.19508076569972627,-0.7089331350919493,0.9990834783640931,-1.0604420236199175,0.14638974008600267,-1.424769166912619,0.5630764981723178,5.917984818079493,1.6828793015483383,-2.2459870095191956e-06,1.091139040268125,-0.1647392041668876,1.2304753383276459,-0.14467810702276165,0.36165987710869546,0.07297408455727657,0.15482303573253328,-0.11439960710534475,1.7186114481432375,-0.2035889455346793,-0.04149786149347033,-1.4605088089703069,0.0,1.5319090896164513,0.9062337052445778,1.0811529570776746,0.11216228200033862,1.1622352437421184,-0.9626393971295341,-0.9719193569174122,-0.20758094455742335,1.87466099741006,-0.520749745502183,-0.5402062396948827,-0.13966202479410514,-0.2254849345648841,
2025-12-31,deseasonalized,2026,12,128.191,-4903563821.94397,22453087517.622803,27518782028.561127,-78600084315.79971,111275382863.8006,-5220269840.855671,4379434625.825073,-21418546754.115784,-995291952.4220276,-168009229.32845306,-428266654.76597655,-13327476.967982411,534020466.3982334,-902810540.0065732,14584365429.945015,-382332073.54624176,-4903563821.94397,-3129125619.8779297,-995291952.4220276,-38877284.25018942,188283613.90007484,-2728663386.265465,-344674932.59089804,16222350434.113419,-4899339406.841745,818708914.1280136,14057253532.414581,-2111423179.9294167,79666706.23294163,-185441223.4265926,-21682484.70427656,-312877811.24759674,-394609769.8869734,-353046694.274971,11298836212.40564,-2664327103.489395,11130986713.211548,5525387.062838316,3206500542.3456383,-499365857.0772679,-872567062.3714924,-637983931.7649033,-18615709019.282776,-34816231.241726875,-46560705.946614265,601764865.793436,1201167841.8623898,4556491571.103058,-4253430131.31072,-2465384986.2040253,967051185.5250168,22453087517.622803,17798931315.671326,4418043962.506012,-27518782028.561127,-21779254515.34149,-5604399383.141647,0.0,2197158657.6806335,-200759067.08311653,5365257843.818893,953666014.7304738,6422029769.834084,4582737329.829025,4909863188.538269,-2457676420.0919867,242830546.34451675,-367297774.34340215,-2264354658.952017,-2376801852.0381584,-1725220714.8122368,
2025-12-31,raw,2026,12,128.191,484000000000.0,629000000000.0,145000000000.0,73412633725.0,83161058166.0,-11824456282.0,242000000000.0,59447584565.0,105000000000.0,36856756048.0,783135675.9,695440810.1,7583694534.0,1578182543.0,27892382035.0,2384746699.0,484000000000.0,380000000000.0,105000000000.0,550763782.4,1023558952.0,20096025182.0,1382830713.0,98297241295.0,5892135704.0,5013844563.0,162000000000.0,7511990082.0,5560914755.0,1405951186.0,3820652671.0,6596078549.0,2327758140.0,10162392793.0,154000000000.0,14455856734.0,50225902261.0,1158718122.0,13118997434.0,1628291481.0,-971917480.3,-609277927.0,-19604390230.0,2634669742.0,676525268.7,11174669624.0,135222378.4,145000000000.0,-3406487274.0,-62150190276.0,-9854696092.0,629000000000.0,531000000000.0,97763837421.0,-145000000000.0,-152000000000.0,7061455956.0,,120000000000.0,13088291884.0,65349019361.0,2958550472.0,68307569832.0,38773602348.0,56485990084.0,1599820675.0,11081010798.0,187766906.0,89907032.25,11358684736.0,8997771114.0,
2025-12-31,real,2026,12,128.191,489493521386.05664,636139307751.7141,146645786365.65747,74245885529.49387,84104957032.78104,-11958666826.346403,244746760693.02832,60122329559.126526,106191776333.75197,37275089472.732155,792024462.2300426,703334237.7095474,7669771368.933575,1596095310.6675036,28208967566.440777,2411814172.1224885,489493521386.05664,384313095303.10236,106191776333.75197,557015089.4604956,1035176602.8113673,20324120107.851345,1398526188.4032261,99412939636.41417,5959012921.974115,5070752956.2504225,163838740629.21732,7597253053.420067,5624032532.133534,1421909084.5703363,3864018037.0265145,6670945694.812068,2354178778.6852427,10277738499.904655,155747938622.8362,14619934333.425621,50795978848.19999,1171869863.288468,13267901345.089466,1646772997.681007,-982948987.4560131,-616193384.2769148,-19826904975.84526,2664573904.3406477,684204000.1706843,11301504926.813145,136757186.30829307,146645786365.65747,-3445151758.8988614,-62855610522.75351,-9966549364.178701,636139307751.7141,537026983173.54565,98873481494.66783,-146645786365.65747,-153725238121.24094,7141605252.097073,,121362030095.71652,13236847279.396086,66090747120.12704,2992130761.8546696,69082877880.97035,39213692458.97768,57127120238.00628,1617979040.892496,11206783049.648632,189898107.47459647,90927499.61450881,11487608656.4849,9099898072.76364,
2025-12-31,zscore,2026,12,128.191,1.0012727223819196,0.9323772566866391,0.04703351329089145,-0.35976454666509505,0.6051589287543134,-0.08016125234106156,0.7118639166951815,0.9684471369503223,0.8852815941041634,1.6504402230616753,-0.8013705466210584,1.2918602426000374,-0.025917993277321194,-0.5934230365757206,2.7461164398326634,-1.1960956705376122,1.0012727223819196,0.9725220248574937,0.8852815941041634,0.6810304474595192,2.997896613031875,0.7928057070027781,0.2858787568063263,3.102419430769929,-0.15130217456190462,2.0385659746156697,0.8514835925642703,0.22345204687465076,0.4233805120444211,0.16769260417743592,0.6005200901712615,-0.20728572769393339,-0.2751155748421904,0.697563691695668,2.566284012056063,-0.22558563070923895,2.5652702128286666,1.2894167325630834,1.9176418668863693,0.36175174919085956,-8.682437951393794,-2.0082506426411073,-6.778384949165754,2.283099113263335,0.01627365121701979,1.3999706839145445,-0.16411764546006652,1.7367657875072893,-0.7547339279028422,-2.3425956664884144,0.10664883641173879,0.9323772566866391,0.9408286147005812,0.2977820624850792,-0.04703351329089145,-0.10517710616263899,0.47917738606416826,0.0,1.5319090896164513,0.6424964028498302,2.0541327152500326,3.8907023701832055,2.286640355972053,0.5273203155596337,0.4079333860549685,-0.48819273085491965,1.6118793237936997,-0.5206005135061146,-0.5390816203456391,-0.1963620422020401,0.24955723218109738,
2026-01-31,deseasonalized,2026,1,129.646,39596436178.05615,60653087517.62305,20814939739.96109,-50146672353.10959,38271279988.61055,32794370573.644287,13579434625.825012,4594661711.58424,5931705260.1779785,1028613242.5715714,-1666130177.385973,109106139.20201778,1667339103.098239,815709057.3934278,14141915680.84502,-1534572771.8462315,39596436178.05615,32570874380.122253,5931705260.1779785,-44892866.040189266,131240796.81007516,-5491548645.765457,-333295202.57089806,6485972912.513443,3890216968.7582626,177590381.3280139,43728410266.7146,3823550487.8705883,905857673.2329445,-242607665.16659236,-481155863.1492758,-6899180585.047602,-368934148.48697186,-339113671.2749634,-10717142477.09436,-18305014172.909393,10041781847.311554,-832814297.8991615,5837795338.657644,-423610750.29726744,49130718.97650755,-413292018.10190326,898038476.1072235,249876002.00827456,-14552856.49661398,-626860969.4065628,991112165.4563859,11282950893.103119,293240110.1392808,7631773281.725973,9553808336.925003,60653087517.62305,52698931315.67151,7867456408.0060425,-20814939739.96109,-19297951999.541473,-1485483926.0416546,0.0,6868173462.980682,957157776.116888,-3926022073.2810974,93104129.73047471,-3729812030.065895,13132494802.729034,38584049062.238266,-1783702711.0919847,3103987454.2445183,65471718.80359125,-847348946.560015,2334130261.6618443,-2533255791.9122353,
2026-01-31,raw,2026,1,129.646,560000000000.0,655000000000.0,94615162369.0,70901310953.0,-20391803595.0,44105655012.0,317000000000.0,30695253204.0,128000000000.0,37838436920.0,2682093239.0,815113944.1,8527043341.0,3854990521.0,27742448220.0,2007742237.0,560000000000.0,431000000000.0,128000000000.0,604576554.3,954731192.8,14605442584.0,1187341581.0,70751458672.0,19262476292.0,4184616503.0,217000000000.0,12964300056.0,5479445927.0,1356593872.0,3154255462.0,4201956633.0,2061041108.0,8545524439.0,71888162603.0,12661024511.0,35458907301.0,-84130220.08,9473204849.0,1127886354.0,48281406.65,-661669959.2,2506307885.0,1952080996.0,673760198.5,10802068820.0,144041992.3,144000000000.0,4574819074.0,3438845919.0,-9402790045.0,655000000000.0,530000000000.0,125000000000.0,-94615162369.0,-98196903925.0,3581741556.0,,124000000000.0,13437947652.0,51778654318.0,1774113712.0,53552768031.0,55120668214.0,111000000000.0,1935945227.0,12181426196.0,764466190.3,11898253.04,12957790639.0,8189373461.0,
2026-01-31,real,2026,1,129.646,560000000000.0,655000000000.0,94615162369.0,70901310953.0,-20391803595.0,44105655012.0,317000000000.0,30695253204.0,128000000000.0,37838436920.0,2682093239.0,815113944.1,8527043341.0,3854990521.0,27742448220.0,2007742237.0,560000000000.0,431000000000.0,128000000000.0,604576554.3,954731192.8,14605442584.0,1187341581.0,70751458672.0,19262476292.0,4184616503.0,217000000000.0,12964300056.0,5479445927.0,1356593872.0,3154255462.0,4201956633.0,2061041108.0,8545524439.0,71888162603.0,12661024511.0,35458907301.0,-84130220.08,9473204849.0,1127886354.0,48281406.65,-661669959.2,2506307885.0,1952080996.0,673760198.5,10802068820.0,144041992.3,144000000000.0,4574819074.0,3438845919.0,-9402790045.0,655000000000.0,530000000000.0,125000000000.0,-94615162369.0,-98196903925.0,3581741556.0,,124000000000.0,13437947652.0,51778654318.0,1774113712.0,53552768031.0,55120668214.0,111000000000.0,1935945227.0,12181426196.0,764466190.3,11898253.04,12957790639.0,8189373461.0,
2026-01-31,zscore,2026,1,129.646,1.5632776071070142,1.100847337893362,-0.23468148791818969,-0.37212231872927815,-0.09786553499779792,0.4938041520796586,1.5067345776386365,0.05525352116135637,2.073007068711001,1.819852957031713,-0.358598242142966,2.119299415453858,0.26895329144854674,1.4236877741790996,2.7260065038073313,-1.2825170603353653,1.5632776071070142,1.3882634345659033,2.073007068711001,1.1758660100185145,2.323998266016813,-0.25649543430029187,0.03804089814685864,0.8552962482888306,0.10105475934534722,1.2282134966833438,2.150347347768,1.9501954963152093,0.4051160215904498,0.09960631769075613,-0.12464680841339051,-0.3321439795628462,-0.5601027591278787,0.015836365039364603,0.21448988365760058,-0.2584258462911172,1.2190494889498207,-2.1907872567328406,1.0291782532865519,0.038694361757578725,0.26908131271361035,-2.2001820843159066,0.13725281164572284,0.306722053557315,-0.003959781540768608,1.1117897000600052,-0.16393113757006847,1.6907393830364126,0.2558858388172529,0.8432396311385055,0.15246359255455302,1.100847337893362,0.9339316982181896,1.42810559262695,0.23468148791818969,0.20629021373906223,0.308755238340261,0.0,1.729347063404785,0.9293081138048925,0.7599253985610488,0.6602123120167163,0.8548953327872795,1.6965235082666754,2.6575260453937344,-0.3656667253445507,1.9554329059708129,-0.4585377021924391,-0.5520133411639724,-0.08758439132911215,-0.04850200821032742,
2026-02-28,deseasonalized,2026,2,129.646,-17303563821.943848,-15746912482.377197,1674457929.4610596,40684267055.20044,-11814932278.099518,-27548995422.055687,-20213245719.57495,-14759015650.455772,2137805260.1779633,-281792373.428421,1887243771.5140243,-32165604.86798215,1000777107.4982367,-514740931.7065716,13519240305.545023,-497911205.0462332,-17303563821.943848,-19485944142.77762,2137805260.1779633,10485558.319810748,4038697.5300753117,-5243878255.765465,-189761012.92089796,-1174092394.486557,-1618145659.0417404,-217866416.57198477,-7825966018.385376,-2123015373.1294117,353527226.83294487,-226429491.40659213,-319925839.67427635,-2349125189.947605,462525818.71302843,-1336961091.9749641,7608966778.905624,3636672248.690613,2879379449.31155,66356941.9928385,-109047919.65435791,-10162662.137267828,-4037550.5314924344,-83991653.25990334,123590097.46722221,-80543818.44172573,-78664455.86661422,-431768631.3065624,-7756730318.709607,5562744459.903076,-3383163241.620719,-3698179984.1040154,1770354642.7250004,-15746912482.377197,-21601068684.32837,4929230064.006058,-1674457929.4610596,2074853627.258606,-3057027175.6416473,0.0,4536092145.580688,253627470.51688957,-749802469.1810913,244395535.5304749,-402301020.4658966,-1044445533.770958,-3733198043.9617233,-1844864263.9719853,1669844104.9445171,5181484617.918591,197995390.6789894,7061344149.561859,-2002418333.8122368,
2026-02-28,raw,2026,2,129.646,313000000000.0,621000000000.0,308000000000.0,267000000000.0,94302512155.0,-53703642653.0,133000000000.0,-3186590722.0,108000000000.0,30263741311.0,5300743040.0,654906274.3,7346213121.0,2656959240.0,26593808711.0,1942013470.0,313000000000.0,205000000000.0,108000000000.0,567860707.1,794067724.0,12994302055.0,1165049425.0,66870007631.0,10874036309.0,3722404052.0,148000000000.0,6189029766.0,5553187701.0,1096709469.0,3409902447.0,5663151004.0,2546343784.0,7865560267.0,93483359631.0,69255685593.0,34601722198.0,974645882.6,5626742910.0,1504308094.0,-62336240.78,-311469389.6,3189015578.0,1807038347.0,678205499.7,10119086165.0,127151780.5,144000000000.0,517528357.9,-12245811265.0,-9628972469.0,621000000000.0,484000000000.0,136000000000.0,-308000000000.0,-279000000000.0,-28332859166.0,,124000000000.0,13241569155.0,57141546534.0,1989158095.0,59130704630.0,35244468809.0,54724248494.0,1772798089.0,11378023596.0,38199712575.0,17164217867.0,66741954039.0,7594341499.0,
2026-02-28,real,2026,2,129.646,313000000000.0,621000000000.0,308000000000.0,267000000000.0,94302512155.0,-53703642653.0,133000000000.0,-3186590722.0,108000000000.0,30263741311.0,5300743040.0,654906274.3,7346213121.0,2656959240.0,26593808711.0,1942013470.0,313000000000.0,205000000000.0,108000000000.0,567860707.1,794067724.0,12994302055.0,1165049425.0,66870007631.0,10874036309.0,3722404052.0,148000000000.0,6189029766.0,5553187701.0,1096709469.0,3409902447.0,5663151004.0,2546343784.0,7865560267.0,93483359631.0,69255685593.0,34601722198.0,974645882.6,5626742910.0,1504308094.0,-62336240.78,-311469389.6,3189015578.0,1807038347.0,678205499.7,10119086165.0,127151780.5,144000000000.0,517528357.9,-12245811265.0,-9628972469.0,621000000000.0,484000000000.0,136000000000.0,-308000000000.0,-279000000000.0,-28332859166.0,,124000000000.0,13241569155.0,57141546534.0,1989158095.0,59130704630.0,35244468809.0,54724248494.0,1772798089.0,11378023596.0,38199712575.0,17164217867.0,66741954039.0,7594341499.0,
2026-02-28,zscore,2026,2,129.646,-0.26323826824954344,0.880540308623032,0.9584097795672277,0.5928444025329233,0.6807986994263538,-0.5099334016559219,-0.44334811054264,-1.0208569053604268,1.040202308183316,0.5126563631965522,0.2519818095339499,1.0115979844530614,-0.10014976081675311,0.3623062822491966,2.5719447463434877,-1.2975841801346866,-0.26323826824954344,-0.45404163590665647,1.040202308183316,0.8382452879749789,0.7509288052573554,-0.5643992979986796,0.009779274846271247,0.5386561754591782,-0.05727187268336858,0.7765223117528388,0.5208637276033209,-0.19552872832270807,0.42164818438628515,-0.25889301061705544,0.15354573012253703,-0.25593976724413,-0.041556785057690025,-0.2708599241500686,0.8330055469535953,0.7770920405059341,1.1409049271764466,0.773980600744774,0.0918124009452564,0.28170910588407067,-0.70150982847082,-0.9172675384154763,0.3507856036340634,-0.11323647321656811,0.028568760743009756,0.5835497946155573,-0.16428831394991408,1.6907393830364126,-0.25786191352257365,0.08139378941268857,0.1295329575959316,0.880540308623032,0.6166735400281725,1.8846147941525448,-0.9584097795672277,-0.8403829309794045,-1.2542910848850597,0.0,1.729347063404785,0.7682249632493623,1.2713850625103111,1.2467347544188305,1.3961552611122532,0.2749035066281622,0.3352327912056324,-0.42513803444900705,1.7046077706064253,3.570141881959749,2.2913718634351397,3.571031925352516,-0.2678925197292162,
2026-03-31,deseasonalized,2026,3,129.646,-1539313337.513733,-123516771445.06592,-121937470987.46747,58145388016.2428,-138849977082.24176,-41076560439.3952,3418020503.5932617,-17100310650.916584,4702996169.056244,215565647.0693817,-2913029491.1217866,1099159.5850697756,-404218793.7191467,2077333501.9209776,9346387724.292439,-160210598.00088215,-1539313337.513733,-6183876951.379761,4702996169.056244,61057782.58160722,23821607.73442602,12750138182.23027,-380561587.69089794,-11457591865.409424,-4135949706.783806,-128566452.00928116,-52672271153.357605,-1094910509.8609753,269479014.814373,146500222.34651113,704502891.8235278,-5575603822.54784,-72835836.90472221,168674342.81568527,4026620894.854721,-34111221274.98011,-13880207788.371033,147027239.65567827,-5118625017.901827,-232912154.5090878,42678020.94147306,-46645578.49625594,-501738407.33945084,-247179199.54131508,-40976509.45280433,-280065644.83559036,-6153828506.140051,-2119995055.4613342,-5973236580.664039,1561222806.2329388,1093246453.391449,-123516771445.06592,-127071894497.73914,3472691499.3702545,121937470987.46747,120527615141.3984,1054099553.0769348,0.0,2937008271.9178467,411391651.0692463,4248460121.9502487,243087700.4378991,4606109947.239868,-13483451633.179893,-35800101081.44237,-1744207966.6789799,-748900707.8495369,-109125360.35307693,-2164910774.0536613,-3009581247.4565697,-2004697985.5691643,
2026-03-31,raw,2026,3,129.646,385000000000.0,549000000000.0,164000000000.0,244000000000.0,-94057279204.0,14134871628.0,189000000000.0,6856405558.0,120000000000.0,33343576763.0,-1905675331.0,733073129.7,7300239195.0,4995272221.0,22154874401.0,3332302869.0,385000000000.0,265000000000.0,120000000000.0,665276525.9,874229300.7,33141386882.0,1506482780.0,65101698098.0,8364463521.0,4100285257.0,109000000000.0,7764943427.0,5794417630.0,1521608287.0,4696976685.0,2694305857.0,2580994414.0,9969917537.0,103000000000.0,32156883032.0,17330264554.0,1187678788.0,400989653.1,1331707253.0,38299434.23,59144996.93,2467321973.0,1908990112.0,706866332.5,10776589734.0,-150217986.5,139000000000.0,-2283713550.0,-6462556536.0,-10167879863.0,549000000000.0,412000000000.0,137000000000.0,-164000000000.0,-147000000000.0,-17230227467.0,,125000000000.0,13628664693.0,67828424283.0,2419275624.0,70247699907.0,24749542336.0,23086569387.0,1838501123.0,8619382822.0,13966437838.0,5614118033.0,28199938693.0,8242108838.0,
2026-03-31,real,2026,3,129.646,385000000000.0,549000000000.0,164000000000.0,244000000000.0,-94057279204.0,14134871628.0,189000000000.0,6856405558.0,120000000000.0,33343576763.0,-1905675331.0,733073129.7,7300239195.0,4995272221.0,22154874401.0,3332302869.0,385000000000.0,265000000000.0,120000000000.0,665276525.9,874229300.7,33141386882.0,1506482780.0,65101698098.0,8364463521.0,4100285257.0,109000000000.0,7764943427.0,5794417630.0,1521608287.0,4696976685.0,2694305857.0,2580994414.0,9969917537.0,103000000000.0,32156883032.0,17330264554.0,1187678788.0,400989653.1,1331707253.0,38299434.23,59144996.93,2467321973.0,1908990112.0,706866332.5,10776589734.0,-150217986.5,139000000000.0,-2283713550.0,-6462556536.0,-10167879863.0,549000000000.0,412000000000.0,137000000000.0,-164000000000.0,-147000000000.0,-17230227467.0,,125000000000.0,13628664693.0,67828424283.0,2419275624.0,70247699907.0,24749542336.0,23086569387.0,1838501123.0,8619382822.0,13966437838.0,5614118033.0,28199938693.0,8242108838.0,
2026-03-31,zscore,2026,3,129.646,0.2691874120163357,0.41400777605056854,0.15326755659917604,0.47966549910990636,-0.5979833550788075,0.18623829161893116,0.15015531629513984,-0.7018845072220186,1.659885164499927,1.0441563230950957,-1.428309804751536,1.5520561141512463,-0.11452025720464115,2.4339067151704796,1.9765708142204945,-0.9788857184632632,0.2691874120163357,0.03506590492676645,1.659885164499927,1.7340328453901943,1.535797507364558,3.2858950424601003,0.442642783484275,0.39440144870878385,-0.10463851155307347,1.1458018689783906,-0.40014875335932376,0.30356222651881853,0.47572950412041326,0.3272365881329822,1.5541272764036893,-0.4107709864258375,-0.00453258227852443,0.6164095016246267,1.105575004067116,0.09829172796397667,-0.43363303907396716,1.3705119248994138,-1.1816806774895356,0.17027943869313658,0.18149660785419597,0.4404303886392419,0.1250590562172605,0.1819561017025313,0.23829473198272919,1.0920833870505615,-0.17015383715523488,1.4606073606820293,-0.6125645549263656,0.3623019734579444,0.07489790457202396,0.41400777605056854,0.12009555329597213,1.9261156306548717,-0.15326755659917604,-0.07623199494938052,-0.7105296947172016,0.0,1.7787065568518685,1.0857473487426577,2.2905938554565966,2.419858088819256,2.47490256489065,-0.47573282407745315,-0.970337846274358,-0.40118759626164147,0.8433503567515674,0.9622226449167668,0.37668138898122494,0.9492481639513057,-0.029058277328571122,
2026-04-30,deseasonalized,2026,4,131.316,133733413935.21387,-56516771445.065674,-190392016442.01312,-294251197258.84814,98822979971.48532,5264139636.786591,98660863428.41162,8692169398.174377,8128601804.238068,2873844056.3421326,2350999904.3691216,-21042363.26947558,6182547214.37177,713942878.4809794,8424364082.928806,-1618168822.0917892,133733413935.21387,126543395775.89331,8128601804.238068,-25413136.72748351,-155546628.0746647,-2068295730.3151817,-370167284.7908976,2217203206.8633423,-4850033819.238335,133131305.80890274,-13808924901.903076,-516400426.1336937,2004648247.4507394,-295180740.314397,-691746551.1764698,-2989676729.002386,-1220118280.0865393,-838135115.0934029,8546949310.30928,-42049805031.88921,2641209644.62899,128584835.27386034,238712605.46181488,-300698509.24545026,61180907.50692756,15931458.942834854,382431932.60600376,-518968440.3594961,-75750050.81644034,1624483791.2553215,-7194566235.981884,4548639532.447754,-1629623035.4513092,-1410486066.7216263,3018338816.2096176,-56516771445.065674,-55071894497.73901,-1623970797.7205963,190392016442.01312,181361753409.0349,8935803657.27696,0.0,4821210511.645142,193936460.97834206,-3757463482.504265,131888326.01062703,-3511013031.4874496,-6888182544.634445,4524395352.284912,-2196298815.697159,-2438287945.4858932,1142398772.374197,-1518374022.5991135,-2800907600.9111023,-2228223924.0237064,
2026-04-30,raw,2026,4,131.316,837000000000.0,622000000000.0,-215000000000.0,-160000000000.0,-76383105946.0,21593218855.0,515000000000.0,82592775165.0,141000000000.0,43682784750.0,11348574884.0,701253950.9,13396934013.0,4695065908.0,22124133547.0,3169688936.0,837000000000.0,697000000000.0,141000000000.0,548347694.3,635932085.5,16965182365.0,1044825705.0,72824502114.0,6932073251.0,4255688475.0,160000000000.0,8496839979.0,6002344009.0,818632120.4,3196416255.0,7708769455.0,1069114977.0,8683438576.0,112000000000.0,24537130497.0,35635191215.0,1052539699.0,4420094256.0,1234682581.0,62672799.51,-136247685.8,3020939632.0,1454151599.0,648066268.4,13356376670.0,121925578.1,145000000000.0,3840320644.0,-12929331718.0,-9366436434.0,622000000000.0,502000000000.0,120000000000.0,215000000000.0,195000000000.0,20149803007.0,,126000000000.0,13340174888.0,56009898133.0,1804411780.0,57814309913.0,37409211751.0,67615565321.0,1642392770.0,4064076064.0,9195827113.0,3377572701.0,16637475878.0,7842721852.0,
2026-04-30,real,2026,4,131.316,826355524079.32,614089768192.7563,-212265755886.56366,-157965213683.02414,-75411710328.33101,21318608940.839878,508450531542.2339,81542408610.08246,139206844558.165,43127252670.64561,11204250353.43038,692335813.7498963,13226559650.380743,4635356808.831885,21842771770.64761,3129378688.0247335,826355524079.32,688135962106.6738,139206844558.165,541374129.3918318,627844673.5868667,16749429109.11686,1031538223.4490083,71898362736.23657,6843915202.253693,4201567120.760988,157965213683.02414,8388782143.207482,5926009712.379404,808221236.417332,3155766104.631042,7610733838.701528,1055518598.7095401,8573007688.507842,110575649578.11688,24225081638.29283,35182003718.20562,1039154115.3900056,4363882085.300922,1218980610.8648298,61875763.541940495,-134514967.50759083,2982521090.5774765,1435658550.3971639,639824541.0535378,13186518091.921926,120374999.98745467,143155974900.24063,3791481694.62993,-12764904047.578571,-9247319579.657953,614089768192.7563,495615857930.4882,118473910262.2681,212265755886.56366,192520104176.18567,19893549610.447483,,124397605775.3815,13170522354.698954,55297597043.3985,1781464327.499162,57079061370.89766,36933463299.75133,66755670151.439,1621505780.4031494,4012391524.2113976,9078879968.107449,3334618709.021337,16425890201.340183,7742982707.548142,
2026-04-30,zscore,2026,4,131.316,3.6116375159076886,0.8870199271309829,-1.9658220441292378,-1.508346543624825,-0.4779926955676766,0.262777264694682,3.605193122529358,1.7035541453791399,2.7443301630539962,2.8284362679553445,1.6621304588236214,1.3320532270608165,1.7911801796065345,2.1679425208860437,1.9724476842427503,-1.0161619936982726,3.6116375159076886,3.5566401989274112,2.7443301630539962,0.6588132995233876,-0.7973904576094977,0.19447267358018927,-0.1426383507272845,1.0244104840527832,-0.131673994629713,1.2976676690635414,0.8042521832841346,0.5353534458113207,0.522344503471752,-0.642488722941189,-0.07876784750423775,-0.149256668912452,-1.6199759624750378,0.07398571015612924,1.3633471819475182,-0.041127607572414106,1.2351202642806247,0.992097615828916,-0.20224256748301353,0.10764111753762413,0.39535554421053365,-0.27536546264433304,0.2982159220800846,-1.134989728758023,-0.1919754083995937,3.087370378840217,-0.16439883216458634,1.7367657875072893,0.16288118524085116,0.048193368852409865,0.15614916355749145,0.8870199271309829,0.7408180367112227,1.2206014101153158,1.9658220441292378,1.9036136120374998,1.120190974589505,0.0,1.8280660502989519,0.8491081677606862,1.1634596208694419,0.7428487268605549,1.2684177550426194,0.42973400525854155,0.8672100159211797,-0.47267411218954486,-0.5788325366093198,0.44882247027279826,0.005923377846204642,0.16272268057856276,-0.1763137539218222,
2026-05-31,deseasonalized,2026,5,131.316,-66982783130.76837,-36643457525.82947,30546951959.477905,52162619086.02457,-46576621051.94172,24986362157.83201,-44903936660.26126,-11410685312.50746,1531056349.6926117,10504423.487575531,-680225867.4399681,-79114146.52402127,889221457.0899515,318387646.93916035,-11875633198.462103,-826966577.1917896,-66982783130.76837,-68640761011.81595,1531056349.6926117,-41534800.99111986,117676115.5344261,3277501531.903,-690782632.4090798,-3843872579.754837,-4194528227.011039,-133835718.27291632,-8005319294.812195,625364271.5299416,3082870922.3325567,250208275.01287556,-1023255855.1491985,-9799806795.02058,-260078886.022902,-1740014807.6297665,29461794554.427444,-28570874368.55288,-244322695.3073845,106468370.1829511,-1697770663.5200024,-312873920.04545,50523358.320563905,-234285456.03625616,773113497.6514578,-272896386.37767744,-34793459.152804375,590046425.8916855,-7204148223.054624,4817703149.911438,-4865180586.796761,-8856047200.1307,2244497204.2823467,-36643457525.82947,-40348140793.284546,3890402283.0611725,-30546951959.477905,-28183707349.674225,-2327058569.6867065,0.0,4795365791.390549,265772831.15106773,1386938250.532074,132434451.36517215,,474992612.1110077,-3001566715.8878174,-900556082.5607948,-2640721071.3313494,52489008.501448154,-886040874.9082073,-3460917342.956562,-2836808519.987344,-3.0517578125e-05
2026-05-31,raw,2026,5,131.316,335512183227.42,628160645311.16,292648462083.74,241002406114.16,65501506178.73,-13855450209.15,151978539501.66,11160999759.87,110072000000.0,32021799835.36,14540145835.81,646441696.99,8702133418.49,3457224962.58,-42304566.23,2975202782.89,335512183227.42,225440183227.42,110072000000.0,556001650.69,960418888.73,22625790163.54,728175114.06,69077598618.82,5836381535.55,3891789133.61,165130157162.0,9421100942.43,6440622277.15,1710827207.41,3385247986.83,4416842450.12,2338839058.87,8877145100.11,132622551433.83,13427343932.57,33234734251.27,1113488241.13,3763004240.7,1248862409.42,50229229.37,-260300032.21,4597752077.3,1778949382.88,687080436.22,11861776172.3,52515045.54,145859094124.81,787283244.63,-18922016366.8,-9138639801.72,628160645311.16,490896129074.9,137264516236.26,-292648462083.74,-265455945847.48,-27192516236.26,,126195198376.72,13364556089.39,62672050964.34,2029497446.82,,36954154040.52,66654197864.41,2978631762.88,6475063674.37,2852231246.94,1003624622.14,10330919543.45,7610022267.44,64701548411.16
2026-05-31,real,2026,5,131.316,331245335729.8584,620172066024.0233,288926730294.16486,237937478624.66403,64668496375.518814,-13679244706.018007,150045765422.5853,11019060699.900286,108672168753.23645,31614565334.42293,14355232774.600374,638220629.991513,8591464780.937239,3413257999.7764673,-41766561.526809976,2937365895.934668,331245335729.8584,222573166976.62198,108672168753.23645,548930747.246,948204843.6465439,22338048612.067886,718914609.3196772,68199110165.82547,5762157852.492577,3842295638.1248436,163030128510.0418,9301288896.876844,6358714214.1352825,1689069908.7078257,3342196385.0601764,4360671633.98411,2309095073.153766,8764250766.463043,130935935477.7051,13256582834.399235,32812074360.627415,1099327549.6477199,3715148556.076884,1232980108.5295417,49590443.44103551,-256989688.81094196,4539280558.451641,1756325746.2370195,678342549.5307359,11710925048.234835,51847189.93937402,144004143568.98712,777271037.2940156,-18681377241.84526,-9022419931.568056,620172066024.0233,484653199534.28735,135518866489.7359,-288926730294.16486,-262080032557.66537,-26846697736.499462,,124590321733.43872,13194593490.245329,61875024515.84591,2003687486.6004574,,36484192746.788315,65806528803.26311,2940751268.164888,6392717605.831528,2815958239.976722,990861111.836809,10199536957.64506,7513242460.054571,63878712002.44637
2026-05-31,zscore,2026,5,131.316,-0.09676515062274901,0.9269385585100963,0.8725752562069784,0.46491487350525806,0.4852675336269912,-0.101003697024302,-0.24220832071029386,-0.5651676652256216,1.1472008813739842,0.8160518042061821,2.406296233087338,0.9530725442490506,0.323682820663108,1.071292132654819,-1.0006351547855048,-1.0607443934900949,-0.09676515062274901,-0.2874175066975235,1.1472008813739842,0.7291952865930357,2.3796869725808842,1.276267204025951,-0.5440826847367304,0.7187464983249591,-0.15235450011112944,0.9420517085841916,0.9254044595790551,0.828066364149953,0.6206020756171222,0.588255930144493,0.1267169886807976,-0.32093725391628725,-0.2632756115508344,0.15565904522431964,1.954004959341849,-0.24440442708187501,1.016284616262457,1.1627647457440666,-0.36237251339813403,0.11679549681243402,0.28617207101983916,-0.7298152079552784,0.7914008785983226,-0.19456565516249089,0.09351121005480556,1.9314001359615405,-0.1658666528785301,1.7763068011743481,-0.2237046454248527,-0.24288738776876187,0.17924344881290108,0.9269385585100963,0.6642355663095509,1.9370932757281085,-0.8725752562069784,-0.7619761002347872,-1.19844176253031,0.0,1.837700943295544,0.8691073061298427,1.7988299231346743,1.356758252007161,,0.39718657856310086,0.8275379173798233,0.014419214467487998,0.17388632904149656,-0.2338580948043199,-0.38761224857852994,-0.26627478724588816,-0.26211096171425236,0.20183939834135003
2026-06-30,deseasonalized,2026,6,131.316,-6483421002.33197,-92637901304.09314,-86579247351.94946,-91730855566.95721,68314770194.976295,-62974450154.16793,43261710894.13873,-1152435183.7983246,-6458402192.89827,-4975367647.630608,-939231800.921801,23122288.248706102,165409864.41722393,-326341604.50629425,-35915915699.28029,-270443567.6645174,-6483421002.33197,-84360640.87957764,-6458402192.89827,-1730687.8911198378,-16663419.592846513,-3157658542.9424515,-123318573.4727161,2598649699.5633698,-71914220818.13829,321888899.71799374,24628494248.378693,1667385900.293579,955523840.7325602,-3997332173.023488,-353961050.72192717,-12097487620.993315,-850660176.9865377,-1062649541.0388584,31497677330.545624,-11801686867.780197,2938750436.4107895,45857895.10113275,-7223248958.583637,-162810487.0181775,-219859383.80216342,74173515.87919833,-3318757134.10309,-338669024.350405,-101897876.33462262,-351672010.40831375,-37714716087.08641,6208768807.338715,-4267859320.9876747,-6967952264.439835,2062342949.7277775,-92637901304.09314,-103496139486.12988,10297217442.279343,86579247351.94946,103429633042.19852,-16838280101.495775,0.0,4658112604.490585,257391588.05107117,7707807414.377525,531150894.2651725,,6009512555.874657,12641906290.68489,8336603.01193428,-10569695838.576801,-558320142.3076301,-889014176.3991123,-12003674562.56564,-2930361987.9600687,-1.52587890625e-05
2026-06-30,raw,2026,6,131.316,495761481568.7,616066757155.07,120305275586.37,166100025190.38,-15263623067.96,-30531126536.05,283146831936.7,69536652912.03,120952013627.15,32999905976.33,800628657.83,756316406.25,7705552298.15,2203882904.32,-25555668440.83,3215365290.77,495761481568.7,374809467941.55,120952013627.15,602489192.23,802114092.51,17406685158.01,1488157342.78,78329784246.77,-36911391447.49,4369540614.5,189139725014.61,11072087345.07,4874029810.91,-2384911392.76,3538373088.8,4458700466.41,1510803202.61,10735765360.26,185199785714.46,18664447617.02,34652631900.46,964822289.79,-2282556374.9,1559164868.03,-299801529.14,69775217.46,-866740377.85,1870980441.01,706758635.8,10267412237.37,10752111500.27,152111028019.48,-7458869543.79,-69675229114.59,-9200916441.03,616066757155.07,503533330512.77,112533426642.3,-120305275586.37,-128723862571.22,8418586984.85,,126598377023.33,13281829366.18,68200987421.87,2420791598.71,,46131123905.86,76756999793.74,4105205523.46,-702104531.2,899366911.25,347982259.63,545244639.68,7702151695.47,70621779020.58
2026-06-30,real,2026,6,131.316,489456677323.827,608231980856.3022,118775303532.47527,163987662324.71292,-15069509246.921484,-30142849545.316166,279545936315.95087,68652326475.31938,119413816737.52997,32580232494.19171,790446731.3429298,746698017.0328634,7607557595.76864,2175855211.957954,-25230666412.926422,3174474157.6591377,489456677323.827,370042860586.29706,119413816737.52997,594827087.4520285,791913275.1344196,17185317128.113586,1469231829.0387754,77333631914.28876,-36441973983.37817,4313971355.413406,186734356736.75806,10931279021.131811,4812044753.6114235,-2354581486.0775757,3493374131.6409636,4401997324.531593,1491589692.0830364,10599234182.401747,182844523277.71844,18427084100.613594,34211940017.72089,952552244.8301374,-2253528159.4039216,1539336322.158894,-295988828.8318593,68887857.09905234,-855717681.2173771,1847186407.255646,697770493.2904351,10136837300.299057,10615372441.774073,150176569029.0102,-7364012008.241176,-68789140346.8742,-9083904573.043463,608231980856.3022,497129688443.5908,111102292412.7115,-118775303532.47527,-127086827857.29375,8311524324.818476,,124988372990.08984,13112918837.063055,67333647196.80585,2390005388.5768423,,45544455282.670235,75780849213.03737,4052997923.2880616,-693175576.8676718,887929289.4690478,343556825.0022158,538310537.6035918,7604200239.962407,69723652585.38269
2026-06-30,zscore,2026,6,131.316,1.0882465393978877,0.848574776980807,-0.0910412458061466,0.09633359799540943,-0.06305011508823326,-0.27213264859470526,1.1479493766585682,1.288882815298942,1.7090473748103143,0.9848476320366861,-0.7972917783158334,1.7127638426122105,0.012172218108012332,-0.03909128119403358,-4.42262581986145,-1.0056915232980612,1.0882465393978877,0.9302098853454016,1.7090473748103143,1.1566716636263203,0.8297114723293212,0.27884794274791563,0.41941010004485335,1.4735190563507785,-0.9591923551651199,1.4089282110207466,1.4924073225219598,1.3509328133189435,0.2693878278203588,-5.061638869757452,0.2933462209035329,-0.31875427455097494,-1.148032034466962,0.9393172930257992,3.4598880912803094,-0.1485806437677358,1.1455460675495424,0.7464727337516343,-1.8356490384730546,0.3171241828785748,-2.785098754612767,0.47937282828074035,-0.9177468909543511,0.07190236549339458,0.23750666015088684,0.698269765715959,0.06039712479117893,2.0640608393356135,-1.2678601563155723,-2.708106973541605,0.17292977130775872,0.848574776980807,0.7513932891977003,0.9107323699647789,0.0910412458061466,0.029568971135586097,0.5456441008840319,0.0,1.8576016370608943,0.8012491576391657,2.3261252460069852,2.423992831504114,,1.0535577312754945,1.2444433898261604,0.4250841955744385,-2.066850988332226,-0.4440200528415109,-0.4962998100878236,-0.931935970936901,-0.22814249677077675,1.3257500517489331
2026-07-31,deseasonalized,2026,7,131.316,-69530335559.52277,116044819625.17957,185815475607.78696,138341390669.67917,7859897699.830933,39799291526.12292,-36693577954.62485,-14360194113.27111,-761307286.671051,-324119763.2397003,284625166.4963856,8803510.1850698,1311256865.717229,1186893563.784615,-20948731034.68028,474545105.56275415,-69530335559.52277,-69124899173.38882,-761307286.671051,-25841329.72748339,160063669.3253355,-4537184692.115164,-188209961.89998865,12731027079.10881,-11152367616.692837,957846084.3179941,75414913395.706,3466509310.7753963,3374027842.959835,3808978299.6310587,-444606898.2946515,-11795739724.429684,1090451439.9861913,2570693074.2065983,16733983031.800125,-4375479762.180191,21418391983.36534,-95535838.03523088,6371575982.925455,-72029446.3818121,23641491.27056388,-212387458.1262563,-1286494568.0939958,5521956.713232756,-30909537.21644044,238296121.23714256,-1896232439.8273752,10590661020.820557,-2036399342.7603927,-2581903110.503414,-2157066205.7540436,116044819625.17957,115209197928.28821,789194874.7702789,-185815475607.78696,-184212227866.00153,-1611167539.850357,0.0,4984695407.854172,305796781.39652634,-2521482280.8679276,256497523.55608106,,22293144449.42009,59758970770.55762,1499264740.1937537,-9605855092.794981,-761538156.2985458,-2355193486.444565,-12709231140.547451,-3010541410.578251,-3.0517578125e-05
2026-07-31,raw,2026,7,131.316,334009875555.79,766317750177.27,432307874621.48,361205703544.08,42579476350.28,28522694727.12,173271094383.06,13568609811.21,102545000000.0,31218107227.96,4572674630.14,730789055.47,9623758231.84,3851792550.86,-8546441906.97,3174491572.22,334009875555.79,231464875555.79,102545000000.0,590739696.85,1001406225.15,14677270807.92,1296719566.98,86049198421.17,7106999883.2,4781004455.18,250586341833.77,12244244652.0,5737645684.56,5712221262.96,3288882554.77,3777820038.33,3946529508.78,14362300374.33,117573576107.24,19175297086.38,55163524980.71,937885672.92,12467001262.86,1465767668.18,21624386.19,-362768845.99,1061890739.95,2013851978.18,869853656.98,11850162619.38,95091633.07,151562273657.41,2392257674.68,-11343185594.16,-13785679472.66,766317750177.27,643209201668.63,123108548508.64,-432307874621.48,-411744326112.84,-20563548508.64,,126793042091.23,13333985950.96,58297596872.1,2013108644.84,,62163691283.96,129971174392.5,4939648699.36,-615952222.24,820437603.01,314112585.23,518597966.0,7678026317.59,60310705516.94
2026-07-31,real,2026,7,131.316,329762133527.56665,756572169724.0422,426810036196.4755,356612100899.1729,42037975501.145325,28159959796.157352,171067534058.19696,13396052176.308533,101240892732.03569,30821093619.026634,4514522031.581303,721495308.153337,9501368909.5398,3802807708.495503,-8437753262.900427,3134120247.1293216,329762133527.56665,228521240795.53098,101240892732.03569,583227015.2747197,988670927.1208144,14490613871.604343,1280228646.780964,84954875099.08163,7016617219.968222,4720202439.887494,247399531461.36752,12088529517.752533,5664677666.243761,5639576577.551189,3247056472.1413336,3729775935.0675554,3896339857.2549562,14179649047.567598,116078344207.85918,18931436885.534294,54461987569.29184,925958192.0815917,12308453240.463823,1447126893.2107608,21349379.907922413,-358155364.2147151,1048386235.2764148,1988240987.8699036,858791367.4862854,11699459189.680916,93882313.3585642,149634793403.61093,2361834342.285504,-11198929601.423033,-13610361272.902601,756572169724.0422,635029243652.9531,121542926071.08911,-426810036196.4755,-406508002857.4222,-20302033339.053436,,125180562421.63637,13164412124.936487,57556202169.42547,1987507107.8080857,,61373129856.22678,128318277097.15535,4876829139.459216,-608118902.5292197,810003757.9566423,310117885.2899005,512002740.717323,7580381674.512421,59543709277.23356
2026-07-31,zscore,2026,7,131.316,-0.10787441706769699,1.8221438922054534,1.653448102519813,1.0564138905030447,0.329648968826254,0.33388885967181636,-0.016543958420251144,-0.4887003311305765,0.75850480974939,0.6773552422432813,0.08222102397687088,1.5362636599183026,0.6117636352368766,1.420854570762652,-2.141256153943825,-1.015061077028418,-0.10787441706769699,-0.2383054658807395,0.75850480974939,1.0486291311407077,2.780997411610667,-0.24276839605038325,0.1767084831549525,2.1032515560178444,-0.1283723623137544,1.8110259679087493,2.9435124764546656,1.7221543618198587,0.46300180591979284,6.108006498667626,0.021853071854699133,-0.35426355225888007,1.454541848726102,2.468389226464989,1.5229819432525662,-0.1392335825278672,3.0154044513771323,0.6710452513186442,1.7587532683830924,0.25682772756842576,0.03518492719139204,-1.105196469755272,-0.314522419453591,0.4855746245255177,1.4309563397197995,1.922417855004003,-0.1649662881240665,2.0388036491118213,-0.020477402494213537,0.12523673770906046,-0.2918787915807969,1.8221438922054534,1.7147261071649667,1.3496087735319362,-1.653448102519813,-1.6088427874324458,-0.8737820958250571,0.0,1.8672102062042801,0.8440315759126837,1.3816377197740566,1.3120586414837174,,2.200266817751581,3.440396627069246,0.7292600987033868,-2.0399539325387215,-0.4525142107116112,-0.5019144752317245,-0.9337485854492044,-0.23703761389337547,-0.6317286553085594
2026-08-31,deseasonalized,2026,8,131.316,-16509553481.677551,-87671600427.97504,-71098825944.9403,75586528353.31549,-167747049878.47815,21318981168.74111,-5413983572.079529,-10930854710.625656,-1656398195.7619934,-562615634.1487923,-865049898.9127178,-21938391.633111954,-154623113.52822495,-872745334.506294,-1693021753.0530052,5538207032.153656,-16509553481.677551,-14924117095.543335,-1656398195.7619934,40770399.54524386,-59629586.73830116,-4864973781.8606205,-570052562.0363519,-7264163668.327545,22103166287.179893,557706174.5816312,-72771759832.98488,1519820983.2117615,-406913424.56743526,-2076226930.2780328,565966780.6144366,-6801548679.620607,-417244090.86835337,-1052528998.7115841,-8183241675.599915,-7405929350.898397,-1029583694.0892105,204035861.1738602,-6015506877.69272,151165956.6272788,69887253.12056385,-203359271.1835292,2183132903.87873,-417797256.1867676,-97806680.95280433,-308546774.1446743,2364295270.1862183,-2231535743.124939,-4591193762.196748,2938548988.378435,6283108501.864136,-87671600427.97504,-90639561281.41193,2775042833.8611755,71098825944.9403,75453559166.18036,-4460021022.48674,0.0,3499679579.4269104,-158539114.4034729,-3357791246.677017,217805733.96517253,,-19289870780.188995,-44222965620.5242,-75644926.03351784,-9482816364.740433,-751976892.2712692,-2430804975.9754653,-12652242638.120155,-3278077296.2964296,-2.288818359375e-05
2026-08-31,raw,2026,8,131.316,360032735841.42,526829688118.8,166796952277.38,369378490977.68,-146988406588.06,-55593132112.24,179040465653.06,1947625910.82,103747000000.0,31707034859.66,4356181978.49,724154886.55,8299097625.41,2027543571.24,12835527290.42,15348104065.77,360032735841.42,256285735841.42,103747000000.0,634396865.56,764897603.43,14045865522.9,1530849146.48,67923317481.69,8389289580.26,4487653816.16,97490091496.11,10698336621.38,4873428978.28,-845854859.83,4637051219.87,4051138755.42,2366824652.44,11599032359.22,97768569546.0,15184912530.49,35010243166.31,1195820979.33,-949203325.34,2044536488.01,72629015.3,-227320879.05,3853892068.6,1808774887.79,907142500.98,10599667790.96,170724121.34,141731587427.17,-211121308.99,-9252142955.49,-5525343173.98,526829688118.8,387917026138.26,138912661980.54,-166796952277.38,-131631290296.84,-35165661980.54,,127388975313.66,13439219739.98,56786830522.51,2132551607.38,,19432471761.79,22379094338.91,3972605611.85,-462399181.38,443760551.36,178526190.69,159887560.67000002,7591826701.3,58919382129.89
2026-08-31,real,2026,8,131.316,355454050312.9606,520129776614.045,164675726301.08444,364680951607.51385,-145119094097.5633,-54886131208.866135,176763533842.46103,1922857144.8579736,102427606399.8294,31303803355.38304,4300782606.714448,714945508.7092302,8193554561.088554,2001758459.266053,12672292569.78427,15152915864.86656,355454050312.9606,253026443913.13116,102427606399.8294,626328977.6751633,755170083.5715812,13867238429.2995,1511380703.3761768,67059508500.34406,8282599507.465867,4430582462.532207,96250269594.7537,10562281440.307587,4811451562.019013,-835097772.9866899,4578079917.536826,3999618744.7468796,2336724762.3308372,11451522657.128117,96525206123.85934,14991799703.980522,34565003392.87996,1180613228.2906663,-937131913.2248136,2018535270.070246,71705362.0090758,-224429945.21091333,3804880525.798193,1785771947.838971,895605993.8016164,10464867422.300404,168552951.92699775,139929128084.79456,-208436391.79778197,-9134479618.686651,-5455075094.686184,520129776614.045,382983724532.58435,137146052081.46065,-164675726301.08444,-129957280619.45319,-34718445681.63124,,125768916914.27368,13268307612.244104,56064648861.68731,2105431064.6866143,,19185340964.003063,22094490120.49046,3922084339.714163,-456518659.3346696,438117064.49799377,176255799.12726352,157854204.29058772,7495278294.470892,58170079926.37392
2026-08-31,zscore,2026,8,131.316,0.08455945918286534,0.27035261285810164,0.16890605919740725,1.0966307217919253,-0.9573348670713827,-0.5293237006653523,0.0446014276412566,-0.857790690231579,0.820576375857104,0.7617315086678682,0.031742302315940434,1.490393955831357,0.19770218527761302,-0.195317005345534,0.7266094616621888,1.7755173287833386,0.08455945918286534,-0.03597096695283179,0.820576375857104,1.45007880332059,0.4653217149955375,-0.3634357886942188,0.47353405621096056,0.6245828313184637,-0.10416993499329037,1.5243528212801984,-0.6719633530213948,1.2325661729531336,0.26925312719799227,-2.938576743235168,1.4889169737378436,-0.3400094338738281,-0.23337300108658024,1.3033003606241462,0.9557397572274002,-0.2122460275858168,1.1781473989974007,1.3933115584418725,-1.510716766272382,0.6304760632341052,0.4827142529699986,-0.6090003407813955,0.5587412701966601,-0.10820846857876576,1.7038178814230258,0.9552464852957167,-0.1633668920549778,1.5863325084525177,-0.350125977106297,0.22680428365244265,0.5455636274662331,0.27035261285810164,-0.04600270607607024,2.0054927027934792,-0.16890605919740725,0.01273780736306971,-1.5889337586136465,0.0,1.8966251681917135,0.9303515678629106,1.2375557546057392,1.637833149700959,,-0.8560295661457091,-0.9995327390606523,0.37674813263607476,-1.9920141296810723,-0.49305117238154195,-0.5243909890127645,-0.9581495179717286,-0.2688197350537763,-0.8958607947817239
